workload_id,family,n,gate_count,depth,system,repetition,input_hash,m,t,threads,io_mode,load_average,available_memory_before,wall_time_s,user_cpu_s,system_cpu_s,peak_rss_bytes,algorithmic_read_bytes,algorithmic_write_bytes,file_read_bytes,file_write_bytes,compute_unit_count,state_traversals,sync_time_s,initial_q_physical,final_q_physical,peak_q_physical,materialization_event_count,logical_activation_event_count,materialized_dimensions_total,fused_materialization_count,materialization_bytes_read,materialization_bytes_written,time_spent_materializing,proc_rchar,proc_wchar,proc_syscr,proc_syscw,proc_read_bytes,proc_write_bytes,proc_cancelled_write_bytes,device_read_bytes,device_write_bytes
cdkm_basis_20,cdkm_basis,20,308,219,QDAO,0,ad6cef6d262fd64ccfa24c1362dd510b885034cbac839ce595ab03ba836d9755,16,12,1,buffered_npy,"[0.76953125, 0.6787109375, 0.58544921875]",14133534720,3.3629866850096732,2.855582,0.191566,210952192,50331648,67108864,50429952,67239936,48,3,0.31712576298741624,20,20,20,0,0,0,0,0,0,0.0,53702246,67239936,3853,2048,53248,71303168,17825792,53248,53780480
cdkm_basis_20,cdkm_basis,20,308,219,QDAO,1,ad6cef6d262fd64ccfa24c1362dd510b885034cbac839ce595ab03ba836d9755,16,12,1,buffered_npy,"[0.76953125, 0.6787109375, 0.58544921875]",14152798208,3.3337516960164066,2.858966,0.13541699999999998,212131840,50331648,67108864,50429952,67239936,48,3,0.34286217199405655,20,20,20,0,0,0,0,0,0,0.0,53702246,67239936,3853,2048,0,71303168,17825792,8192,53760000
cdkm_basis_20,cdkm_basis,20,308,219,QDAO,2,ad6cef6d262fd64ccfa24c1362dd510b885034cbac839ce595ab03ba836d9755,16,12,1,buffered_npy,"[0.7880859375, 0.68408203125, 0.587890625]",14165598208,3.322547661024146,2.865654,0.14717999999999998,211087360,50331648,67108864,50429952,67239936,48,3,0.3151946229918394,20,20,20,0,0,0,0,0,0,0.0,53702246,67239936,3853,2048,0,71303168,17825792,0,53760000
cdkm_basis_20,cdkm_basis,20,308,219,QThin,0,ad6cef6d262fd64ccfa24c1362dd510b885034cbac839ce595ab03ba836d9755,16,12,1,buffered_npy,"[0.662109375, 0.65625, 0.57763671875]",14163054592,0.09262474998831749,0.08527600000000002,0.0002520000000000022,156471296,0,16,0,144,0,0,0.00723899100557901,0,0,0,0,0,0,0,0,0,0.0,429,144,6,2,0,4096,0,0,102400
cdkm_basis_20,cdkm_basis,20,308,219,QThin,1,ad6cef6d262fd64ccfa24c1362dd510b885034cbac839ce595ab03ba836d9755,16,12,1,buffered_npy,"[0.7880859375, 0.68408203125, 0.587890625]",14167351296,0.09197303399560042,0.082038,0.0037519999999999984,156258304,0,16,0,144,0,0,0.006306417984887958,0,0,0,0,0,0,0,0,0,0.0,426,144,6,2,0,4096,0,0,278528
cdkm_basis_20,cdkm_basis,20,308,219,QThin,2,ad6cef6d262fd64ccfa24c1362dd510b885034cbac839ce595ab03ba836d9755,16,12,1,buffered_npy,"[0.7880859375, 0.68408203125, 0.587890625]",14165590016,0.0917702300066594,0.08485599999999999,0.0,156254208,0,16,0,144,0,0,0.007098229980329052,0,0,0,0,0,0,0,0,0,0.0,426,144,6,2,0,4096,0,0,86016
cdkm_superposed_20,cdkm_superposed,20,317,220,QDAO,0,e1db4372855039db1057c94931b87ee9cd4be44395e7e608426e056dc76ff400,16,12,1,buffered_npy,"[0.82080078125, 0.69482421875, 0.5927734375]",14152556544,3.350442855997244,2.8830560000000003,0.127652,212140032,50331648,67108864,50429952,67239936,48,3,0.34523874399019405,20,20,20,0,0,0,0,0,0,0.0,53702246,67239936,3853,2048,0,71303168,17825792,0,53800960
cdkm_superposed_20,cdkm_superposed,20,317,220,QDAO,1,e1db4372855039db1057c94931b87ee9cd4be44395e7e608426e056dc76ff400,16,12,1,buffered_npy,"[0.83544921875, 0.7001953125, 0.59521484375]",14161825792,3.3504533839877695,2.8417019999999997,0.18681399999999998,212090880,50331648,67108864,50429952,67239936,48,3,0.327183844987303,20,20,20,0,0,0,0,0,0,0.0,53702246,67239936,3853,2048,0,71303168,17825792,0,53760000
cdkm_superposed_20,cdkm_superposed,20,317,220,QDAO,2,e1db4372855039db1057c94931b87ee9cd4be44395e7e608426e056dc76ff400,16,12,1,buffered_npy,"[0.8486328125, 0.70556640625, 0.59765625]",14158413824,3.3388003500003833,2.866747,0.152146,212185088,50331648,67108864,50429952,67239936,48,3,0.3247619659814518,20,20,20,0,0,0,0,0,0,0.0,53702246,67239936,3853,2048,0,71303168,17825792,102400,55955456
cdkm_superposed_20,cdkm_superposed,20,317,220,QThin,0,e1db4372855039db1057c94931b87ee9cd4be44395e7e608426e056dc76ff400,16,12,1,buffered_npy,"[0.80517578125, 0.689453125, 0.59033203125]",14171430912,2.4166960430156905,1.911284,0.11221400000000001,226451456,16908304,33685520,16943248,33753232,33,3,0.4001248060085345,0,20,20,2,11,20,2,131088,16908288,1.1044145119958557,18120709,33753232,1375,1058,0,35852288,17825792,135168,19251200
cdkm_superposed_20,cdkm_superposed,20,317,220,QThin,1,e1db4372855039db1057c94931b87ee9cd4be44395e7e608426e056dc76ff400,16,12,1,buffered_npy,"[0.83544921875, 0.7001953125, 0.59521484375]",14158618624,2.394479832990328,1.950445,0.06442600000000001,226394112,16908304,33685520,16943248,33753232,33,3,0.385762927995529,0,20,20,2,11,20,2,131088,16908288,1.1014867210178636,18120709,33753232,1375,1058,0,35852288,17825792,0,19001344
cdkm_superposed_20,cdkm_superposed,20,317,220,QThin,2,e1db4372855039db1057c94931b87ee9cd4be44395e7e608426e056dc76ff400,16,12,1,buffered_npy,"[0.8486328125, 0.70556640625, 0.59765625]",14156378112,2.3799114749999717,1.9387360000000002,0.080365,226668544,16908304,33685520,16943248,33753232,33,3,0.3674771680380218,0,20,20,2,11,20,2,131088,16908288,1.079343905003043,18120709,33753232,1375,1058,0,35852288,17825792,0,19001344
comparator_20,comparator,20,348,198,QDAO,0,54afcb76bd5d4971cb88ced3cbeed57fa5a2f64d85bbd95421c1dbd3d44c4b8a,16,12,1,buffered_npy,"[0.94091796875, 0.7275390625, 0.60546875]",14157983744,5.706345744983992,5.19973,0.21555999999999997,243163136,100663296,117440512,100859904,117669888,96,6,0.29401114900247194,20,20,20,0,0,0,0,0,0,0.0,107376230,117669888,7693,3584,0,124780544,17825792,0,107474944
comparator_20,comparator,20,348,198,QDAO,1,54afcb76bd5d4971cb88ced3cbeed57fa5a2f64d85bbd95421c1dbd3d44c4b8a,16,12,1,buffered_npy,"[1.03857421875, 0.7626953125, 0.62060546875]",14185619456,5.718973702983931,5.1406849999999995,0.25670899999999996,243810304,100663296,117440512,100859904,117669888,96,6,0.3268337159825023,20,20,20,0,0,0,0,0,0,0.0,107376229,117669888,7692,3584,0,124780544,17825792,0,107663360
comparator_20,comparator,20,348,198,QDAO,2,54afcb76bd5d4971cb88ced3cbeed57fa5a2f64d85bbd95421c1dbd3d44c4b8a,16,12,1,buffered_npy,"[1.0322265625, 0.77099609375, 0.62548828125]",14180020224,5.770152084995061,5.22396,0.252376,244166656,100663296,117440512,100859904,117669888,96,6,0.2969095919979736,20,20,20,0,0,0,0,0,0,0.0,107376229,117669888,7692,3584,0,124780544,17825792,0,107634688
comparator_20,comparator,20,348,198,QThin,0,54afcb76bd5d4971cb88ced3cbeed57fa5a2f64d85bbd95421c1dbd3d44c4b8a,16,12,1,buffered_npy,"[0.9501953125, 0.7373046875, 0.6103515625]",14137368576,4.826643818989396,3.431116,0.18415199999999998,224980992,51396624,68173840,51513488,68323472,66,6,1.2111529480316676,0,20,20,3,10,20,3,1064976,17842176,1.8923591139900964,55347206,68323472,4544,2338,8192,72945664,17825792,368640,58920960
comparator_20,comparator,20,348,198,QThin,1,54afcb76bd5d4971cb88ced3cbeed57fa5a2f64d85bbd95421c1dbd3d44c4b8a,16,12,1,buffered_npy,"[0.95458984375, 0.74169921875, 0.61279296875]",14171156480,4.723776617000112,3.363836,0.172574,230481920,51396624,68173840,51513488,68323472,66,6,1.203053031960735,0,20,20,3,10,20,3,1064976,17842176,1.8884207749797497,55347206,68323472,4544,2338,0,72945664,17825792,0,58912768
comparator_20,comparator,20,348,198,QThin,2,54afcb76bd5d4971cb88ced3cbeed57fa5a2f64d85bbd95421c1dbd3d44c4b8a,16,12,1,buffered_npy,"[1.03515625, 0.76708984375, 0.623046875]",14179569664,4.663773556007072,3.361487,0.182485,226938880,51396624,68173840,51513488,68323472,66,6,1.1404968079878017,0,20,20,3,10,20,3,1064976,17842176,1.8298034330364317,55347206,68323472,4544,2338,0,72945664,17825792,167936,58880000
grover_oracle_20,grover_oracle,20,5884,4623,QDAO,0,4d74830c516953b381e45a641d9dde8a8aed81541a41a395fc5053144cff6e49,16,12,1,buffered_npy,"[1.1083984375, 1.03466796875, 0.79052734375]",14112096256,90.27577500700136,85.736671,4.183395,419815424,1610612736,1627389952,1613758464,1630568448,1536,96,0.3133665649802424,20,20,20,0,0,0,0,0,0,0.0,1717595750,1630568448,122893,49664,4096,1729101824,17825792,4096,1719296000
grover_oracle_20,grover_oracle,20,5884,4623,QThin,0,4d74830c516953b381e45a641d9dde8a8aed81541a41a395fc5053144cff6e49,16,12,1,buffered_npy,"[1.25390625, 1.0302734375, 0.7646484375]",14092849152,65.20728922699345,61.51201,2.997985,390746112,1163921424,1180698640,1166381200,1183191184,1133,95,0.6774687449797057,0,20,20,4,19,20,4,8914960,25692160,1.7912415470054839,1247516678,1183191184,94528,38946,0,1260457984,27787264,40960,1239433216
grover_oracle_20,grover_oracle,20,5884,4623,QThin,1,4d74830c516953b381e45a641d9dde8a8aed81541a41a395fc5053144cff6e49,16,12,1,buffered_npy,"[1.05615234375, 1.03515625, 0.8212890625]",14105235456,66.00726839702111,62.288535,2.972203,394051584,1163921424,1180698640,1166381200,1183191184,1133,95,0.7232150850177277,0,20,20,4,19,20,4,8914960,25692160,1.8648195089481305,1247516678,1183191184,94528,38946,0,1260457984,27787264,1314816,1239691264
hea_20,hea,20,236,33,QDAO,0,762500c4125ecf024ca71498ec91a2078f24637fd9cf1834ff1bd7601abdf0f2,16,12,1,buffered_npy,"[1.45849609375, 1.037109375, 0.75439453125]",14049239040,7.0037553799920715,6.315847,0.352558,249524224,134217728,150994944,134479872,151289856,128,8,0.3378168450144585,20,20,20,0,0,0,0,0,0,0.0,143158886,151289856,10253,4608,0,160432128,17825792,0,143478784
hea_20,hea,20,236,33,QDAO,1,762500c4125ecf024ca71498ec91a2078f24637fd9cf1834ff1bd7601abdf0f2,16,12,1,buffered_npy,"[1.35595703125, 1.0341796875, 0.7587890625]",14091804672,6.988454812002601,6.287044,0.37657599999999997,249884672,134217728,150994944,134479872,151289856,128,8,0.3276997850043699,20,20,20,0,0,0,0,0,0,0.0,143158885,151289856,10252,4608,0,160432128,17825792,0,143147008
hea_20,hea,20,236,33,QDAO,2,762500c4125ecf024ca71498ec91a2078f24637fd9cf1834ff1bd7601abdf0f2,16,12,1,buffered_npy,"[1.30078125, 1.0322265625, 0.76171875]",14080761856,6.934215201996267,6.259010999999999,0.34352799999999994,250302464,134217728,150994944,134479872,151289856,128,8,0.33227223600260913,20,20,20,0,0,0,0,0,0,0.0,143158886,151289856,10253,4608,0,160432128,17825792,0,143183872
hea_20,hea,20,236,33,QThin,0,762500c4125ecf024ca71498ec91a2078f24637fd9cf1834ff1bd7601abdf0f2,16,12,1,buffered_npy,"[1.42138671875, 1.0361328125, 0.755859375]",14043312128,4.748032858013175,3.200772,0.154666,243970048,53477392,70254608,53581968,70391952,67,8,1.43717848698725,0,20,20,5,19,20,5,15728656,32505856,2.6328435110335704,57057286,70391952,4096,2146,0,74649600,22282240,0,57589760
hea_20,hea,20,236,33,QThin,1,762500c4125ecf024ca71498ec91a2078f24637fd9cf1834ff1bd7601abdf0f2,16,12,1,buffered_npy,"[1.38720703125, 1.03515625, 0.75732421875]",14070898688,4.757111659011571,3.078557,0.27490699999999996,243724288,53477392,70254608,53581968,70391952,67,8,1.4534977789735422,0,20,20,5,19,20,5,15728656,32505856,2.6517334409873,57057285,70391952,4095,2146,0,74649600,22282240,0,57614336
hea_20,hea,20,236,33,QThin,2,762500c4125ecf024ca71498ec91a2078f24637fd9cf1834ff1bd7601abdf0f2,16,12,1,buffered_npy,"[1.2763671875, 1.03125, 0.76318359375]",14089850880,4.838585785997566,3.245627,0.173483,242917376,53477392,70254608,53581968,70391952,67,8,1.4544207050348632,0,20,20,5,19,20,5,15728656,32505856,2.730103491980117,57057285,70391952,4095,2146,0,74649600,22282240,0,58691584
qaoa_20,qaoa,20,260,184,QDAO,0,978499d77c25807c00c69f5f4a80f8f77ccba074896d681ddd24fb7e818836ae,16,12,1,buffered_npy,"[1.412109375, 0.966796875, 0.71826171875]",14092824576,7.16383944399422,6.486015,0.40778499999999995,248262656,134217728,150994944,134479872,151289856,128,8,0.27365872799418867,20,20,20,0,0,0,0,0,0,0.0,143158886,151289856,10253,4608,0,160432128,17825792,17936384,182681600
qaoa_20,qaoa,20,260,184,QDAO,1,978499d77c25807c00c69f5f4a80f8f77ccba074896d681ddd24fb7e818836ae,16,12,1,buffered_npy,"[1.400390625, 0.986328125, 0.7294921875]",13811990528,7.089845162990969,6.467229,0.344376,252719104,134217728,150994944,134479872,151289856,128,8,0.27530908898916095,20,20,20,0,0,0,0,0,0,0.0,143158886,151289856,10253,4608,0,160432128,17825792,0,143368192
qaoa_20,qaoa,20,260,184,QDAO,2,978499d77c25807c00c69f5f4a80f8f77ccba074896d681ddd24fb7e818836ae,16,12,1,buffered_npy,"[1.3916015625, 1.00439453125, 0.7392578125]",13992779776,7.048573078005575,6.394888,0.316818,252366848,134217728,150994944,134479872,151289856,128,8,0.339284838992171,20,20,20,0,0,0,0,0,0,0.0,143158886,151289856,10253,4608,0,160432128,17825792,0,143167488
qaoa_20,qaoa,20,260,184,QThin,0,978499d77c25807c00c69f5f4a80f8f77ccba074896d681ddd24fb7e818836ae,16,12,1,buffered_npy,"[1.37890625, 0.9677734375, 0.72021484375]",13712990208,6.659946781001054,5.22483,0.29436999999999997,256569344,93323280,110100496,93505680,110315664,105,8,1.1754935239732731,0,20,20,3,19,20,3,9437200,26214400,2.198149976989953,99549190,110315664,7136,3362,176128,116985856,17825792,200704,153190400
qaoa_20,qaoa,20,260,184,QThin,1,978499d77c25807c00c69f5f4a80f8f77ccba074896d681ddd24fb7e818836ae,16,12,1,buffered_npy,"[1.3681640625, 0.98681640625, 0.73095703125]",13865009152,6.664421843015589,5.264982,0.22880299999999998,253739008,93323280,110100496,93505680,110315664,105,8,1.2070829800213687,0,20,20,3,19,20,3,9437200,26214400,2.2288806099968497,99549190,110315664,7136,3362,0,116985856,17825792,0,104001536
qaoa_20,qaoa,20,260,184,QThin,2,978499d77c25807c00c69f5f4a80f8f77ccba074896d681ddd24fb7e818836ae,16,12,1,buffered_npy,"[1.35986328125, 1.00390625, 0.74072265625]",14041444352,6.839550261996919,5.38715,0.26546,253693952,93323280,110100496,93505680,110315664,105,8,1.2220951819908805,0,20,20,3,19,20,3,9437200,26214400,2.2036719850148074,99549190,110315664,7136,3362,0,116985856,17825792,0,103620608
qft_20,qft,20,1000,154,QDAO,0,25b12227c93736b616af32d6e647ceace65de3dc9b5cbabb7e32aa918163edea,16,12,1,buffered_npy,"[1.02197265625, 0.78662109375, 0.63525390625]",14159241216,30.448371089994907,28.69502,1.4282369999999998,308072448,620756992,637534208,621969408,638779392,592,37,0.31431183899985626,20,20,20,0,0,0,0,0,0,0.0,662007398,638779392,47373,19456,0,677380096,17825792,184320,661839872
qft_20,qft,20,1000,154,QDAO,1,25b12227c93736b616af32d6e647ceace65de3dc9b5cbabb7e32aa918163edea,16,12,1,buffered_npy,"[1.08056640625, 0.82470703125, 0.65283203125]",14147809280,30.384332649991848,28.682816000000003,1.389111,306184192,620756992,637534208,621969408,638779392,592,37,0.3055431300017517,20,20,20,0,0,0,0,0,0,0.0,662007398,638779392,47373,19456,4096,677380096,17825792,745472,662396928
qft_20,qft,20,1000,154,QDAO,2,25b12227c93736b616af32d6e647ceace65de3dc9b5cbabb7e32aa918163edea,16,12,1,buffered_npy,"[1.0390625, 0.84814453125, 0.66845703125]",14155423744,30.25944590198924,28.567781999999998,1.355846,308068352,620756992,637534208,621969408,638779392,592,37,0.32545664301142097,20,20,20,0,0,0,0,0,0,0.0,662007398,638779392,47373,19456,0,677380096,17825792,26714112,666062848
qft_20,qft,20,1000,154,QThin,0,25b12227c93736b616af32d6e647ceace65de3dc9b5cbabb7e32aa918163edea,16,12,1,buffered_npy,"[1.029296875, 0.77490234375, 0.6279296875]",14159155200,11.003311439009849,6.479716,0.583931,261632000,100666640,117443856,101676432,118486416,134,37,4.049786747957114,0,20,20,17,19,20,17,16776976,33554176,5.685289309069049,118014470,118486416,29312,16290,8192,148705280,47054848,8192,106819584
qft_20,qft,20,1000,154,QThin,1,25b12227c93736b616af32d6e647ceace65de3dc9b5cbabb7e32aa918163edea,16,12,1,buffered_npy,"[1.046875, 0.84228515625, 0.66455078125]",14156865536,10.804313443019055,6.2685770000000005,0.554734,258981888,100666640,117443856,101676432,118486416,134,37,4.062976976973005,0,20,20,17,19,20,17,16776976,33554176,5.70073266903637,118014470,118486416,29312,16290,8192,148705280,47054848,8192,106385408
qft_20,qft,20,1000,154,QThin,2,25b12227c93736b616af32d6e647ceace65de3dc9b5cbabb7e32aa918163edea,16,12,1,buffered_npy,"[1.1494140625, 0.89599609375, 0.69091796875]",14079225856,10.811200347990962,6.168576,0.572611,257859584,100666640,117443856,101676432,118486416,134,37,4.141659440007061,0,20,20,17,19,20,17,16776976,33554176,5.712655817013001,118014470,118486416,29312,16290,0,148705280,47054848,0,105361408
