,count,mean,std,min,25%,50%,75%,max,variance
n_variables,3000.0,4.515333333333333,0.49984814855389814,4.0,4.0,5.0,5.0,5.0,0.24984817161275982
n_clauses,3000.0,17.616666666666667,8.385254501399464,4.0,10.0,17.0,24.0,35.0,70.31249305323998
clause_variable_ratio,3000.0,3.8868666666666667,1.7563316170753749,1.0,2.3625,4.0,5.4,7.0,3.0847007491386016
total_literals,3000.0,45.11666666666667,23.281460385639864,8.0,26.0,42.0,63.0,105.0,542.0263976881182
mean_clause_width,3000.0,2.547638913622068,0.4159335380908008,2.0,2.0,2.6291005291005294,3.0,3.0,0.17300070810873164
std_clause_width,3000.0,0.15845080391186384,0.22292913951069485,0.0,0.0,0.0,0.458257569495584,0.5,0.04969740124297885
min_clause_width,3000.0,2.341,0.4741243837965274,2.0,2.0,2.0,3.0,3.0,0.22479393131043682
max_clause_width,3000.0,2.6786666666666665,0.46706631135413335,2.0,2.0,3.0,3.0,3.0,0.21815093920195622
binary_fraction,3000.0,0.4523610863779322,0.4159335380908008,0.0,0.0,0.37089947089947084,1.0,1.0,0.17300070810873164
ternary_fraction,3000.0,0.5476389136220677,0.4159335380908008,0.0,0.0,0.6291005291005292,1.0,1.0,0.17300070810873164
positive_literal_fraction,3000.0,0.49952023053931666,0.07451404599618511,0.1333333333333333,0.4615384615384615,0.5,0.5384615384615384,0.8888888888888888,0.00555234305072159
positive_occurrence_std,3000.0,1.1847958912088519,0.5715695584044465,0.0,0.8,1.095445115010332,1.4966629547095764,4.223742416388575,0.3266917600946539
negative_occurrence_std,3000.0,1.1837521014567816,0.5697031240156214,0.0,0.7999999999999999,1.095445115010332,1.483430698008572,3.832427429188973,0.32456164951315847
pair_edge_density,3000.0,0.9521444444444445,0.11050821073038071,0.4,1.0,1.0,1.0,1.0,0.01221206463883023
pair_cooccurrence_mean,3000.0,4.769977777777778,3.1412400859236245,0.5,2.3,3.6666666666666665,7.0,14.0,9.86738927741346
pair_cooccurrence_std,3000.0,1.2326210211690132,0.5590719606423695,0.0,0.816496580927726,1.1055415967851334,1.5620499351813308,3.6551333764994136,0.3125614571765032
pair_cooccurrence_max,3000.0,6.660333333333333,3.6474732682552227,1.0,4.0,6.0,10.0,16.0,13.304061242636434
occurrence_mean,3000.0,9.9555,4.9423223556093125,2.0,5.8,9.6,13.6,21.0,24.426550266755584
occurrence_std,3000.0,1.3754439468781499,0.662579771031824,0.0,0.8660254037844386,1.2649110640673518,1.7204650534085253,4.874423042781576,0.4390119529805842
occurrence_min,3000.0,8.120333333333333,4.751776476447126,1.0,4.0,8.0,11.0,21.0,22.57937968211626
occurrence_max,3000.0,11.769,5.316238626232242,2.0,7.0,11.0,16.0,26.0,28.26239313104368
polarity_balance_mean,3000.0,-0.0005998936342532044,0.15991970231037236,-0.7333333333333333,-0.0833333333333333,0.0,0.08052849927849925,0.75,0.025574311187038113
polarity_balance_std,3000.0,0.2521722302884127,0.15930868191506922,0.0,0.13747647947486275,0.21008097000815007,0.3247448205086507,1.0,0.0253792561335167
polarity_balance_min,3000.0,-0.33631521817951615,0.281833880480657,-1.0,-0.4545454545454545,-0.2727272727272727,-0.1428571428571428,0.3333333333333333,0.07943033618678524
polarity_balance_max,3000.0,0.33620576916019573,0.27603666363197477,-0.3333333333333333,0.1428571428571428,0.2727272727272727,0.4545454545454545,1.0,0.07619623966907199
degree_mean,3000.0,3.3428000000000004,0.5988664628669585,1.5,3.0,3.0,4.0,4.0,0.35864104034678224
degree_std,3000.0,0.12030478337923516,0.2478855411473447,0.0,0.0,0.0,0.0,1.095445115010332,0.06144724150991193
degree_min,3000.0,3.193,0.7928601447100805,1.0,3.0,3.0,4.0,4.0,0.6286272090696898
degree_max,3000.0,3.4793333333333334,0.525672584515234,2.0,3.0,3.0,4.0,4.0,0.27633166611092586
mean_clause_variable_overlap,3000.0,1.4641324605745096,0.5006518162776663,0.5,0.9526315789473684,1.5195238095238095,1.79064039408867,2.6,0.2506522411421261
