old_q,batch_size,read_bytes,write_bytes,insertion_read_bytes,insertion_write_bytes,implicit_zero_bytes,standalone_expand_then_gate_bytes,standalone_fused_bytes,fusion_reduction
8,1,4096,8192,0,0,0,28672,12288,2.3333333333333335
8,2,4096,16384,0,0,0,53248,20480,2.6
8,3,4096,32768,0,0,0,102400,36864,2.7777777777777777
8,4,4096,65536,0,0,0,200704,69632,2.8823529411764706
8,5,4096,131072,0,0,0,397312,135168,2.9393939393939394
8,6,4096,262144,0,0,0,790528,266240,2.9692307692307693
8,7,4096,524288,0,0,0,1576960,528384,2.9844961240310077
8,8,4096,1048576,0,0,0,3149824,1052672,2.992217898832685
16,1,1048576,2097152,0,0,0,7340032,3145728,2.3333333333333335
16,2,1048576,4194304,0,0,0,13631488,5242880,2.6
16,3,1048576,8388608,0,0,0,26214400,9437184,2.7777777777777777
16,4,1048576,16777216,0,0,0,51380224,17825792,2.8823529411764706
16,5,1048576,33554432,0,0,0,101711872,34603008,2.9393939393939394
16,6,1048576,67108864,0,0,0,202375168,68157440,2.9692307692307693
16,7,1048576,134217728,0,0,0,403701760,135266304,2.9844961240310077
16,8,1048576,268435456,0,0,0,806354944,269484032,2.992217898832685
24,1,268435456,536870912,0,0,0,1879048192,805306368,2.3333333333333335
24,2,268435456,1073741824,0,0,0,3489660928,1342177280,2.6
24,3,268435456,2147483648,0,0,0,6710886400,2415919104,2.7777777777777777
24,4,268435456,4294967296,0,0,0,13153337344,4563402752,2.8823529411764706
24,5,268435456,8589934592,0,0,0,26038239232,8858370048,2.9393939393939394
24,6,268435456,17179869184,0,0,0,51808043008,17448304640,2.9692307692307693
24,7,268435456,34359738368,0,0,0,103347650560,34628173824,2.9844961240310077
24,8,268435456,68719476736,0,0,0,206426865664,68987912192,2.992217898832685
