source,family,representation,policy,count,median
generated,arithmetic,lowered,BASIS_REWRITE,68,2.8533656623606554
generated,arithmetic,lowered,BASIS_THIN,68,2.8533656623606554
generated,arithmetic,lowered,EAGER_FULL,68,1.0
generated,arithmetic,lowered,PRODUCT_FUSED,68,37.902478674228185
generated,arithmetic,semantic,BASIS_REWRITE,68,9.628910404316255
generated,arithmetic,semantic,BASIS_THIN,68,9.628910404316255
generated,arithmetic,semantic,EAGER_FULL,68,1.0
generated,arithmetic,semantic,PRODUCT_FUSED,68,37.902487013012106
generated,grover_oracle,lowered,BASIS_REWRITE,3,0.5000610426077402
generated,grover_oracle,lowered,BASIS_THIN,3,0.5000610426077402
generated,grover_oracle,lowered,EAGER_FULL,3,1.0
generated,grover_oracle,lowered,PRODUCT_FUSED,3,0.9997559189650964
generated,grover_oracle,semantic,BASIS_REWRITE,3,0.5000610426077402
generated,grover_oracle,semantic,BASIS_THIN,3,0.5000610426077402
generated,grover_oracle,semantic,EAGER_FULL,3,1.0
generated,grover_oracle,semantic,PRODUCT_FUSED,3,0.9997559189650964
generated,hea,lowered,BASIS_REWRITE,8,0.9838740650102185
generated,hea,lowered,BASIS_THIN,8,0.9838740650102185
generated,hea,lowered,EAGER_FULL,8,1.0
generated,hea,lowered,PRODUCT_FUSED,8,0.9838745430731022
generated,hea,semantic,BASIS_REWRITE,8,0.9970249911406196
generated,hea,semantic,BASIS_THIN,8,0.9970249911406196
generated,hea,semantic,EAGER_FULL,8,1.0
generated,hea,semantic,PRODUCT_FUSED,8,1.121193985110974
generated,qaoa,lowered,BASIS_REWRITE,8,0.9934369394097714
generated,qaoa,lowered,BASIS_THIN,8,0.9934369394097714
generated,qaoa,lowered,EAGER_FULL,8,1.0
generated,qaoa,lowered,PRODUCT_FUSED,8,0.9934371373666679
generated,qaoa,semantic,BASIS_REWRITE,8,0.9967317520610133
generated,qaoa,semantic,BASIS_THIN,8,0.9967317520610133
generated,qaoa,semantic,EAGER_FULL,8,1.0
generated,qaoa,semantic,PRODUCT_FUSED,8,1.1386242471279702
generated,qft,lowered,BASIS_REWRITE,8,2.983779845232685
generated,qft,lowered,BASIS_THIN,8,2.983779845232685
generated,qft,lowered,EAGER_FULL,8,1.0
generated,qft,lowered,PRODUCT_FUSED,8,8912896.0
generated,qft,semantic,BASIS_REWRITE,8,2.874956610365291
generated,qft,semantic,BASIS_THIN,8,2.874956610365291
generated,qft,semantic,EAGER_FULL,8,1.0
generated,qft,semantic,PRODUCT_FUSED,8,8912896.0
generated,random,lowered,BASIS_REWRITE,8,1.0083643664014592
generated,random,lowered,BASIS_THIN,8,1.0083643664014592
generated,random,lowered,EAGER_FULL,8,1.0
generated,random,lowered,PRODUCT_FUSED,8,2.606906189043003
generated,random,semantic,BASIS_REWRITE,8,1.4249832653331906
generated,random,semantic,BASIS_THIN,8,1.4249832653331906
generated,random,semantic,EAGER_FULL,8,1.0
generated,random,semantic,PRODUCT_FUSED,8,2.4408112791385985
synthetic_control,synthetic_staged,lowered,BASIS_REWRITE,1,15.42673281279228
synthetic_control,synthetic_staged,lowered,BASIS_THIN,1,15.42673281279228
synthetic_control,synthetic_staged,lowered,EAGER_FULL,1,1.0
synthetic_control,synthetic_staged,lowered,PRODUCT_FUSED,1,1099511627776.0
synthetic_control,synthetic_staged,semantic,BASIS_REWRITE,1,1.5675339496144616
synthetic_control,synthetic_staged,semantic,BASIS_THIN,1,1.5675339496144616
synthetic_control,synthetic_staged,semantic,EAGER_FULL,1,1.0
synthetic_control,synthetic_staged,semantic,PRODUCT_FUSED,1,1099511627776.0
