m,policy,count,median
16,BASIS_REWRITE,86,1.4890354567855826
16,BASIS_THIN,86,1.4890354567855826
16,EAGER_FULL,86,1.0
16,PRODUCT_FUSED,86,5.243420987783236
18,BASIS_REWRITE,86,1.3716785034113648
18,BASIS_THIN,86,1.3716785034113648
18,EAGER_FULL,86,1.0
18,PRODUCT_FUSED,86,4.853558604523858
20,BASIS_REWRITE,86,1.1953307401867364
20,BASIS_THIN,86,1.1953307401867364
20,EAGER_FULL,86,1.0
20,PRODUCT_FUSED,86,4.7044900791884015
22,BASIS_REWRITE,86,1.0782420742364744
22,BASIS_THIN,86,1.0782420742364744
22,EAGER_FULL,86,1.0
22,PRODUCT_FUSED,86,4.694155243430428
24,BASIS_REWRITE,86,0.999511957081296
24,BASIS_THIN,86,0.999511957081296
24,EAGER_FULL,86,1.0
24,PRODUCT_FUSED,86,4.582565724444494
