q,policy,wall_seconds,peak_rss_bytes,rss_before_kernel,logical_output_bytes,bytes_allocated_for_outputs,algorithmic_kernel_bytes,implementation_copy_volume_estimate,norm,repetition
18,naive,0.007764038018649444,156254208,139513856,8388608,16777216,29360128,41943040,1.0000000000004077,0
18,fused,0.0036638759775087237,148004864,139517952,8388608,8388608,12582912,16777216,1.0000000000004077,0
18,fused,0.0031585459946654737,147976192,139554816,8388608,8388608,12582912,16777216,1.0000000000004077,1
18,naive,0.007370614999672398,156155904,139423744,8388608,16777216,29360128,41943040,1.0000000000004077,1
18,naive,0.005694769002730027,156102656,139444224,8388608,16777216,29360128,41943040,1.0000000000004077,2
18,fused,0.001662456983467564,147918848,139554816,8388608,8388608,12582912,16777216,1.0000000000004077,2
20,naive,0.03296421200502664,219144192,152154112,33554432,67108864,117440512,167772160,0.9999999999983695,0
20,fused,0.016534613008843735,185692160,152104960,33554432,33554432,50331648,67108864,0.9999999999983695,0
20,fused,0.014432329015107825,185876480,152223744,33554432,33554432,50331648,67108864,0.9999999999983695,1
20,naive,0.034629122994374484,218861568,151916544,33554432,67108864,117440512,167772160,0.9999999999983695,1
20,naive,0.022190955001860857,219197440,152207360,33554432,67108864,117440512,167772160,0.9999999999983695,2
20,fused,0.012763314007315785,185655296,152068096,33554432,33554432,50331648,67108864,0.9999999999983695,2
22,naive,0.12069138599326834,470908928,202510336,134217728,268435456,469762048,671088640,1.000000000006522,0
22,fused,0.0345047680020798,336723968,202465280,134217728,134217728,201326592,268435456,1.000000000006522,0
22,fused,0.054366402997402474,336707584,202534912,134217728,134217728,201326592,268435456,1.000000000006522,1
22,naive,0.08389925200026482,470851584,202452992,134217728,268435456,469762048,671088640,1.000000000006522,1
22,naive,0.06167654402088374,470601728,202403840,134217728,268435456,469762048,671088640,1.000000000006522,2
22,fused,0.05871579598169774,336695296,202379264,134217728,134217728,201326592,268435456,1.000000000006522,2
24,naive,0.6229568440176081,1477382144,403759104,536870912,1073741824,1879048192,2684354560,0.9999999999739125,0
24,fused,0.1626269030093681,940691456,403734528,536870912,536870912,805306368,1073741824,0.9999999999739125,0
24,fused,0.1273556859814562,940630016,403726336,536870912,536870912,805306368,1073741824,0.9999999999739125,1
24,naive,0.35063071802142076,1477328896,403705856,536870912,1073741824,1879048192,2684354560,0.9999999999739125,1
24,naive,0.3033838609990198,1477513216,403808256,536870912,1073741824,1879048192,2684354560,0.9999999999739125,2
24,fused,0.13192940401495434,940597248,403763200,536870912,536870912,805306368,1073741824,0.9999999999739125,2
