workload_id,source,source_path,source_sha256,family,synthetic_control,generator,input_path,circuit_index,circuit_structure_sha256
qft_8,generated,results/raw/20260915T141040.945114Z/generated_inputs/qft_8.qpy,d0cc3287cc1f29e493a9f8b82557d383e8b5db7a4f5d430dee4e788a67c15ba7,qft,False,qiskit.synthesis.synth_qft_full,/home/audrey/code_and_papers/2026/FAST2027/final/hilbert_thin_provisioning/results/raw/20260915T141040.945114Z/generated_inputs/qft_8.qpy,0,3e8aabb9d7d5610f57e4d6eee3a3142a1ce5afd20da8cad20026f095637ba58d
qaoa_8,generated,results/raw/20260915T141040.945114Z/generated_inputs/qaoa_8.qpy,ecf14a29a98c013b20948ea13d783d0eaf0606a58e1ee07820b12aa39828aa9f,qaoa,False,QAOA MaxCut ring p=3 gamma=.355 beta=.185,/home/audrey/code_and_papers/2026/FAST2027/final/hilbert_thin_provisioning/results/raw/20260915T141040.945114Z/generated_inputs/qaoa_8.qpy,0,f06b52c1ff9b396c80c782c0b1de335dfa192a4f7a723f24ef9f3fc1e25efa88
hea_8,generated,results/raw/20260915T141040.945114Z/generated_inputs/hea_8.qpy,21cac580c4f8014899e11214d7c315ccde0f8fe51a80b1510a20b64589277775,hea,False,RY/RZ linear-CX hardware-efficient ansatz reps=4,/home/audrey/code_and_papers/2026/FAST2027/final/hilbert_thin_provisioning/results/raw/20260915T141040.945114Z/generated_inputs/hea_8.qpy,0,f89e2f3fbf4bdc7e1f4bc35086492af7e11fd69f06dfde8d61f65f4a6f61c54d
random_8,generated,results/raw/20260915T141040.945114Z/generated_inputs/random_8.qpy,e7bd3a5d3869c616e4522d8de3e94e99ff2cac27da4469a6654dc8e5c367f6d9,random,False,qiskit.circuit.random.random_circuit depth=12 max_operands=2,/home/audrey/code_and_papers/2026/FAST2027/final/hilbert_thin_provisioning/results/raw/20260915T141040.945114Z/generated_inputs/random_8.qpy,0,1c71cf1052fa8c2abc4b03790148baf7d90662d666d04533de6f0d231bc1bcfe
grover_8,generated,results/raw/20260915T141040.945114Z/generated_inputs/grover_8.qpy,ad97f0d7497281b2e31a0618fd6c3a827e76ec8da2713398763393e7c1d0216e,grover_oracle,False,single marked-state Grover iteration with phase-kickback ancilla,/home/audrey/code_and_papers/2026/FAST2027/final/hilbert_thin_provisioning/results/raw/20260915T141040.945114Z/generated_inputs/grover_8.qpy,0,ca4764f93db8a2fbd82bf67a25de567b99d0213929ad23f3a30f74dff4c0c5b8
qft_12,generated,results/raw/20260915T141040.945114Z/generated_inputs/qft_12.qpy,36621288ab7e7497748046a5f221354e634f7deb9429e2ba14a20e9742c8b686,qft,False,qiskit.synthesis.synth_qft_full,/home/audrey/code_and_papers/2026/FAST2027/final/hilbert_thin_provisioning/results/raw/20260915T141040.945114Z/generated_inputs/qft_12.qpy,0,60df685a3b28f90e23c9f4bf126ccd8dc727680a6c62938d3d3e6bce28eac574
qaoa_12,generated,results/raw/20260915T141040.945114Z/generated_inputs/qaoa_12.qpy,ec0df4a7617f3a7c4da15b9c6f115fdcaa9c971472c9419fe296c73bf8310453,qaoa,False,QAOA MaxCut ring p=3 gamma=.355 beta=.185,/home/audrey/code_and_papers/2026/FAST2027/final/hilbert_thin_provisioning/results/raw/20260915T141040.945114Z/generated_inputs/qaoa_12.qpy,0,3ea19820ac6de28814e915bb9944bf295f77b1e966da2606f36febcbfaebdbc8
hea_12,generated,results/raw/20260915T141040.945114Z/generated_inputs/hea_12.qpy,017f5ae72b7395e4e9ffca5003849076a77a4b4a6908b0dbc0d5fa541c57d41a,hea,False,RY/RZ linear-CX hardware-efficient ansatz reps=4,/home/audrey/code_and_papers/2026/FAST2027/final/hilbert_thin_provisioning/results/raw/20260915T141040.945114Z/generated_inputs/hea_12.qpy,0,657f19113ec478017e1f4244c17c303e2ed5ac8373ea923270bee57b1c16402c
random_12,generated,results/raw/20260915T141040.945114Z/generated_inputs/random_12.qpy,36f2c658579c89be8c09fb0bc562d4d5440d80680a8534c1d1b9ebf4ab769cef,random,False,qiskit.circuit.random.random_circuit depth=12 max_operands=2,/home/audrey/code_and_papers/2026/FAST2027/final/hilbert_thin_provisioning/results/raw/20260915T141040.945114Z/generated_inputs/random_12.qpy,0,4b7ff7e9005880a2ea5d6fe47e7d96130e5dda5730ac5cb3f750e50899e7ae1e
grover_12,generated,results/raw/20260915T141040.945114Z/generated_inputs/grover_12.qpy,5a77639b36b6b6671b6dc930e73aad7ba3e7c770fa522b1f0960d4e54e95d956,grover_oracle,False,single marked-state Grover iteration with phase-kickback ancilla,/home/audrey/code_and_papers/2026/FAST2027/final/hilbert_thin_provisioning/results/raw/20260915T141040.945114Z/generated_inputs/grover_12.qpy,0,ff410c4a084c3b2e835362ca63d502d9ffc78ff16d808333cb496bc88fa54180
qft_16,generated,results/raw/20260915T141040.945114Z/generated_inputs/qft_16.qpy,edf1801d3f8d5e883be8ef038bd0722e7ee9375b6be96f5beeda2dd33a9e769a,qft,False,qiskit.synthesis.synth_qft_full,/home/audrey/code_and_papers/2026/FAST2027/final/hilbert_thin_provisioning/results/raw/20260915T141040.945114Z/generated_inputs/qft_16.qpy,0,747099b3aaa365b28393bcab49e3c5cba8ed337627a050095f1f36712d5fe8cb
qaoa_16,generated,results/raw/20260915T141040.945114Z/generated_inputs/qaoa_16.qpy,819a4fa83549d6972b86bc417127e3d83b52075fd7a10990ccda6bffe26affcf,qaoa,False,QAOA MaxCut ring p=3 gamma=.355 beta=.185,/home/audrey/code_and_papers/2026/FAST2027/final/hilbert_thin_provisioning/results/raw/20260915T141040.945114Z/generated_inputs/qaoa_16.qpy,0,fee9561aeae1665f82ca4579da2546dc505e724420f5c9c1cfb88ee29858927c
hea_16,generated,results/raw/20260915T141040.945114Z/generated_inputs/hea_16.qpy,d05ea92d978339b9413c6c558fe70fe0099841900aadba9df042cd9c556fda9f,hea,False,RY/RZ linear-CX hardware-efficient ansatz reps=4,/home/audrey/code_and_papers/2026/FAST2027/final/hilbert_thin_provisioning/results/raw/20260915T141040.945114Z/generated_inputs/hea_16.qpy,0,2f98bd877a72070e156247a3e192ad74552fe6a68a9b86904662353f187ae02d
random_16,generated,results/raw/20260915T141040.945114Z/generated_inputs/random_16.qpy,44255828e33b1dd144d8006d1275faf18a52ff93a83ba0b5b340f0fcd766d8bf,random,False,qiskit.circuit.random.random_circuit depth=12 max_operands=2,/home/audrey/code_and_papers/2026/FAST2027/final/hilbert_thin_provisioning/results/raw/20260915T141040.945114Z/generated_inputs/random_16.qpy,0,4227d65655afcf0a6e96d9b6ef2f7c24b4496eec9fd51a162d07291c8b86c0c1
grover_16,generated,results/raw/20260915T141040.945114Z/generated_inputs/grover_16.qpy,09bdf3b2bdce26f60266e4af8de9a52a9e2a3c12286e07a3e316ce09e14a5929,grover_oracle,False,single marked-state Grover iteration with phase-kickback ancilla,/home/audrey/code_and_papers/2026/FAST2027/final/hilbert_thin_provisioning/results/raw/20260915T141040.945114Z/generated_inputs/grover_16.qpy,0,2369995c74d78d8f0ecf23ebaf30defbfcfccb17246edf5abc0cceb6390cddbc
qft_20,generated,results/raw/20260915T141040.945114Z/generated_inputs/qft_20.qpy,cbf056850b1e3ac70de7589e262a4b29692d954b7ed9c335cec503498edf5bc7,qft,False,qiskit.synthesis.synth_qft_full,/home/audrey/code_and_papers/2026/FAST2027/final/hilbert_thin_provisioning/results/raw/20260915T141040.945114Z/generated_inputs/qft_20.qpy,0,a6e968368bc4ff685e62284ce6d647035933c56b321421b39da337995651e545
qaoa_20,generated,results/raw/20260915T141040.945114Z/generated_inputs/qaoa_20.qpy,ab75c389a6546356d3b9ecef57706b1ef869723e447e3e2d00d0d653ea5bebee,qaoa,False,QAOA MaxCut ring p=3 gamma=.355 beta=.185,/home/audrey/code_and_papers/2026/FAST2027/final/hilbert_thin_provisioning/results/raw/20260915T141040.945114Z/generated_inputs/qaoa_20.qpy,0,3b387e047838b3303de84cfdf28f40ac594054264ea0ffac714830ccc21c0bcd
hea_20,generated,results/raw/20260915T141040.945114Z/generated_inputs/hea_20.qpy,713023afdc0a218f493deb89d837ccf4271cfbebcb696ac3c2ac809e2f1e770b,hea,False,RY/RZ linear-CX hardware-efficient ansatz reps=4,/home/audrey/code_and_papers/2026/FAST2027/final/hilbert_thin_provisioning/results/raw/20260915T141040.945114Z/generated_inputs/hea_20.qpy,0,dff3758d4fd31ed51def150dacec11ffd8f96740b42c1afd8bc093c862c82437
random_20,generated,results/raw/20260915T141040.945114Z/generated_inputs/random_20.qpy,d3a6d52268e3531c82c9423af2ec2b73308df5e0d25309c13b8af8d641b0f4b3,random,False,qiskit.circuit.random.random_circuit depth=12 max_operands=2,/home/audrey/code_and_papers/2026/FAST2027/final/hilbert_thin_provisioning/results/raw/20260915T141040.945114Z/generated_inputs/random_20.qpy,0,ad1e19081d25d34dfecdddccdb03ae45579e5a7b0591403d9e114fc5a3341d81
grover_20,generated,results/raw/20260915T141040.945114Z/generated_inputs/grover_20.qpy,6268c97cbd9f58f05d285c06d3a3e3fd152766097ad5f6a9d8f7ece585c7a93a,grover_oracle,False,single marked-state Grover iteration with phase-kickback ancilla,/home/audrey/code_and_papers/2026/FAST2027/final/hilbert_thin_provisioning/results/raw/20260915T141040.945114Z/generated_inputs/grover_20.qpy,0,1b2e29e5d6ca41f8d2c879c76dfdac76b20d1342696ebe006d177851a57fc9f1
qft_24,generated,results/raw/20260915T141040.945114Z/generated_inputs/qft_24.qpy,922691dd1c9105d8b92ea8f5f74c5c53e2d3bfaf35ccaee61a31aff6625fb30e,qft,False,qiskit.synthesis.synth_qft_full,/home/audrey/code_and_papers/2026/FAST2027/final/hilbert_thin_provisioning/results/raw/20260915T141040.945114Z/generated_inputs/qft_24.qpy,0,186ef546a30fdf99b2c43ab447221cf80dbe88c00d9c8020ae426f3f62aa38f9
qaoa_24,generated,results/raw/20260915T141040.945114Z/generated_inputs/qaoa_24.qpy,d4353da3ae63dd653730b6b7cbdc4d0d6e452219846cd2702342660200097721,qaoa,False,QAOA MaxCut ring p=3 gamma=.355 beta=.185,/home/audrey/code_and_papers/2026/FAST2027/final/hilbert_thin_provisioning/results/raw/20260915T141040.945114Z/generated_inputs/qaoa_24.qpy,0,2e3dd00843e31787cf033320663fb1b61b87a0945704b821a2133bd2a1121e0e
hea_24,generated,results/raw/20260915T141040.945114Z/generated_inputs/hea_24.qpy,f041b9c6f7e4ebc5a8e1d9b8e7e7e012ab270349a4c2253cc33e4b79b884e352,hea,False,RY/RZ linear-CX hardware-efficient ansatz reps=4,/home/audrey/code_and_papers/2026/FAST2027/final/hilbert_thin_provisioning/results/raw/20260915T141040.945114Z/generated_inputs/hea_24.qpy,0,332f11de382ccab601216cfddce1350f55015b58c667482cd4530b21f7c7feda
random_24,generated,results/raw/20260915T141040.945114Z/generated_inputs/random_24.qpy,4c851319b44143f0a8a03adb78f85a5569b9a10c94be2ad1efa3009862143cc1,random,False,qiskit.circuit.random.random_circuit depth=12 max_operands=2,/home/audrey/code_and_papers/2026/FAST2027/final/hilbert_thin_provisioning/results/raw/20260915T141040.945114Z/generated_inputs/random_24.qpy,0,effa18145be5c15be79f743c4c202cd93f87cbef15666aebd0948398994a085a
grover_24,generated,results/raw/20260915T141040.945114Z/generated_inputs/grover_24.qpy,183ce098814f9f29fe50e514a947c16a6a52685645613b9a3acc19b1f737f7dc,grover_oracle,False,single marked-state Grover iteration with phase-kickback ancilla,/home/audrey/code_and_papers/2026/FAST2027/final/hilbert_thin_provisioning/results/raw/20260915T141040.945114Z/generated_inputs/grover_24.qpy,0,7f61db742f93542eede6ef147dce1dee9b781de6ca3a1cbb4348dc12f7585665
qft_28,generated,results/raw/20260915T141040.945114Z/generated_inputs/qft_28.qpy,604a8c0c5870a3c51f0c09a56a0c79e6d4a475f1cf1f2c96c43eb6ad456ad2b6,qft,False,qiskit.synthesis.synth_qft_full,/home/audrey/code_and_papers/2026/FAST2027/final/hilbert_thin_provisioning/results/raw/20260915T141040.945114Z/generated_inputs/qft_28.qpy,0,9a8cc7ca70b48160ddd9298c8726f68f5809ce9096c7accc05f0ceac0c9dc59a
qaoa_28,generated,results/raw/20260915T141040.945114Z/generated_inputs/qaoa_28.qpy,2d134f7a5ff2a0a24d7e4f880d38cce08461165480c0cd3d29443b2afb772187,qaoa,False,QAOA MaxCut ring p=3 gamma=.355 beta=.185,/home/audrey/code_and_papers/2026/FAST2027/final/hilbert_thin_provisioning/results/raw/20260915T141040.945114Z/generated_inputs/qaoa_28.qpy,0,14c4865de2dd8e95b4816ff866b7814aaaed1d9e7551bb8ae6ed7b2d35c0d38c
hea_28,generated,results/raw/20260915T141040.945114Z/generated_inputs/hea_28.qpy,db9812aa5b67a8ebc59f804fcb4ea6699e2e3ef28afe61ca59a702402b55258d,hea,False,RY/RZ linear-CX hardware-efficient ansatz reps=4,/home/audrey/code_and_papers/2026/FAST2027/final/hilbert_thin_provisioning/results/raw/20260915T141040.945114Z/generated_inputs/hea_28.qpy,0,f9f2d3e9221d13a4163cd36299b94b04bd8a9da86768462db9c9d0581c590074
random_28,generated,results/raw/20260915T141040.945114Z/generated_inputs/random_28.qpy,fcbbdba4e06a2bb990774b23e731ca985fc2567dcb5dc3b0cae601f748543140,random,False,qiskit.circuit.random.random_circuit depth=12 max_operands=2,/home/audrey/code_and_papers/2026/FAST2027/final/hilbert_thin_provisioning/results/raw/20260915T141040.945114Z/generated_inputs/random_28.qpy,0,84369351e7bb398961427590732cec9347c99fd1ee42edf09fca9ef6c2ba6659
grover_28,generated,results/raw/20260915T141040.945114Z/generated_inputs/grover_28.qpy,5f39c97371712456d9fe29aa3fce9c3e26c2ba39c2774e427c12d3b6a4f47f8c,grover_oracle,False,single marked-state Grover iteration with phase-kickback ancilla,/home/audrey/code_and_papers/2026/FAST2027/final/hilbert_thin_provisioning/results/raw/20260915T141040.945114Z/generated_inputs/grover_28.qpy,0,94d0b5095cc483d948b8fb3d23808e76f31efb2d41c2b2f8e88bdf8b58acbbaf
qft_32,generated,results/raw/20260915T141040.945114Z/generated_inputs/qft_32.qpy,61cb078294c02348dcf5b80f01a9fc3ce839b1d7ecf2a9d64de80da93dcb0e4c,qft,False,qiskit.synthesis.synth_qft_full,/home/audrey/code_and_papers/2026/FAST2027/final/hilbert_thin_provisioning/results/raw/20260915T141040.945114Z/generated_inputs/qft_32.qpy,0,f2d6b83fea93f4cd31b4281e8a6a86597047f4cc98ae7a858b248631c9f044e6
qaoa_32,generated,results/raw/20260915T141040.945114Z/generated_inputs/qaoa_32.qpy,3d4aa06011e8240152cca4db46c23a62b5232c3073744f7e66387eab6fdcc5f4,qaoa,False,QAOA MaxCut ring p=3 gamma=.355 beta=.185,/home/audrey/code_and_papers/2026/FAST2027/final/hilbert_thin_provisioning/results/raw/20260915T141040.945114Z/generated_inputs/qaoa_32.qpy,0,2ab495c8045016a2d9dd89ba4db02e1fa502e4e9c030445366379fc2aee59fba
hea_32,generated,results/raw/20260915T141040.945114Z/generated_inputs/hea_32.qpy,fa0d44c674d9fb1ebb58e7dc1d60237503e3ac2c1394447bfb0a13de7f786b1c,hea,False,RY/RZ linear-CX hardware-efficient ansatz reps=4,/home/audrey/code_and_papers/2026/FAST2027/final/hilbert_thin_provisioning/results/raw/20260915T141040.945114Z/generated_inputs/hea_32.qpy,0,1eb27849773dc957ddc91771da980f9c4baa2ce8cee029268bc3bda6e87ce983
random_32,generated,results/raw/20260915T141040.945114Z/generated_inputs/random_32.qpy,f55baa9dc890e2fcd9fa53f7061d7bcd95406b78d43d2677a33524aa76a115da,random,False,qiskit.circuit.random.random_circuit depth=12 max_operands=2,/home/audrey/code_and_papers/2026/FAST2027/final/hilbert_thin_provisioning/results/raw/20260915T141040.945114Z/generated_inputs/random_32.qpy,0,d37af564ea6b24d8f28a940d7f1ef477bb2fca41e731c5f99a117aef87f62f7c
grover_32,generated,results/raw/20260915T141040.945114Z/generated_inputs/grover_32.qpy,cb86e4baf4498088a8bfcf734f75d2d0588a806ff6f4c8c9f3e38a168acab724,grover_oracle,False,single marked-state Grover iteration with phase-kickback ancilla,/home/audrey/code_and_papers/2026/FAST2027/final/hilbert_thin_provisioning/results/raw/20260915T141040.945114Z/generated_inputs/grover_32.qpy,0,9bbf744933bbb1381bf505fab2fdd9cf18a4532c14cea085ea28c625e6273de0
qft_40,generated,results/raw/20260915T141040.945114Z/generated_inputs/qft_40.qpy,df30ef8ca598dfd3f7946bda8c086ce212fc7dcfe0b2b681bd100f7abd94b87e,qft,False,qiskit.synthesis.synth_qft_full,/home/audrey/code_and_papers/2026/FAST2027/final/hilbert_thin_provisioning/results/raw/20260915T141040.945114Z/generated_inputs/qft_40.qpy,0,fb28769e2313074c02e5792577f6d7527803835b4045afe1f169cc442afc812d
qaoa_40,generated,results/raw/20260915T141040.945114Z/generated_inputs/qaoa_40.qpy,e1e2e9f59462fe458257f446523aed12eb5d01046e0be0318af411e4863ef51d,qaoa,False,QAOA MaxCut ring p=3 gamma=.355 beta=.185,/home/audrey/code_and_papers/2026/FAST2027/final/hilbert_thin_provisioning/results/raw/20260915T141040.945114Z/generated_inputs/qaoa_40.qpy,0,df986cdec1425a8382ed6b93edae383384351eada4698ffe3dc90b033bbd3673
hea_40,generated,results/raw/20260915T141040.945114Z/generated_inputs/hea_40.qpy,e5e6406426089bbcc1fdd422cd5fb9a03e010c6bf1158e4b31b1d70f7cd59afb,hea,False,RY/RZ linear-CX hardware-efficient ansatz reps=4,/home/audrey/code_and_papers/2026/FAST2027/final/hilbert_thin_provisioning/results/raw/20260915T141040.945114Z/generated_inputs/hea_40.qpy,0,7144c70ea19247b0a46c3fcda27a4f31879e76c0dc3bc4c8dd0aacc86cdb05e7
random_40,generated,results/raw/20260915T141040.945114Z/generated_inputs/random_40.qpy,0bcfb783e876973da718cce024c3ce2c39e908a9391e3a490c17a9a24ad1f42c,random,False,qiskit.circuit.random.random_circuit depth=12 max_operands=2,/home/audrey/code_and_papers/2026/FAST2027/final/hilbert_thin_provisioning/results/raw/20260915T141040.945114Z/generated_inputs/random_40.qpy,0,6831f0c39849cd48dbd56979e242cb45cba6fb3390396168c1a75b50f1efe1ff
cdkm_3_basis,generated,results/raw/20260915T141040.945114Z/generated_inputs/cdkm_3_basis.qpy,c80bc5cb0c999deafc6413f5da846d74dc9ac0e8d87857fca285afcdc56b8bbd,arithmetic,False,"qiskit.circuit.library.CDKMRippleCarryAdder width=3 preparation=basis input_qubits=[1, 2, 3]",/home/audrey/code_and_papers/2026/FAST2027/final/hilbert_thin_provisioning/results/raw/20260915T141040.945114Z/generated_inputs/cdkm_3_basis.qpy,0,2820e887f30e5fe11ecd24966f437122cb481ae45cc4a506a595232d02c3359a
cdkm_3_superposed_input,generated,results/raw/20260915T141040.945114Z/generated_inputs/cdkm_3_superposed_input.qpy,0537680f9456a6332e837da593afc1499dd7084fc408bbd1642a86b778501162,arithmetic,False,"qiskit.circuit.library.CDKMRippleCarryAdder width=3 preparation=superposed_input input_qubits=[1, 2, 3]",/home/audrey/code_and_papers/2026/FAST2027/final/hilbert_thin_provisioning/results/raw/20260915T141040.945114Z/generated_inputs/cdkm_3_superposed_input.qpy,0,aa0d8ace764a2ebe4f431008e28642007c36939bd56df1306520a06ed06ed6a7
vbe_3_basis,generated,results/raw/20260915T141040.945114Z/generated_inputs/vbe_3_basis.qpy,c26eefe17c5275ea8d79b9d2c3938d717b68957c3b5a7461505a797b9be1cd2a,arithmetic,False,"qiskit.circuit.library.VBERippleCarryAdder width=3 preparation=basis input_qubits=[1, 2, 3]",/home/audrey/code_and_papers/2026/FAST2027/final/hilbert_thin_provisioning/results/raw/20260915T141040.945114Z/generated_inputs/vbe_3_basis.qpy,0,801c31ca10db76d415ce7162ebecb32e362df845cfc97abcd0be32f8bde4797e
vbe_3_superposed_input,generated,results/raw/20260915T141040.945114Z/generated_inputs/vbe_3_superposed_input.qpy,60aeb0b116418e9f26231c8c32b59f9c02ff6f233bee7aa9231dd1a1a94c6f73,arithmetic,False,"qiskit.circuit.library.VBERippleCarryAdder width=3 preparation=superposed_input input_qubits=[1, 2, 3]",/home/audrey/code_and_papers/2026/FAST2027/final/hilbert_thin_provisioning/results/raw/20260915T141040.945114Z/generated_inputs/vbe_3_superposed_input.qpy,0,ac5cb24e5aecee7bd1dd013c6f4254e1b63f878ca9054aead8be1e4444995c47
comparator_3_basis,generated,results/raw/20260915T141040.945114Z/generated_inputs/comparator_3_basis.qpy,ba210d23a07f8b777abffcb086314e2a92a3b1a080ecdd36adb6a4a1c717eb58,arithmetic,False,"qiskit.circuit.library.IntegerComparator width=3 preparation=basis input_qubits=[0, 1, 2]",/home/audrey/code_and_papers/2026/FAST2027/final/hilbert_thin_provisioning/results/raw/20260915T141040.945114Z/generated_inputs/comparator_3_basis.qpy,0,12da7f61825b7142771e129932b1a24fc566f46e099faebc959f036c76cf6b7b
comparator_3_superposed_input,generated,results/raw/20260915T141040.945114Z/generated_inputs/comparator_3_superposed_input.qpy,e898d076dbd7e44360d2906dc4e5b91bd9c46544fa54ec49e4b039a162deb6dd,arithmetic,False,"qiskit.circuit.library.IntegerComparator width=3 preparation=superposed_input input_qubits=[0, 1, 2]",/home/audrey/code_and_papers/2026/FAST2027/final/hilbert_thin_provisioning/results/raw/20260915T141040.945114Z/generated_inputs/comparator_3_superposed_input.qpy,0,98ef1d965ef7dc27a40564b2ff39a5ad2cc623f3a39844fcd295381525e8161e
draper_3_basis,generated,results/raw/20260915T141040.945114Z/generated_inputs/draper_3_basis.qpy,c26e4c0591ae5307fa5b044d4d43bb00bfc49b3e84f4a12c25ef5ec1c4e58900,arithmetic,False,"qiskit.circuit.library.DraperQFTAdder width=3 preparation=basis input_qubits=[0, 1, 2]",/home/audrey/code_and_papers/2026/FAST2027/final/hilbert_thin_provisioning/results/raw/20260915T141040.945114Z/generated_inputs/draper_3_basis.qpy,0,f9ba7e0566f9e49c427298c8c6ac9fcd9f47092aaea4b87b9874a91fc9e0d88f
draper_3_superposed_input,generated,results/raw/20260915T141040.945114Z/generated_inputs/draper_3_superposed_input.qpy,fa51314f61f8d88088a23d1963e4f8e7262782bcc77538d624a504956f079413,arithmetic,False,"qiskit.circuit.library.DraperQFTAdder width=3 preparation=superposed_input input_qubits=[0, 1, 2]",/home/audrey/code_and_papers/2026/FAST2027/final/hilbert_thin_provisioning/results/raw/20260915T141040.945114Z/generated_inputs/draper_3_superposed_input.qpy,0,74028daad56a3a7b83d7210502fd9fec1b9cc895c24187f16e40f96a8227323d
modular_adder_3_basis,generated,results/raw/20260915T141040.945114Z/generated_inputs/modular_adder_3_basis.qpy,5fff9ab7f26c4e9a90a7b48a1a335dfce0164387361deff0303413ff2d7be047,arithmetic,False,"qiskit.circuit.library.ModularAdderGate width=3 preparation=basis input_qubits=[0, 1, 2]",/home/audrey/code_and_papers/2026/FAST2027/final/hilbert_thin_provisioning/results/raw/20260915T141040.945114Z/generated_inputs/modular_adder_3_basis.qpy,0,ab0e27bb8e85ed6c79275bfe9fbc79d8e6df8e1e0c4f7305f274b088f5d19668
modular_adder_3_superposed_input,generated,results/raw/20260915T141040.945114Z/generated_inputs/modular_adder_3_superposed_input.qpy,ce177e341db70c658018c308c76b771320565a2d03f6e87e8bfd47ae5e28f5b4,arithmetic,False,"qiskit.circuit.library.ModularAdderGate width=3 preparation=superposed_input input_qubits=[0, 1, 2]",/home/audrey/code_and_papers/2026/FAST2027/final/hilbert_thin_provisioning/results/raw/20260915T141040.945114Z/generated_inputs/modular_adder_3_superposed_input.qpy,0,84933a5f9fd192e614f413be4b5b44c598bb99b6fefe11289c770b72700c4c71
multiplier_3_basis,generated,results/raw/20260915T141040.945114Z/generated_inputs/multiplier_3_basis.qpy,72cb0aedef373ad2658d4176774499de3b760b92cd13cf2e3d1324f9e46c2493,arithmetic,False,"qiskit.circuit.library.HRSCumulativeMultiplier width=3 preparation=basis input_qubits=[0, 1, 2]",/home/audrey/code_and_papers/2026/FAST2027/final/hilbert_thin_provisioning/results/raw/20260915T141040.945114Z/generated_inputs/multiplier_3_basis.qpy,0,daeaf8822e8441378270f857f6506323a9afec184a1a8dcd0378183c2996b436
multiplier_3_superposed_input,generated,results/raw/20260915T141040.945114Z/generated_inputs/multiplier_3_superposed_input.qpy,6f3ba9e94ce7c66fb7dab9a2a50a784f0df5836cdd0645596ae20d10ec1c1874,arithmetic,False,"qiskit.circuit.library.HRSCumulativeMultiplier width=3 preparation=superposed_input input_qubits=[0, 1, 2]",/home/audrey/code_and_papers/2026/FAST2027/final/hilbert_thin_provisioning/results/raw/20260915T141040.945114Z/generated_inputs/multiplier_3_superposed_input.qpy,0,858f2e8c2b34a3df1a0d0ae707641e6e9d8b9b7a70970216818650f89b901010
cdkm_5_basis,generated,results/raw/20260915T141040.945114Z/generated_inputs/cdkm_5_basis.qpy,27e3621db901cc1fda64cecb67e1c67f762906eb06fe83ae7e37a70141947018,arithmetic,False,"qiskit.circuit.library.CDKMRippleCarryAdder width=5 preparation=basis input_qubits=[1, 2, 3, 4, 5]",/home/audrey/code_and_papers/2026/FAST2027/final/hilbert_thin_provisioning/results/raw/20260915T141040.945114Z/generated_inputs/cdkm_5_basis.qpy,0,3a5bfc2063c3aac3210a82ebc6675901c7fc828fc990e17ccedb7499720d7ebd
cdkm_5_superposed_input,generated,results/raw/20260915T141040.945114Z/generated_inputs/cdkm_5_superposed_input.qpy,4be5fa81e6173610bb1c7a3766d15a6fbae5c2b1fce7a75674ff4ad3aa40a1f1,arithmetic,False,"qiskit.circuit.library.CDKMRippleCarryAdder width=5 preparation=superposed_input input_qubits=[1, 2, 3, 4, 5]",/home/audrey/code_and_papers/2026/FAST2027/final/hilbert_thin_provisioning/results/raw/20260915T141040.945114Z/generated_inputs/cdkm_5_superposed_input.qpy,0,355cf410b82ffb708d5e0b417d05a9beffea317b10ca40e5f8d4a7128209e108
vbe_5_basis,generated,results/raw/20260915T141040.945114Z/generated_inputs/vbe_5_basis.qpy,4107e26a15f6555bed64aedcf95e21983cbd83160299dbc0877b76c45cbdef13,arithmetic,False,"qiskit.circuit.library.VBERippleCarryAdder width=5 preparation=basis input_qubits=[1, 2, 3, 4, 5]",/home/audrey/code_and_papers/2026/FAST2027/final/hilbert_thin_provisioning/results/raw/20260915T141040.945114Z/generated_inputs/vbe_5_basis.qpy,0,789ed411a324ed4a5c3952412cf9c33160e3a0f763e063ed2e7a31f5cc66050e
vbe_5_superposed_input,generated,results/raw/20260915T141040.945114Z/generated_inputs/vbe_5_superposed_input.qpy,918841f93c01a47cda2483efbb4a23c924ef1f8db8397580992e916b0082ad4d,arithmetic,False,"qiskit.circuit.library.VBERippleCarryAdder width=5 preparation=superposed_input input_qubits=[1, 2, 3, 4, 5]",/home/audrey/code_and_papers/2026/FAST2027/final/hilbert_thin_provisioning/results/raw/20260915T141040.945114Z/generated_inputs/vbe_5_superposed_input.qpy,0,4b37424d7ddbee95a340533e3299474b2a473a480bd46864aef965e71547a61a
comparator_5_basis,generated,results/raw/20260915T141040.945114Z/generated_inputs/comparator_5_basis.qpy,4029afb896ad234b416099ef7b2595c3bfae46f4d34b529acf0a960394fd84ee,arithmetic,False,"qiskit.circuit.library.IntegerComparator width=5 preparation=basis input_qubits=[0, 1, 2, 3, 4]",/home/audrey/code_and_papers/2026/FAST2027/final/hilbert_thin_provisioning/results/raw/20260915T141040.945114Z/generated_inputs/comparator_5_basis.qpy,0,bac5482360ac11d7c2637b8491273739b87de56b54dff30faaeed933f238a112
comparator_5_superposed_input,generated,results/raw/20260915T141040.945114Z/generated_inputs/comparator_5_superposed_input.qpy,ec76d88199ea2cb233f17092dd3eb105b56b6e7bc50053d17dd066cff2830c6d,arithmetic,False,"qiskit.circuit.library.IntegerComparator width=5 preparation=superposed_input input_qubits=[0, 1, 2, 3, 4]",/home/audrey/code_and_papers/2026/FAST2027/final/hilbert_thin_provisioning/results/raw/20260915T141040.945114Z/generated_inputs/comparator_5_superposed_input.qpy,0,2e7908469874ae12d1746505fe720407ce57f2cbfc8a0a8613b68f9e2431968e
draper_5_basis,generated,results/raw/20260915T141040.945114Z/generated_inputs/draper_5_basis.qpy,4f91de32100df6ab5917c52ef49fde957fcfd1c65e5d92cfa0f8fc70cc8def09,arithmetic,False,"qiskit.circuit.library.DraperQFTAdder width=5 preparation=basis input_qubits=[0, 1, 2, 3, 4]",/home/audrey/code_and_papers/2026/FAST2027/final/hilbert_thin_provisioning/results/raw/20260915T141040.945114Z/generated_inputs/draper_5_basis.qpy,0,35258ad44c7b66398702e4acb9e3555eefdcb295b2e81bfc7cbd403561fb3aa2
draper_5_superposed_input,generated,results/raw/20260915T141040.945114Z/generated_inputs/draper_5_superposed_input.qpy,2728e4b36a7cc48af0768cf7702438cd58af62e1fc8075957cbc37589cb8104d,arithmetic,False,"qiskit.circuit.library.DraperQFTAdder width=5 preparation=superposed_input input_qubits=[0, 1, 2, 3, 4]",/home/audrey/code_and_papers/2026/FAST2027/final/hilbert_thin_provisioning/results/raw/20260915T141040.945114Z/generated_inputs/draper_5_superposed_input.qpy,0,9a0377a35b2d47bb77f0e86397e54e07cf1214bde6ed662db5de2f9fbbb08aa5
modular_adder_5_basis,generated,results/raw/20260915T141040.945114Z/generated_inputs/modular_adder_5_basis.qpy,90fa2ed8d0d9d0d10d4b31078a5ead78f0d219fb157042433fa970528c87019f,arithmetic,False,"qiskit.circuit.library.ModularAdderGate width=5 preparation=basis input_qubits=[0, 1, 2, 3, 4]",/home/audrey/code_and_papers/2026/FAST2027/final/hilbert_thin_provisioning/results/raw/20260915T141040.945114Z/generated_inputs/modular_adder_5_basis.qpy,0,feced5eca2cc5b89f4dc8670c2cb4187d7f505d3902b84edfa8fbf2398f8e6bb
modular_adder_5_superposed_input,generated,results/raw/20260915T141040.945114Z/generated_inputs/modular_adder_5_superposed_input.qpy,3aa99ac768bd906d4ebb43ba905875b2d62f7193a3e9e4f0a29f305bff9761e9,arithmetic,False,"qiskit.circuit.library.ModularAdderGate width=5 preparation=superposed_input input_qubits=[0, 1, 2, 3, 4]",/home/audrey/code_and_papers/2026/FAST2027/final/hilbert_thin_provisioning/results/raw/20260915T141040.945114Z/generated_inputs/modular_adder_5_superposed_input.qpy,0,dcb58e97a73050bb91855079c9da6ccc5cb65ea946a3cf9daaf0ebfefb88e0d6
multiplier_5_basis,generated,results/raw/20260915T141040.945114Z/generated_inputs/multiplier_5_basis.qpy,a0daa4bbe248b0494e085a28beecd8feb3ab57dcceaa01dd9c4c5b9c2dd06b38,arithmetic,False,"qiskit.circuit.library.HRSCumulativeMultiplier width=5 preparation=basis input_qubits=[0, 1, 2, 3, 4]",/home/audrey/code_and_papers/2026/FAST2027/final/hilbert_thin_provisioning/results/raw/20260915T141040.945114Z/generated_inputs/multiplier_5_basis.qpy,0,7fae58e230914b8f180fe21f3e904218dcb759baf2c449a6041ba25ee895ffa1
multiplier_5_superposed_input,generated,results/raw/20260915T141040.945114Z/generated_inputs/multiplier_5_superposed_input.qpy,d3f300cbe75442e9b8738cc3abbc9f21cababf526f1e75d3e465f63470df0c85,arithmetic,False,"qiskit.circuit.library.HRSCumulativeMultiplier width=5 preparation=superposed_input input_qubits=[0, 1, 2, 3, 4]",/home/audrey/code_and_papers/2026/FAST2027/final/hilbert_thin_provisioning/results/raw/20260915T141040.945114Z/generated_inputs/multiplier_5_superposed_input.qpy,0,3d2bd68543d17b209d9e33f3cd8dd13f80305e24c7e8d303295d46b639b62698
cdkm_7_basis,generated,results/raw/20260915T141040.945114Z/generated_inputs/cdkm_7_basis.qpy,98d0f1901ba5941e38a09536b821f39bb6faff7ff1eefcfc64d470bd03d400f1,arithmetic,False,"qiskit.circuit.library.CDKMRippleCarryAdder width=7 preparation=basis input_qubits=[1, 2, 3, 4, 5, 6, 7]",/home/audrey/code_and_papers/2026/FAST2027/final/hilbert_thin_provisioning/results/raw/20260915T141040.945114Z/generated_inputs/cdkm_7_basis.qpy,0,fea2f8255e900976775f594183526de017c6c37a719a01eb7dfd58bb3dfc82cb
cdkm_7_superposed_input,generated,results/raw/20260915T141040.945114Z/generated_inputs/cdkm_7_superposed_input.qpy,ac13878a3de3333a88d894f2e504ba8701939db12280a32831c6c94e931a389f,arithmetic,False,"qiskit.circuit.library.CDKMRippleCarryAdder width=7 preparation=superposed_input input_qubits=[1, 2, 3, 4, 5, 6, 7]",/home/audrey/code_and_papers/2026/FAST2027/final/hilbert_thin_provisioning/results/raw/20260915T141040.945114Z/generated_inputs/cdkm_7_superposed_input.qpy,0,79a443b67792658f8d3b07c2e423ba1ce78afefacfd1dc8ea1bbfab89b48ee25
vbe_7_basis,generated,results/raw/20260915T141040.945114Z/generated_inputs/vbe_7_basis.qpy,e9210ce1d09104fb58c3feca0276e48f080a89f5ff1812ac4bc3f07d526ed398,arithmetic,False,"qiskit.circuit.library.VBERippleCarryAdder width=7 preparation=basis input_qubits=[1, 2, 3, 4, 5, 6, 7]",/home/audrey/code_and_papers/2026/FAST2027/final/hilbert_thin_provisioning/results/raw/20260915T141040.945114Z/generated_inputs/vbe_7_basis.qpy,0,576f98967b3a48839791c2df4dbce1819e1a15455753a5df3fdf7aec068d8a75
vbe_7_superposed_input,generated,results/raw/20260915T141040.945114Z/generated_inputs/vbe_7_superposed_input.qpy,83d5b3f756d73e95f93979ff791db40a915266039475daf5d60f3fefdb747fad,arithmetic,False,"qiskit.circuit.library.VBERippleCarryAdder width=7 preparation=superposed_input input_qubits=[1, 2, 3, 4, 5, 6, 7]",/home/audrey/code_and_papers/2026/FAST2027/final/hilbert_thin_provisioning/results/raw/20260915T141040.945114Z/generated_inputs/vbe_7_superposed_input.qpy,0,e274bbbda733190c5164a617c97a9d5ed53a81185e9d4a62d2c8aaf6e70afac2
comparator_7_basis,generated,results/raw/20260915T141040.945114Z/generated_inputs/comparator_7_basis.qpy,97c6b8c53d54280a2cf9a049f842cd1d3ceb5ef27a787013a2b497e0a007e86b,arithmetic,False,"qiskit.circuit.library.IntegerComparator width=7 preparation=basis input_qubits=[0, 1, 2, 3, 4, 5, 6]",/home/audrey/code_and_papers/2026/FAST2027/final/hilbert_thin_provisioning/results/raw/20260915T141040.945114Z/generated_inputs/comparator_7_basis.qpy,0,e936e4bb50876efff2ccbdb0abe173ca7cbf16cfd82e66828e0078b3931ee650
comparator_7_superposed_input,generated,results/raw/20260915T141040.945114Z/generated_inputs/comparator_7_superposed_input.qpy,cf8f784e0db45fa7402d2807122c56d36e701ef3d9f04da092d262b9d87c7f7f,arithmetic,False,"qiskit.circuit.library.IntegerComparator width=7 preparation=superposed_input input_qubits=[0, 1, 2, 3, 4, 5, 6]",/home/audrey/code_and_papers/2026/FAST2027/final/hilbert_thin_provisioning/results/raw/20260915T141040.945114Z/generated_inputs/comparator_7_superposed_input.qpy,0,0f823d496ad7c835f4873c27edbf20a8da5cf1e8e8916af567a6271e5a6264f2
draper_7_basis,generated,results/raw/20260915T141040.945114Z/generated_inputs/draper_7_basis.qpy,73709112b98ddb9e52016b48006175b0b392acd16a5880b9182436387e6ae69d,arithmetic,False,"qiskit.circuit.library.DraperQFTAdder width=7 preparation=basis input_qubits=[0, 1, 2, 3, 4, 5, 6]",/home/audrey/code_and_papers/2026/FAST2027/final/hilbert_thin_provisioning/results/raw/20260915T141040.945114Z/generated_inputs/draper_7_basis.qpy,0,1a42d704eaf1e10a4b360edbd51f0a371ef70669892ef2515efc19145367fc50
draper_7_superposed_input,generated,results/raw/20260915T141040.945114Z/generated_inputs/draper_7_superposed_input.qpy,e51a190ed7727c20a49eaaaadef6ce616c0df3cf5ecb2649cba4dd75043492e0,arithmetic,False,"qiskit.circuit.library.DraperQFTAdder width=7 preparation=superposed_input input_qubits=[0, 1, 2, 3, 4, 5, 6]",/home/audrey/code_and_papers/2026/FAST2027/final/hilbert_thin_provisioning/results/raw/20260915T141040.945114Z/generated_inputs/draper_7_superposed_input.qpy,0,b1f68c71f1681baadbd22b4029b7aaa2f8d113143b23aacc7daed8b931066173
modular_adder_7_basis,generated,results/raw/20260915T141040.945114Z/generated_inputs/modular_adder_7_basis.qpy,aadc184947766e2ec1dda819183d077a2cf5dc6834735e2e2fe69a5a5adb22ba,arithmetic,False,"qiskit.circuit.library.ModularAdderGate width=7 preparation=basis input_qubits=[0, 1, 2, 3, 4, 5, 6]",/home/audrey/code_and_papers/2026/FAST2027/final/hilbert_thin_provisioning/results/raw/20260915T141040.945114Z/generated_inputs/modular_adder_7_basis.qpy,0,b79ccca1881c72167c12f704a451529b6e431cf4804f700db24fb1237653a991
modular_adder_7_superposed_input,generated,results/raw/20260915T141040.945114Z/generated_inputs/modular_adder_7_superposed_input.qpy,cfee1af1075896a495e108bac06c3d2aa8162bacc0fef7d964430b9bc53d66d2,arithmetic,False,"qiskit.circuit.library.ModularAdderGate width=7 preparation=superposed_input input_qubits=[0, 1, 2, 3, 4, 5, 6]",/home/audrey/code_and_papers/2026/FAST2027/final/hilbert_thin_provisioning/results/raw/20260915T141040.945114Z/generated_inputs/modular_adder_7_superposed_input.qpy,0,c61587e4504bff3984f8fa6309e4ba45b528e6c4d3671c335a2877bdc2c13f93
multiplier_7_basis,generated,results/raw/20260915T141040.945114Z/generated_inputs/multiplier_7_basis.qpy,aaba11db80d2918ed2d9900b2c02a37cccda955cbe2462c3c14f371eea6f1fba,arithmetic,False,"qiskit.circuit.library.HRSCumulativeMultiplier width=7 preparation=basis input_qubits=[0, 1, 2, 3, 4, 5, 6]",/home/audrey/code_and_papers/2026/FAST2027/final/hilbert_thin_provisioning/results/raw/20260915T141040.945114Z/generated_inputs/multiplier_7_basis.qpy,0,919637f487b4de573b4665da82853b532b787f55a06a135d824d11d990ede83f
multiplier_7_superposed_input,generated,results/raw/20260915T141040.945114Z/generated_inputs/multiplier_7_superposed_input.qpy,946950af0369028a277dd129ee3a691ac00e496308f7e1b01facd0c72f0cf13e,arithmetic,False,"qiskit.circuit.library.HRSCumulativeMultiplier width=7 preparation=superposed_input input_qubits=[0, 1, 2, 3, 4, 5, 6]",/home/audrey/code_and_papers/2026/FAST2027/final/hilbert_thin_provisioning/results/raw/20260915T141040.945114Z/generated_inputs/multiplier_7_superposed_input.qpy,0,30d8f2f5f75fdbb6f259ae0728a62f035c2aa4e360a61954f59a6059a2f774dc
cdkm_9_basis,generated,results/raw/20260915T141040.945114Z/generated_inputs/cdkm_9_basis.qpy,482af2b1b0c3a2c44d4595e90f285c048429a737b5f03556f0e5dfbf884685af,arithmetic,False,"qiskit.circuit.library.CDKMRippleCarryAdder width=9 preparation=basis input_qubits=[1, 2, 3, 4, 5, 6, 7, 8, 9]",/home/audrey/code_and_papers/2026/FAST2027/final/hilbert_thin_provisioning/results/raw/20260915T141040.945114Z/generated_inputs/cdkm_9_basis.qpy,0,ca0699adc6893008804c8ee080f2534e4c55fb510dd784cdb4a48a37dc760629
cdkm_9_superposed_input,generated,results/raw/20260915T141040.945114Z/generated_inputs/cdkm_9_superposed_input.qpy,60235f9d4abb2b3ab1d08970be72eb3642a724d5c1fb44bc00e83904f8484c1e,arithmetic,False,"qiskit.circuit.library.CDKMRippleCarryAdder width=9 preparation=superposed_input input_qubits=[1, 2, 3, 4, 5, 6, 7, 8, 9]",/home/audrey/code_and_papers/2026/FAST2027/final/hilbert_thin_provisioning/results/raw/20260915T141040.945114Z/generated_inputs/cdkm_9_superposed_input.qpy,0,775c80d454a6ef5f5d8158a2a151dccf834938daf420beab755fd7696ace9612
vbe_9_basis,generated,results/raw/20260915T141040.945114Z/generated_inputs/vbe_9_basis.qpy,072acef1e4af6e13dbe219b7586b6b2329da9e92a54478a62da283ab18504373,arithmetic,False,"qiskit.circuit.library.VBERippleCarryAdder width=9 preparation=basis input_qubits=[1, 2, 3, 4, 5, 6, 7, 8, 9]",/home/audrey/code_and_papers/2026/FAST2027/final/hilbert_thin_provisioning/results/raw/20260915T141040.945114Z/generated_inputs/vbe_9_basis.qpy,0,adbde9522a77882e839c4d3b59070c9ade6381b3b5c7349932c89d8f5a115485
vbe_9_superposed_input,generated,results/raw/20260915T141040.945114Z/generated_inputs/vbe_9_superposed_input.qpy,96f033fd420d9a4424f9869cf1de7cb7c3b988711f3910ad20fd49b370d25754,arithmetic,False,"qiskit.circuit.library.VBERippleCarryAdder width=9 preparation=superposed_input input_qubits=[1, 2, 3, 4, 5, 6, 7, 8, 9]",/home/audrey/code_and_papers/2026/FAST2027/final/hilbert_thin_provisioning/results/raw/20260915T141040.945114Z/generated_inputs/vbe_9_superposed_input.qpy,0,af6612335453867fb9ed646fb29d3b437039c19f703f308a13a8b856be586788
comparator_9_basis,generated,results/raw/20260915T141040.945114Z/generated_inputs/comparator_9_basis.qpy,5145429670e63b295fb969ed0e11e2c83dbb9f84e38e132a07a28e2d09c325c5,arithmetic,False,"qiskit.circuit.library.IntegerComparator width=9 preparation=basis input_qubits=[0, 1, 2, 3, 4, 5, 6, 7, 8]",/home/audrey/code_and_papers/2026/FAST2027/final/hilbert_thin_provisioning/results/raw/20260915T141040.945114Z/generated_inputs/comparator_9_basis.qpy,0,b0d8e8c8b7878e8cc5145084063dd54c23954fd3a193b552f5c1c96534978bbd
comparator_9_superposed_input,generated,results/raw/20260915T141040.945114Z/generated_inputs/comparator_9_superposed_input.qpy,6ac6a651757881505bc17d07be5619adf28013ae16f76547538ecdd57d6325b7,arithmetic,False,"qiskit.circuit.library.IntegerComparator width=9 preparation=superposed_input input_qubits=[0, 1, 2, 3, 4, 5, 6, 7, 8]",/home/audrey/code_and_papers/2026/FAST2027/final/hilbert_thin_provisioning/results/raw/20260915T141040.945114Z/generated_inputs/comparator_9_superposed_input.qpy,0,b513c7896c02353491cf762149eb67395e0433de5d5397fe78b4e5c2687e6fa9
draper_9_basis,generated,results/raw/20260915T141040.945114Z/generated_inputs/draper_9_basis.qpy,bb06706df41adbb3109a781b8075efe09cc3696f2c13b1336222000f8b1ac481,arithmetic,False,"qiskit.circuit.library.DraperQFTAdder width=9 preparation=basis input_qubits=[0, 1, 2, 3, 4, 5, 6, 7, 8]",/home/audrey/code_and_papers/2026/FAST2027/final/hilbert_thin_provisioning/results/raw/20260915T141040.945114Z/generated_inputs/draper_9_basis.qpy,0,92c2071840114f9c656b30252accf4656c0340d74ecaf7fccc5c43e83c5ea243
draper_9_superposed_input,generated,results/raw/20260915T141040.945114Z/generated_inputs/draper_9_superposed_input.qpy,9d7767bbaf0ce15adb95828f460a39e5dc49259d975d0fdcbea5942818bfd7c4,arithmetic,False,"qiskit.circuit.library.DraperQFTAdder width=9 preparation=superposed_input input_qubits=[0, 1, 2, 3, 4, 5, 6, 7, 8]",/home/audrey/code_and_papers/2026/FAST2027/final/hilbert_thin_provisioning/results/raw/20260915T141040.945114Z/generated_inputs/draper_9_superposed_input.qpy,0,35e2a709b8e166c45fb7a65e649059a3419ea84b4edd1d87f0adfd3d7dd3c16a
modular_adder_9_basis,generated,results/raw/20260915T141040.945114Z/generated_inputs/modular_adder_9_basis.qpy,ebd5a76de6944f28b7fd2b93cd99433b6cf9bae0bc19eeab9a74c20cec697016,arithmetic,False,"qiskit.circuit.library.ModularAdderGate width=9 preparation=basis input_qubits=[0, 1, 2, 3, 4, 5, 6, 7, 8]",/home/audrey/code_and_papers/2026/FAST2027/final/hilbert_thin_provisioning/results/raw/20260915T141040.945114Z/generated_inputs/modular_adder_9_basis.qpy,0,fb77751046fa810c04accb812512966cf1be765110ae602e9fdfc056fc25d2e6
modular_adder_9_superposed_input,generated,results/raw/20260915T141040.945114Z/generated_inputs/modular_adder_9_superposed_input.qpy,7fd41b3b98115149fa4ca12cbdd70af67a8e201e4334a1e3f56a5272e792472c,arithmetic,False,"qiskit.circuit.library.ModularAdderGate width=9 preparation=superposed_input input_qubits=[0, 1, 2, 3, 4, 5, 6, 7, 8]",/home/audrey/code_and_papers/2026/FAST2027/final/hilbert_thin_provisioning/results/raw/20260915T141040.945114Z/generated_inputs/modular_adder_9_superposed_input.qpy,0,4f414b963202b10690cdabfa4d03498a2be179aac45e20a8c88df34dced067ee
multiplier_9_basis,generated,results/raw/20260915T141040.945114Z/generated_inputs/multiplier_9_basis.qpy,29afea5d753d1cc5080cbf5cee140ef8090fa47e88f4afd940212cd8864c0c62,arithmetic,False,"qiskit.circuit.library.HRSCumulativeMultiplier width=9 preparation=basis input_qubits=[0, 1, 2, 3, 4, 5, 6, 7, 8]",/home/audrey/code_and_papers/2026/FAST2027/final/hilbert_thin_provisioning/results/raw/20260915T141040.945114Z/generated_inputs/multiplier_9_basis.qpy,0,ae0d8a251a0fec30b46d5875c58c38fe98db6a85af3ef1d3635a2119bcade285
multiplier_9_superposed_input,generated,results/raw/20260915T141040.945114Z/generated_inputs/multiplier_9_superposed_input.qpy,062af57745b5c8ea88cb9d02982eaf42c52204c7e810d6e9be7a25010721d076,arithmetic,False,"qiskit.circuit.library.HRSCumulativeMultiplier width=9 preparation=superposed_input input_qubits=[0, 1, 2, 3, 4, 5, 6, 7, 8]",/home/audrey/code_and_papers/2026/FAST2027/final/hilbert_thin_provisioning/results/raw/20260915T141040.945114Z/generated_inputs/multiplier_9_superposed_input.qpy,0,e87ab46b0dd6ade7983410b9f3562ca095ddf5ec46055f8dbe207add8e59d850
cdkm_11_basis,generated,results/raw/20260915T141040.945114Z/generated_inputs/cdkm_11_basis.qpy,76934145e0d3a761d41a5dc41bccc531305d860c964320aef1ee9aa71301a926,arithmetic,False,"qiskit.circuit.library.CDKMRippleCarryAdder width=11 preparation=basis input_qubits=[1, 2, 3, 4, 5, 6, 7, 8, 9, 10, 11]",/home/audrey/code_and_papers/2026/FAST2027/final/hilbert_thin_provisioning/results/raw/20260915T141040.945114Z/generated_inputs/cdkm_11_basis.qpy,0,aa7eb3d75865ceae4efa70f759d4fd0a08f21bd6e4e397a22d34a84239f2a12e
cdkm_11_superposed_input,generated,results/raw/20260915T141040.945114Z/generated_inputs/cdkm_11_superposed_input.qpy,3c73cd5112f6460d3fc215d98f73a576311ed79cfb0c54920c16dee068ff6857,arithmetic,False,"qiskit.circuit.library.CDKMRippleCarryAdder width=11 preparation=superposed_input input_qubits=[1, 2, 3, 4, 5, 6, 7, 8, 9, 10, 11]",/home/audrey/code_and_papers/2026/FAST2027/final/hilbert_thin_provisioning/results/raw/20260915T141040.945114Z/generated_inputs/cdkm_11_superposed_input.qpy,0,6d9dfcfe7af9e585a42c0b36fe0bfbb5c6c0981f8f2e1bdc6c89967312af36dd
vbe_11_basis,generated,results/raw/20260915T141040.945114Z/generated_inputs/vbe_11_basis.qpy,5abfef793ba3cb7dbb6d4c48da31cdf5db0d3c2835e4c1d7de6a7999c00fd099,arithmetic,False,"qiskit.circuit.library.VBERippleCarryAdder width=11 preparation=basis input_qubits=[1, 2, 3, 4, 5, 6, 7, 8, 9, 10, 11]",/home/audrey/code_and_papers/2026/FAST2027/final/hilbert_thin_provisioning/results/raw/20260915T141040.945114Z/generated_inputs/vbe_11_basis.qpy,0,721e64ce1a557767b55206e35a06a18af35521f38701d42724a4ccf194d554c0
vbe_11_superposed_input,generated,results/raw/20260915T141040.945114Z/generated_inputs/vbe_11_superposed_input.qpy,97b2d17f0c9f391985ff17d73e5aff5181ff35b3fd8d9819632509d0e7b6b380,arithmetic,False,"qiskit.circuit.library.VBERippleCarryAdder width=11 preparation=superposed_input input_qubits=[1, 2, 3, 4, 5, 6, 7, 8, 9, 10, 11]",/home/audrey/code_and_papers/2026/FAST2027/final/hilbert_thin_provisioning/results/raw/20260915T141040.945114Z/generated_inputs/vbe_11_superposed_input.qpy,0,fe9037719b56f75fde21ba4bd836ab47024b6069b77453f0e7326892d8d58301
comparator_11_basis,generated,results/raw/20260915T141040.945114Z/generated_inputs/comparator_11_basis.qpy,1ad5fa39858ef42de9c4f5c538feab92212dd9babe9ef9a9873cef0600e08242,arithmetic,False,"qiskit.circuit.library.IntegerComparator width=11 preparation=basis input_qubits=[0, 1, 2, 3, 4, 5, 6, 7, 8, 9, 10]",/home/audrey/code_and_papers/2026/FAST2027/final/hilbert_thin_provisioning/results/raw/20260915T141040.945114Z/generated_inputs/comparator_11_basis.qpy,0,2266a6cc15420a1ddaa34fcca85fc4a3db528f2115cea2e8ae7c38af7dba874c
comparator_11_superposed_input,generated,results/raw/20260915T141040.945114Z/generated_inputs/comparator_11_superposed_input.qpy,9652d57de49d2cac95ebd8c31fa53aed9cbecae2ba9887f4d0373949a1931a7d,arithmetic,False,"qiskit.circuit.library.IntegerComparator width=11 preparation=superposed_input input_qubits=[0, 1, 2, 3, 4, 5, 6, 7, 8, 9, 10]",/home/audrey/code_and_papers/2026/FAST2027/final/hilbert_thin_provisioning/results/raw/20260915T141040.945114Z/generated_inputs/comparator_11_superposed_input.qpy,0,ef1f0dc5476274c0f86f2d452a910e81a5089d4cc9f2754569e16b1a932eacf4
draper_11_basis,generated,results/raw/20260915T141040.945114Z/generated_inputs/draper_11_basis.qpy,3fca4f69a54750e07e9ca6b434f26f2dac9ff2c6be6385a944a3bc6d3c7dee1d,arithmetic,False,"qiskit.circuit.library.DraperQFTAdder width=11 preparation=basis input_qubits=[0, 1, 2, 3, 4, 5, 6, 7, 8, 9, 10]",/home/audrey/code_and_papers/2026/FAST2027/final/hilbert_thin_provisioning/results/raw/20260915T141040.945114Z/generated_inputs/draper_11_basis.qpy,0,f1de5ea682328aff59b87b55a7553905c2bb760642810d336b492065db1fe214
draper_11_superposed_input,generated,results/raw/20260915T141040.945114Z/generated_inputs/draper_11_superposed_input.qpy,92652c1df23a4931d48c4275343525c18727678cb17635331dc42d3f3c753249,arithmetic,False,"qiskit.circuit.library.DraperQFTAdder width=11 preparation=superposed_input input_qubits=[0, 1, 2, 3, 4, 5, 6, 7, 8, 9, 10]",/home/audrey/code_and_papers/2026/FAST2027/final/hilbert_thin_provisioning/results/raw/20260915T141040.945114Z/generated_inputs/draper_11_superposed_input.qpy,0,5c25258e11e36d43917f73a1a978692146ee760d5651141eea30969387115fa0
modular_adder_11_basis,generated,results/raw/20260915T141040.945114Z/generated_inputs/modular_adder_11_basis.qpy,f2143a18e2670ced8fbf6e01338ed53423e51380db9617407ed3f9b61acb611b,arithmetic,False,"qiskit.circuit.library.ModularAdderGate width=11 preparation=basis input_qubits=[0, 1, 2, 3, 4, 5, 6, 7, 8, 9, 10]",/home/audrey/code_and_papers/2026/FAST2027/final/hilbert_thin_provisioning/results/raw/20260915T141040.945114Z/generated_inputs/modular_adder_11_basis.qpy,0,96e9799b1e405efc4fb1ece1b1a825d6bbaf19d5be1373cecd5289ac0d9a64b8
modular_adder_11_superposed_input,generated,results/raw/20260915T141040.945114Z/generated_inputs/modular_adder_11_superposed_input.qpy,8368fab1647e1de966f3a8e7221688c500d20835cf49d7600d3bd9f63f0dcd5b,arithmetic,False,"qiskit.circuit.library.ModularAdderGate width=11 preparation=superposed_input input_qubits=[0, 1, 2, 3, 4, 5, 6, 7, 8, 9, 10]",/home/audrey/code_and_papers/2026/FAST2027/final/hilbert_thin_provisioning/results/raw/20260915T141040.945114Z/generated_inputs/modular_adder_11_superposed_input.qpy,0,c37bdc5ad4535b66bd761d3e1b12ba0571098a42b7081b060d9498d2fdfbc21b
cdkm_13_basis,generated,results/raw/20260915T141040.945114Z/generated_inputs/cdkm_13_basis.qpy,e767b32649c2d76cc0c4b19e07809ea77766c63e0179e92fc2bf6609ddd61111,arithmetic,False,"qiskit.circuit.library.CDKMRippleCarryAdder width=13 preparation=basis input_qubits=[1, 2, 3, 4, 5, 6, 7, 8, 9, 10, 11, 12, 13]",/home/audrey/code_and_papers/2026/FAST2027/final/hilbert_thin_provisioning/results/raw/20260915T141040.945114Z/generated_inputs/cdkm_13_basis.qpy,0,ae82d8eeedd4761fb139d01aeb2b9cd79040d71f42ec1cd7d5cc555a5bd1e45b
cdkm_13_superposed_input,generated,results/raw/20260915T141040.945114Z/generated_inputs/cdkm_13_superposed_input.qpy,bafd9e73f19c182d8133e94622f0b37458c94ca7e16650b9cbaae6d240a9887c,arithmetic,False,"qiskit.circuit.library.CDKMRippleCarryAdder width=13 preparation=superposed_input input_qubits=[1, 2, 3, 4, 5, 6, 7, 8, 9, 10, 11, 12, 13]",/home/audrey/code_and_papers/2026/FAST2027/final/hilbert_thin_provisioning/results/raw/20260915T141040.945114Z/generated_inputs/cdkm_13_superposed_input.qpy,0,264160edeba0a7329269201b193325f73cf12350b5ad13c85934ce9c407769c4
vbe_13_basis,generated,results/raw/20260915T141040.945114Z/generated_inputs/vbe_13_basis.qpy,846d2f9ddec6f8293a4708e3198c2eb6627a171d9407baf675e51080412f3b3f,arithmetic,False,"qiskit.circuit.library.VBERippleCarryAdder width=13 preparation=basis input_qubits=[1, 2, 3, 4, 5, 6, 7, 8, 9, 10, 11, 12, 13]",/home/audrey/code_and_papers/2026/FAST2027/final/hilbert_thin_provisioning/results/raw/20260915T141040.945114Z/generated_inputs/vbe_13_basis.qpy,0,6defc7b474b38c54eb7f08f3019db9747272dab7f8eefe17398d136c57d8042d
vbe_13_superposed_input,generated,results/raw/20260915T141040.945114Z/generated_inputs/vbe_13_superposed_input.qpy,300203e12f0984dafd022cf81591898ac02abc5fbae92dea297d81f522c203a8,arithmetic,False,"qiskit.circuit.library.VBERippleCarryAdder width=13 preparation=superposed_input input_qubits=[1, 2, 3, 4, 5, 6, 7, 8, 9, 10, 11, 12, 13]",/home/audrey/code_and_papers/2026/FAST2027/final/hilbert_thin_provisioning/results/raw/20260915T141040.945114Z/generated_inputs/vbe_13_superposed_input.qpy,0,f14b75e1902345324a8dfec8e1724d52368e9122e31e3c2ac4f13e9a9e904791
comparator_13_basis,generated,results/raw/20260915T141040.945114Z/generated_inputs/comparator_13_basis.qpy,abe603e1cc7add0eece1b8eeb71fc06ffaa6d0c405f79ce125c6b1802f841b91,arithmetic,False,"qiskit.circuit.library.IntegerComparator width=13 preparation=basis input_qubits=[0, 1, 2, 3, 4, 5, 6, 7, 8, 9, 10, 11, 12]",/home/audrey/code_and_papers/2026/FAST2027/final/hilbert_thin_provisioning/results/raw/20260915T141040.945114Z/generated_inputs/comparator_13_basis.qpy,0,0084f1329d14484ba08f8b56a3248f8cb75bc139e65ab9dcc2ba5af114afa13a
comparator_13_superposed_input,generated,results/raw/20260915T141040.945114Z/generated_inputs/comparator_13_superposed_input.qpy,8c97fcba03a2e5f121793a84624697b2603399af1b0445ab1820029490b54858,arithmetic,False,"qiskit.circuit.library.IntegerComparator width=13 preparation=superposed_input input_qubits=[0, 1, 2, 3, 4, 5, 6, 7, 8, 9, 10, 11, 12]",/home/audrey/code_and_papers/2026/FAST2027/final/hilbert_thin_provisioning/results/raw/20260915T141040.945114Z/generated_inputs/comparator_13_superposed_input.qpy,0,8fe35e3ae9f0aa3eea3da925671d7afe30563240bba5304d160c1e99e16ae34c
draper_13_basis,generated,results/raw/20260915T141040.945114Z/generated_inputs/draper_13_basis.qpy,ca519f7b72ff3964bd281b0866fca488f790fdba03a0cecc38560ed0a1936b90,arithmetic,False,"qiskit.circuit.library.DraperQFTAdder width=13 preparation=basis input_qubits=[0, 1, 2, 3, 4, 5, 6, 7, 8, 9, 10, 11, 12]",/home/audrey/code_and_papers/2026/FAST2027/final/hilbert_thin_provisioning/results/raw/20260915T141040.945114Z/generated_inputs/draper_13_basis.qpy,0,5b63f9e4f0fbe3e36c2a0b3ef12e5fa9702749927e9edce26576068b7e1d1c75
draper_13_superposed_input,generated,results/raw/20260915T141040.945114Z/generated_inputs/draper_13_superposed_input.qpy,e04cb14566e0823d8b2be15978e4fe3314e6c5eaa831f4128aa8949a8058161e,arithmetic,False,"qiskit.circuit.library.DraperQFTAdder width=13 preparation=superposed_input input_qubits=[0, 1, 2, 3, 4, 5, 6, 7, 8, 9, 10, 11, 12]",/home/audrey/code_and_papers/2026/FAST2027/final/hilbert_thin_provisioning/results/raw/20260915T141040.945114Z/generated_inputs/draper_13_superposed_input.qpy,0,9fec02016aa910a99b04a3567786535fe94ab2943fa1e840b0130b380219f12c
modular_adder_13_basis,generated,results/raw/20260915T141040.945114Z/generated_inputs/modular_adder_13_basis.qpy,8b0cba6b5acd8d2e6579a016e06ef575e46063fc4a7b96bb89fbe0fbed2aca17,arithmetic,False,"qiskit.circuit.library.ModularAdderGate width=13 preparation=basis input_qubits=[0, 1, 2, 3, 4, 5, 6, 7, 8, 9, 10, 11, 12]",/home/audrey/code_and_papers/2026/FAST2027/final/hilbert_thin_provisioning/results/raw/20260915T141040.945114Z/generated_inputs/modular_adder_13_basis.qpy,0,05b0d37cb6e55246c66605ede31fe33f990e6dc9605fe2008f745e6ce4a07411
modular_adder_13_superposed_input,generated,results/raw/20260915T141040.945114Z/generated_inputs/modular_adder_13_superposed_input.qpy,5e4572e7c8fd6ed18b64b0dce1da6be89f4a306b842e0b8bcf6ac2abd5de2da1,arithmetic,False,"qiskit.circuit.library.ModularAdderGate width=13 preparation=superposed_input input_qubits=[0, 1, 2, 3, 4, 5, 6, 7, 8, 9, 10, 11, 12]",/home/audrey/code_and_papers/2026/FAST2027/final/hilbert_thin_provisioning/results/raw/20260915T141040.945114Z/generated_inputs/modular_adder_13_superposed_input.qpy,0,4c314969cce1c4bbca5e1bdfcda71023da35d900d1cd885e6084c58bcccc0141
staged_40,synthetic_control,results/raw/20260915T141040.945114Z/generated_inputs/staged_40.qpy,cc012b574df7a89ab663c4c221cfb1d591efdcd104ea3c22c6f62adfc98807ca,synthetic_staged,True,four stages 8/16/24/40 active with CX dwell,/home/audrey/code_and_papers/2026/FAST2027/final/hilbert_thin_provisioning/results/raw/20260915T141040.945114Z/generated_inputs/staged_40.qpy,0,d9f57cc88293084c094cf6c6205c300e9eac7b6179bd4737216f4beef1edcccd
