source,path,absolute_path,sha256,format,bytes,n,gate_count,depth_if_parseable,family_if_inferable,parse_ok,metadata_skip,circuit_index,selection_reason
qasmbench,large/QAOA_3SAT_N10000_p1/random_QAOA_angles_k3_N10000_p1.qasm,/home/audrey/code_and_papers/2026/FAST2027/final/hilbert_thin_provisioning/external/QASMBench/large/QAOA_3SAT_N10000_p1/random_QAOA_angles_k3_N10000_p1.qasm,cb944ec6871e9855962277ea2ec501813d186067d3f360195228f3c3b1c8c989,.qasm,15362494,10000,,,qaoa,False,size_guard_not_attempted,0,size_guard_not_attempted
qasmbench,large/QAOA_3SAT_N1000_p1/random_QAOA_angles_k3_N1000_p1.qasm,/home/audrey/code_and_papers/2026/FAST2027/final/hilbert_thin_provisioning/external/QASMBench/large/QAOA_3SAT_N1000_p1/random_QAOA_angles_k3_N1000_p1.qasm,58ba3dfb1ad2956e4ac3755af91a4e6f9c8321c7a55c8f9e6032cf32c26253d3,.qasm,1488166,,,,qaoa,False,,0,parse_failure
qasmbench,large/QAOA_3SAT_N100_p100/random_QAOA_angles_k3_N100_p100.qasm,/home/audrey/code_and_papers/2026/FAST2027/final/hilbert_thin_provisioning/external/QASMBench/large/QAOA_3SAT_N100_p100/random_QAOA_angles_k3_N100_p100.qasm,f09189140d02569cebc12db35825e1aba53cfab28f5a98087012808dc46fca14,.qasm,13496034,100,,,qaoa,False,size_guard_not_attempted,0,size_guard_not_attempted
qasmbench,large/QV_n100/100.qasm,/home/audrey/code_and_papers/2026/FAST2027/final/hilbert_thin_provisioning/external/QASMBench/large/QV_n100/100.qasm,5fb6ea3de82da40591d657aa3ef286b8505c1c0a74acb4296a2754a702511d41,.qasm,2688782,100,55101,701,random,True,,0,selected
qasmbench,large/QV_n32/32.qasm,/home/audrey/code_and_papers/2026/FAST2027/final/hilbert_thin_provisioning/external/QASMBench/large/QV_n32/32.qasm,45093e91e2bd96bf140ea664a4a16fa99c7f123648619954fb495603b81e9a8d,.qasm,274581,32,5665,225,random,True,,0,selected
qasmbench,large/adder_n118/adder_n118.qasm,/home/audrey/code_and_papers/2026/FAST2027/final/hilbert_thin_provisioning/external/QASMBench/large/adder_n118/adder_n118.qasm,b6efc8e67fd640f8ba24fb36529248fe573cfacedfe45e050b3d9f0dfedc6b69,.qasm,10906,118,497,132,arithmetic,True,,0,selected
qasmbench,large/adder_n118/adder_n118_transpiled.qasm,/home/audrey/code_and_papers/2026/FAST2027/final/hilbert_thin_provisioning/external/QASMBench/large/adder_n118/adder_n118_transpiled.qasm,4923d277775d7a6ae6906e8f7bb12663369eb30d3b785d09b61602fe37226094,.qasm,37076,118,2265,804,arithmetic,True,,0,paired_source_transpilation_duplicate
qasmbench,large/adder_n28/adder_n28.qasm,/home/audrey/code_and_papers/2026/FAST2027/final/hilbert_thin_provisioning/external/QASMBench/large/adder_n28/adder_n28.qasm,18ffaae6478e1b9ab873e12035cb3071d826e27d4f51d1c77ec6685206b3a3cf,.qasm,2362,28,117,42,arithmetic,True,,0,selected
qasmbench,large/adder_n28/adder_n28_transpiled.qasm,/home/audrey/code_and_papers/2026/FAST2027/final/hilbert_thin_provisioning/external/QASMBench/large/adder_n28/adder_n28_transpiled.qasm,49615fb73636f0d10be357ab23ee5195b6f7e3cb661ec81215e1514feb5591be,.qasm,8250,28,525,234,arithmetic,True,,0,paired_source_transpilation_duplicate
qasmbench,large/adder_n433/adder_n433.qasm,/home/audrey/code_and_papers/2026/FAST2027/final/hilbert_thin_provisioning/external/QASMBench/large/adder_n433/adder_n433.qasm,808136ae027cabd653ebfb9dfe016a913e60eecc56de70a9679e241a7b7036ad,.qasm,40847,433,1827,447,arithmetic,True,,0,analysis_size_guard
qasmbench,large/adder_n433/adder_n433_transpiled.qasm,/home/audrey/code_and_papers/2026/FAST2027/final/hilbert_thin_provisioning/external/QASMBench/large/adder_n433/adder_n433_transpiled.qasm,bbca3400ec7bb42b95fe61ad00e9e41e07452b037d5d1cd2ec9e1805b6e7b516,.qasm,144679,433,8355,2799,arithmetic,True,,0,analysis_size_guard
qasmbench,large/adder_n64/adder_n64.qasm,/home/audrey/code_and_papers/2026/FAST2027/final/hilbert_thin_provisioning/external/QASMBench/large/adder_n64/adder_n64.qasm,ec67a182baee4a03a5cf2b0c33d5043260e8fda16a4e89a995356baa530e58e6,.qasm,5518,64,269,78,arithmetic,True,,0,selected
qasmbench,large/adder_n64/adder_n64_transpiled.qasm,/home/audrey/code_and_papers/2026/FAST2027/final/hilbert_thin_provisioning/external/QASMBench/large/adder_n64/adder_n64_transpiled.qasm,6ce40276dbb6b3756f12e4db55faf86e7fb230e65de3caf4a4da6d62f3ede4f8,.qasm,19662,64,1221,462,arithmetic,True,,0,paired_source_transpilation_duplicate
qasmbench,large/bv_n140/bv_n140.qasm,/home/audrey/code_and_papers/2026/FAST2027/final/hilbert_thin_provisioning/external/QASMBench/large/bv_n140/bv_n140.qasm,100b4d69fc11f00dfc27c09e2ccd5661fe6b7183c9e3eb685a78bc2659344ca5,.qasm,10014,140,493,76,bernstein_vazirani,True,,0,analysis_size_guard
qasmbench,large/bv_n140/bv_n140_transpiled.qasm,/home/audrey/code_and_papers/2026/FAST2027/final/hilbert_thin_provisioning/external/QASMBench/large/bv_n140/bv_n140_transpiled.qasm,71f8c3ca5a844d0215596b587c171bb951913a6209d9b4e1d5706f03f4787eaf,.qasm,19887,140,1050,79,bernstein_vazirani,True,,0,analysis_size_guard
qasmbench,large/bv_n280/bv_n280.qasm,/home/audrey/code_and_papers/2026/FAST2027/final/hilbert_thin_provisioning/external/QASMBench/large/bv_n280/bv_n280.qasm,799c589de67bb852632f37d75bc33fecc560c3cafe49eb33da36ab1c50b11246,.qasm,20854,280,993,156,bernstein_vazirani,True,,0,analysis_size_guard
qasmbench,large/bv_n280/bv_n280_transpiled.qasm,/home/audrey/code_and_papers/2026/FAST2027/final/hilbert_thin_provisioning/external/QASMBench/large/bv_n280/bv_n280_transpiled.qasm,52b75d3c277ebf0a3300fb4cb362b5ac28d3d278e2589a1a4a8e6e09629bd7f9,.qasm,41087,280,2110,159,bernstein_vazirani,True,,0,analysis_size_guard
qasmbench,large/bv_n30/bv_n30.qasm,/home/audrey/code_and_papers/2026/FAST2027/final/hilbert_thin_provisioning/external/QASMBench/large/bv_n30/bv_n30.qasm,a9f50bd7aecba85c5148d621c91fab9a9d940cf34f9463982366b77228027ade,.qasm,2113,30,109,22,bernstein_vazirani,True,,0,selected
qasmbench,large/bv_n30/bv_n30_transpiled.qasm,/home/audrey/code_and_papers/2026/FAST2027/final/hilbert_thin_provisioning/external/QASMBench/large/bv_n30/bv_n30_transpiled.qasm,48bc8031e0bfccc378bbc4f24253323db39cbae66c508ea3f6b959b4f291e13b,.qasm,4129,30,226,25,bernstein_vazirani,True,,0,paired_source_transpilation_duplicate
qasmbench,large/bv_n70/bv_n70.qasm,/home/audrey/code_and_papers/2026/FAST2027/final/hilbert_thin_provisioning/external/QASMBench/large/bv_n70/bv_n70.qasm,802e0740406305735367ebd1f2b43578922b68c8c6b9a30cf48ff8d3b0ffd35a,.qasm,4837,70,247,40,bernstein_vazirani,True,,0,selected
qasmbench,large/bv_n70/bv_n70_transpiled.qasm,/home/audrey/code_and_papers/2026/FAST2027/final/hilbert_thin_provisioning/external/QASMBench/large/bv_n70/bv_n70_transpiled.qasm,db5715af58699540b6844971985ba8d97e7bcd20238c4f8e8117bd153912c737,.qasm,9653,70,524,43,bernstein_vazirani,True,,0,paired_source_transpilation_duplicate
qasmbench,large/bwt_n177/bwt_n177.qasm,/home/audrey/code_and_papers/2026/FAST2027/final/hilbert_thin_provisioning/external/QASMBench/large/bwt_n177/bwt_n177.qasm,03da49fcf30b7532d0f62e59d6c5ac5b961623a6d386a245c1a18405d9e256f9,.qasm,36072032,177,,,unknown,False,size_guard_not_attempted,0,size_guard_not_attempted
qasmbench,large/bwt_n37/bwt_n37.qasm,/home/audrey/code_and_papers/2026/FAST2027/final/hilbert_thin_provisioning/external/QASMBench/large/bwt_n37/bwt_n37.qasm,ae87adc21c21d45260b9f7605d6947ac96269a38c3870760f718029abdd39016,.qasm,4723068,37,333654,187601,unknown,True,,0,analysis_size_guard
qasmbench,large/bwt_n37/bwt_n37_transpiled.qasm,/home/audrey/code_and_papers/2026/FAST2027/final/hilbert_thin_provisioning/external/QASMBench/large/bwt_n37/bwt_n37_transpiled.qasm,6b8c7734e71c6af287e3fe394e2938308c15c6fdf57b262dbb14f7e6b3aa8204,.qasm,23918851,37,,,unknown,False,size_guard_not_attempted,0,size_guard_not_attempted
qasmbench,large/bwt_n57/bwt_n57.qasm,/home/audrey/code_and_papers/2026/FAST2027/final/hilbert_thin_provisioning/external/QASMBench/large/bwt_n57/bwt_n57.qasm,e30e7cc4c5aeca6a6af214aa516393d9ca6bb3858e32432c3ba278829a6d7e5e,.qasm,8847058,57,610484,359601,unknown,True,,0,analysis_size_guard
qasmbench,large/bwt_n57/bwt_n57_transpiled.qasm,/home/audrey/code_and_papers/2026/FAST2027/final/hilbert_thin_provisioning/external/QASMBench/large/bwt_n57/bwt_n57_transpiled.qasm,9a048061dfe3d6de28225bf7dfea6e121a6b64bd96dda503f9e8eb674e6ef1b3,.qasm,45829731,57,,,unknown,False,size_guard_not_attempted,0,size_guard_not_attempted
qasmbench,large/bwt_n97/bwt_n97.qasm,/home/audrey/code_and_papers/2026/FAST2027/final/hilbert_thin_provisioning/external/QASMBench/large/bwt_n97/bwt_n97.qasm,3380e3865b72e95eb7559e47ce260d80b32d45ee39e222efb31882a1bb2ee39f,.qasm,17120638,97,,,unknown,False,size_guard_not_attempted,0,size_guard_not_attempted
qasmbench,large/bwt_n97/bwt_n97_transpiled.qasm,/home/audrey/code_and_papers/2026/FAST2027/final/hilbert_thin_provisioning/external/QASMBench/large/bwt_n97/bwt_n97_transpiled.qasm,523b4867864fc1a9dad709b4144a30ea2988b7d0462a24410708411a63dade11,.qasm,90096321,97,,,unknown,False,size_guard_not_attempted,0,size_guard_not_attempted
qasmbench,large/cat_n130/cat_n130.qasm,/home/audrey/code_and_papers/2026/FAST2027/final/hilbert_thin_provisioning/external/QASMBench/large/cat_n130/cat_n130.qasm,0ffa7aa1fd3df9fc2be6dc631331aeff43f28980dfad32d832de60981080784d,.qasm,6549,130,261,131,unknown,True,,0,analysis_size_guard
qasmbench,large/cat_n130/cat_n130_transpiled.qasm,/home/audrey/code_and_papers/2026/FAST2027/final/hilbert_thin_provisioning/external/QASMBench/large/cat_n130/cat_n130_transpiled.qasm,8a1971fa8b1a23b053976af953f4a0908ec5ce0e44553038052dc73e176175fc,.qasm,6580,130,263,133,unknown,True,,0,analysis_size_guard
qasmbench,large/cat_n260/cat_n260.qasm,/home/audrey/code_and_papers/2026/FAST2027/final/hilbert_thin_provisioning/external/QASMBench/large/cat_n260/cat_n260.qasm,11eecef13fbe9601983789c61fe6c7eb1946e7d457afaf5a78ba621938f0b75d,.qasm,13569,260,521,261,unknown,True,,0,analysis_size_guard
qasmbench,large/cat_n260/cat_n260_transpiled.qasm,/home/audrey/code_and_papers/2026/FAST2027/final/hilbert_thin_provisioning/external/QASMBench/large/cat_n260/cat_n260_transpiled.qasm,a6517fbc1e2b9d3f3f0577140af9d0f94a7dcb852a147c3db9e2657b37109fd1,.qasm,13600,260,523,263,unknown,True,,0,analysis_size_guard
qasmbench,large/cat_n35/cat_n35.qasm,/home/audrey/code_and_papers/2026/FAST2027/final/hilbert_thin_provisioning/external/QASMBench/large/cat_n35/cat_n35.qasm,9a0d29ba7813c5f641e6e4aeaddbff3257e783d0d3bee1ebd4e759a649b5fd74,.qasm,1742,35,71,36,unknown,True,,0,stratum_not_selected
qasmbench,large/cat_n35/cat_n35_transpiled.qasm,/home/audrey/code_and_papers/2026/FAST2027/final/hilbert_thin_provisioning/external/QASMBench/large/cat_n35/cat_n35_transpiled.qasm,89f51b714e4cdbdf9e09db412efe97ca55a72b476f088433ce7465f3eae90df7,.qasm,1773,35,73,38,unknown,True,,0,paired_source_transpilation_duplicate
qasmbench,large/cat_n65/cat_n65.qasm,/home/audrey/code_and_papers/2026/FAST2027/final/hilbert_thin_provisioning/external/QASMBench/large/cat_n65/cat_n65.qasm,02f08cc7717ce8862c6b485f851ee88b44f5c14e86bc0b054955fc86d396178a,.qasm,3212,65,131,66,unknown,True,,0,selected
qasmbench,large/cat_n65/cat_n65_transpiled.qasm,/home/audrey/code_and_papers/2026/FAST2027/final/hilbert_thin_provisioning/external/QASMBench/large/cat_n65/cat_n65_transpiled.qasm,84cfd77ae88a39f73e423ca0c360f35b37c4a5db419a75846a20013ca9beb259,.qasm,3243,65,133,68,unknown,True,,0,paired_source_transpilation_duplicate
qasmbench,large/cc_n151/cc_n151.qasm,/home/audrey/code_and_papers/2026/FAST2027/final/hilbert_thin_provisioning/external/QASMBench/large/cc_n151/cc_n151.qasm,23a0d0d4a8bea37c4a8e76cf79fe75e498cea9250a22a363207669854ad05eec,.qasm,23617,151,756,456,unknown,True,,0,analysis_size_guard
qasmbench,large/cc_n151/cc_n151_transpiled.qasm,/home/audrey/code_and_papers/2026/FAST2027/final/hilbert_thin_provisioning/external/QASMBench/large/cc_n151/cc_n151_transpiled.qasm,916ce5b90c6ab8643b242b4609e7ddfda3fa62bb53f3a12d2b28f7cb1849ccf7,.qasm,59164,151,1658,1060,unknown,True,,0,analysis_size_guard
qasmbench,large/cc_n301/cc_n301.qasm,/home/audrey/code_and_papers/2026/FAST2027/final/hilbert_thin_provisioning/external/QASMBench/large/cc_n301/cc_n301.qasm,10f364bf814ea2824635a21a8fe229c911cacf0077120a124902f87be2416276,.qasm,61417,301,1506,906,unknown,True,,0,analysis_size_guard
qasmbench,large/cc_n301/cc_n301_transpiled.qasm,/home/audrey/code_and_papers/2026/FAST2027/final/hilbert_thin_provisioning/external/QASMBench/large/cc_n301/cc_n301_transpiled.qasm,69f9c9f2c9a38026276e12fd7011208c942f73ce3555a1a055eda8ac95f1e218,.qasm,160114,301,3308,2110,unknown,True,,0,analysis_size_guard
qasmbench,large/cc_n32/cc_n32.qasm,/home/audrey/code_and_papers/2026/FAST2027/final/hilbert_thin_provisioning/external/QASMBench/large/cc_n32/cc_n32.qasm,0f67ec718f5663c1e55bbfc5ad930418266151bfa4bbe5b77d67529c22e7051a,.qasm,3734,32,161,99,unknown,True,,0,selected
qasmbench,large/cc_n32/cc_n32_transpiled.qasm,/home/audrey/code_and_papers/2026/FAST2027/final/hilbert_thin_provisioning/external/QASMBench/large/cc_n32/cc_n32_transpiled.qasm,a1985c20308eb6d7fcd97ddfb2f3152c5c6f44aa39c94d0bf42303c850808985,.qasm,8782,32,349,227,unknown,True,,0,paired_source_transpilation_duplicate
qasmbench,large/cc_n64/cc_n64.qasm,/home/audrey/code_and_papers/2026/FAST2027/final/hilbert_thin_provisioning/external/QASMBench/large/cc_n64/cc_n64.qasm,eb67f8cf6f308aed40b78eb84561f07cdc5987e4ec1eba8e1a9b37f8f40185cb,.qasm,8046,64,321,195,unknown,True,,0,selected
qasmbench,large/cc_n64/cc_n64_transpiled.qasm,/home/audrey/code_and_papers/2026/FAST2027/final/hilbert_thin_provisioning/external/QASMBench/large/cc_n64/cc_n64_transpiled.qasm,ea43e88f571391bb483a51980e3a7b23febf4f9ee8bd96af5b35cfb9c6dd2888,.qasm,19444,64,701,451,unknown,True,,0,paired_source_transpilation_duplicate
qasmbench,large/dnn_n33/dnn_n33.qasm,/home/audrey/code_and_papers/2026/FAST2027/final/hilbert_thin_provisioning/external/QASMBench/large/dnn_n33/dnn_n33.qasm,50a5f79da7cbb38754bd7fa0aca2e672266642ad7e9e7ce16ccdd613af5db070,.qasm,6886,33,176,40,quantum_ml,True,,0,selected
qasmbench,large/dnn_n33/dnn_n33_transpiled.qasm,/home/audrey/code_and_papers/2026/FAST2027/final/hilbert_thin_provisioning/external/QASMBench/large/dnn_n33/dnn_n33_transpiled.qasm,b6d8643010ad9c15bc5cde785d118ce7df315487f0ccea8167fab9a0da4911c8,.qasm,14352,33,908,204,quantum_ml,True,,0,paired_source_transpilation_duplicate
qasmbench,large/dnn_n51/dnn_n51.qasm,/home/audrey/code_and_papers/2026/FAST2027/final/hilbert_thin_provisioning/external/QASMBench/large/dnn_n51/dnn_n51.qasm,df6c9e37a068afe01a13daf528910e1ba0c23ff0a82c64b8e8d02ab7d65317f9,.qasm,10906,51,275,58,quantum_ml,True,,0,selected
qasmbench,large/dnn_n51/dnn_n51_transpiled.qasm,/home/audrey/code_and_papers/2026/FAST2027/final/hilbert_thin_provisioning/external/QASMBench/large/dnn_n51/dnn_n51_transpiled.qasm,785f95cb7f4181c09b24b0617d967783e7b8b26ce7d193f8cfcf4633d5fed146,.qasm,22831,51,1430,294,quantum_ml,True,,0,paired_source_transpilation_duplicate
qasmbench,large/ghz_n127/ghz_n127.qasm,/home/audrey/code_and_papers/2026/FAST2027/final/hilbert_thin_provisioning/external/QASMBench/large/ghz_n127/ghz_n127.qasm,8e7ae59d4f9d3d31c8fed8a19fe36e9542b76f3fc4d873d2662365df1040b0a7,.qasm,6387,127,255,128,state_preparation,True,,0,selected
qasmbench,large/ghz_n127/ghz_n127_transpiled.qasm,/home/audrey/code_and_papers/2026/FAST2027/final/hilbert_thin_provisioning/external/QASMBench/large/ghz_n127/ghz_n127_transpiled.qasm,c5ec59a35360251c203682e3310a78b6ed798435d88ddc0530949415e521fca0,.qasm,6418,127,257,130,state_preparation,True,,0,paired_source_transpilation_duplicate
qasmbench,large/ghz_n255/ghz_state_n255.qasm,/home/audrey/code_and_papers/2026/FAST2027/final/hilbert_thin_provisioning/external/QASMBench/large/ghz_n255/ghz_state_n255.qasm,c07df9f7e628b2e33e38d9521f3fe8db5730f413d75e6d372a54427f0d0cde83,.qasm,13299,255,511,256,state_preparation,True,,0,analysis_size_guard
qasmbench,large/ghz_n255/ghz_state_n255_transpiled.qasm,/home/audrey/code_and_papers/2026/FAST2027/final/hilbert_thin_provisioning/external/QASMBench/large/ghz_n255/ghz_state_n255_transpiled.qasm,1dda19d9d949059a393db2223b9fa09efcf7fe0225bd70888ff10cebd9411779,.qasm,13330,255,513,258,state_preparation,True,,0,analysis_size_guard
qasmbench,large/ghz_n40/ghz_n40.qasm,/home/audrey/code_and_papers/2026/FAST2027/final/hilbert_thin_provisioning/external/QASMBench/large/ghz_n40/ghz_n40.qasm,f31c4f2beba87afc710f4f828ef0258b91952fe744379272018751e13a4eddf2,.qasm,1987,40,81,41,state_preparation,True,,0,selected
qasmbench,large/ghz_n40/ghz_n40_transpiled.qasm,/home/audrey/code_and_papers/2026/FAST2027/final/hilbert_thin_provisioning/external/QASMBench/large/ghz_n40/ghz_n40_transpiled.qasm,b34c49cb28a8ad85ae9ef9bf6cce3b375da6e35d6de738379408f2232a3b02e0,.qasm,2018,40,83,43,state_preparation,True,,0,paired_source_transpilation_duplicate
qasmbench,large/ghz_n78/ghz_n78.qasm,/home/audrey/code_and_papers/2026/FAST2027/final/hilbert_thin_provisioning/external/QASMBench/large/ghz_n78/ghz_n78.qasm,9e199ccf5888ff36b9d8191dbc49befa8b0252e14d88a9dbbd9a3949acd02343,.qasm,3849,78,157,79,state_preparation,True,,0,selected
qasmbench,large/ghz_n78/ghz_n78_transpiled.qasm,/home/audrey/code_and_papers/2026/FAST2027/final/hilbert_thin_provisioning/external/QASMBench/large/ghz_n78/ghz_n78_transpiled.qasm,83f42aab1ecadd9d37e83f4da491a4bc01be08af1ed934dfd36d8751c39cbd22,.qasm,3880,78,159,81,state_preparation,True,,0,paired_source_transpilation_duplicate
qasmbench,large/ising_n34/ising_n34.qasm,/home/audrey/code_and_papers/2026/FAST2027/final/hilbert_thin_provisioning/external/QASMBench/large/ising_n34/ising_n34.qasm,c4367870578a74cd7dbfd337dd8b1ece3fb2c76709261a16a093225dfb7307ec,.qasm,6815,34,403,16,ising,True,,0,selected
qasmbench,large/ising_n34/ising_n34_transpiled.qasm,/home/audrey/code_and_papers/2026/FAST2027/final/hilbert_thin_provisioning/external/QASMBench/large/ising_n34/ising_n34_transpiled.qasm,04ad4fb3406f60356a670b8a566dc3b51e235bbd7ee596bdcd729683fce61634,.qasm,5187,34,268,11,ising,True,,0,paired_source_transpilation_duplicate
qasmbench,large/ising_n42/ising_n42.qasm,/home/audrey/code_and_papers/2026/FAST2027/final/hilbert_thin_provisioning/external/QASMBench/large/ising_n42/ising_n42.qasm,28cc7db51ac0ddc75b8407c414cd0986e028dc9750010d938c34fa25f157a853,.qasm,9855,42,499,16,ising,True,,0,selected
qasmbench,large/ising_n420/ising_n420.qasm,/home/audrey/code_and_papers/2026/FAST2027/final/hilbert_thin_provisioning/external/QASMBench/large/ising_n420/ising_n420.qasm,edec5ff2f3a0380db3e073a41cf3046f9196c52b9e57cbd45e5bcd23c0e7feec,.qasm,91399,420,5035,16,ising,True,,0,analysis_size_guard
qasmbench,large/ising_n420/ising_n420_transpiled.qasm,/home/audrey/code_and_papers/2026/FAST2027/final/hilbert_thin_provisioning/external/QASMBench/large/ising_n420/ising_n420_transpiled.qasm,20585cb39f3382ef29868b2a5ca5522d0d763d8bd10c4d80c3f5eb7010c88558,.qasm,69445,420,3356,11,ising,True,,0,analysis_size_guard
qasmbench,large/ising_n66/ising_n66.qasm,/home/audrey/code_and_papers/2026/FAST2027/final/hilbert_thin_provisioning/external/QASMBench/large/ising_n66/ising_n66.qasm,ab80ae764db392991593e3bcbcd8591ee74998c747b964f2713a822b30862fdc,.qasm,13371,66,787,16,ising,True,,0,selected
qasmbench,large/ising_n66/ising_n66_transpiled.qasm,/home/audrey/code_and_papers/2026/FAST2027/final/hilbert_thin_provisioning/external/QASMBench/large/ising_n66/ising_n66_transpiled.qasm,3b38ba6c58c2968fd4fd219899f2099b80dd6e40a6525c9f0717962895fd18c3,.qasm,10187,66,524,11,ising,True,,0,paired_source_transpilation_duplicate
qasmbench,large/ising_n98/ising_n98.qasm,/home/audrey/code_and_papers/2026/FAST2027/final/hilbert_thin_provisioning/external/QASMBench/large/ising_n98/ising_n98.qasm,a5df0fa957b250a59561348cf0d3b30f01626634b33cfbaea09d32f770a5f8af,.qasm,19987,98,1171,16,ising,True,,0,selected
qasmbench,large/ising_n98/ising_n98_transpiled.qasm,/home/audrey/code_and_papers/2026/FAST2027/final/hilbert_thin_provisioning/external/QASMBench/large/ising_n98/ising_n98_transpiled.qasm,af503715392d83139c74536eca963b4aed84ae09a1d010a621bd8944ba94dea4,.qasm,15194,98,780,11,ising,True,,0,paired_source_transpilation_duplicate
qasmbench,large/knn_n129/knn_129.qasm,/home/audrey/code_and_papers/2026/FAST2027/final/hilbert_thin_provisioning/external/QASMBench/large/knn_n129/knn_129.qasm,308b2ba169c3c4f86b42cc4eba92cbb0cb3ded9eb91d0f9681b885d3c6236aed,.qasm,4715,129,195,67,unknown,True,,0,analysis_size_guard
qasmbench,large/knn_n129/knn_129_transpiled.qasm,/home/audrey/code_and_papers/2026/FAST2027/final/hilbert_thin_provisioning/external/QASMBench/large/knn_n129/knn_129_transpiled.qasm,293e0c9e4d575c1e9ae025c219277b126a1946dfeac33f7af67f8513c0c7f277,.qasm,29838,129,1799,526,unknown,True,,0,analysis_size_guard
qasmbench,large/knn_n31/knn_n31.qasm,/home/audrey/code_and_papers/2026/FAST2027/final/hilbert_thin_provisioning/external/QASMBench/large/knn_n31/knn_n31.qasm,7f5af7d17ec13348df03c30e665aec773b04fcd65fb7e4d536866d820ca43bc0,.qasm,1159,31,48,18,unknown,True,,0,selected
qasmbench,large/knn_n31/knn_n31_transpiled.qasm,/home/audrey/code_and_papers/2026/FAST2027/final/hilbert_thin_provisioning/external/QASMBench/large/knn_n31/knn_n31_transpiled.qasm,f7b049eacca4d9cd063911a7878819bffeebc058d525d401efc43c6045ef63e5,.qasm,6909,31,427,134,unknown,True,,0,paired_source_transpilation_duplicate
qasmbench,large/knn_n341/knn_341.qasm,/home/audrey/code_and_papers/2026/FAST2027/final/hilbert_thin_provisioning/external/QASMBench/large/knn_n341/knn_341.qasm,b5dc7e620132f3294015585cb3b4accc3c63b20b4c1ca501958eac0f2dd1d526,.qasm,12723,341,513,173,unknown,True,,0,analysis_size_guard
qasmbench,large/knn_n341/knn_341_transpiled.qasm,/home/audrey/code_and_papers/2026/FAST2027/final/hilbert_thin_provisioning/external/QASMBench/large/knn_n341/knn_341_transpiled.qasm,dbc3cb20f24f016fe89834a0b3661c2a24c46c1ecbeb1e2274d443d599a2bfa4,.qasm,81751,341,4767,1374,unknown,True,,0,analysis_size_guard
qasmbench,large/knn_n41/knn_n41.qasm,/home/audrey/code_and_papers/2026/FAST2027/final/hilbert_thin_provisioning/external/QASMBench/large/knn_n41/knn_n41.qasm,0b62f07ebd93d7a043e26669a353b3534661c4b26eab54d206e9d5dae792543e,.qasm,1859,41,63,23,unknown,True,,0,selected
qasmbench,large/knn_n67/knn_n67.qasm,/home/audrey/code_and_papers/2026/FAST2027/final/hilbert_thin_provisioning/external/QASMBench/large/knn_n67/knn_n67.qasm,3368a00839e39ee324d2208b0f3eb39a271c1cb3a98699fdbed13bdda533c30a,.qasm,2443,67,102,36,unknown,True,,0,selected
qasmbench,large/knn_n67/knn_n67_transpiled.qasm,/home/audrey/code_and_papers/2026/FAST2027/final/hilbert_thin_provisioning/external/QASMBench/large/knn_n67/knn_n67_transpiled.qasm,8789c9c64ced307e5d714f7e97bbacf09af4527f809495d3e7353b10b50979a7,.qasm,15121,67,931,278,unknown,True,,0,paired_source_transpilation_duplicate
qasmbench,large/multiplier_n350/multiplier_n350.qasm,/home/audrey/code_and_papers/2026/FAST2027/final/hilbert_thin_provisioning/external/QASMBench/large/multiplier_n350/multiplier_n350.qasm,d1de151becada0b2723f5aadf2984c2a73fa60b1ce9611d114e19a507c4f14ef,.qasm,1043937,350,43854,29193,arithmetic,True,,0,analysis_size_guard
qasmbench,large/multiplier_n350/multiplier_n350_transpiled.qasm,/home/audrey/code_and_papers/2026/FAST2027/final/hilbert_thin_provisioning/external/QASMBench/large/multiplier_n350/multiplier_n350_transpiled.qasm,0c52954c7e3c750c119f1d71e0fa4870fcc4ecb18b90886ad0258b53792a7188,.qasm,6393611,350,350869,155429,arithmetic,True,,0,analysis_size_guard
qasmbench,large/multiplier_n400/multiplier_n400.qasm,/home/audrey/code_and_papers/2026/FAST2027/final/hilbert_thin_provisioning/external/QASMBench/large/multiplier_n400/multiplier_n400.qasm,5258c62c7ac1026d97c690126dd59feef793bc56f93194481d27578cbd45c3e5,.qasm,1373210,400,57317,38163,arithmetic,True,,0,analysis_size_guard
qasmbench,large/multiplier_n400/multiplier_n400_transpiled.qasm,/home/audrey/code_and_papers/2026/FAST2027/final/hilbert_thin_provisioning/external/QASMBench/large/multiplier_n400/multiplier_n400_transpiled.qasm,b51d6601a2b1121a21ce4dff7ae9365073cd19ae8ea0f7676a582ae9819dd3d9,.qasm,8394244,400,458592,203229,arithmetic,True,,0,analysis_size_guard
qasmbench,large/multiplier_n45/multiplier_n45.qasm,/home/audrey/code_and_papers/2026/FAST2027/final/hilbert_thin_provisioning/external/QASMBench/large/multiplier_n45/multiplier_n45.qasm,606b3ce2308cf7ca71c7c0b800e76370c3530ad255906431099c4292bec13e34,.qasm,15090,45,698,462,arithmetic,True,,0,selected
qasmbench,large/multiplier_n45/multiplier_n45_transpiled.qasm,/home/audrey/code_and_papers/2026/FAST2027/final/hilbert_thin_provisioning/external/QASMBench/large/multiplier_n45/multiplier_n45_transpiled.qasm,b30dac34c3db0be514bdfc1312ad0ba376e4c54079eef3c24288f290157a4c3c,.qasm,94671,45,5580,2441,arithmetic,True,,0,paired_source_transpilation_duplicate
qasmbench,large/multiplier_n75/multiplier_n75.qasm,/home/audrey/code_and_papers/2026/FAST2027/final/hilbert_thin_provisioning/external/QASMBench/large/multiplier_n75/multiplier_n75.qasm,a32cc4f8dccd803af702d55a5b16cd657899016df0695b9027309d369a72cd8b,.qasm,43292,75,1972,1308,arithmetic,True,,0,selected
qasmbench,large/multiplier_n75/multiplier_n75_transpiled.qasm,/home/audrey/code_and_papers/2026/FAST2027/final/hilbert_thin_provisioning/external/QASMBench/large/multiplier_n75/multiplier_n75_transpiled.qasm,7b7595fc3f3c91185b31ae4feb2538c7d43d05f517126686d99155536433bfc4,.qasm,270839,75,15782,6929,arithmetic,True,,0,paired_source_transpilation_duplicate
qasmbench,large/qft_n160/qft_n160.qasm,/home/audrey/code_and_papers/2026/FAST2027/final/hilbert_thin_provisioning/external/QASMBench/large/qft_n160/qft_n160.qasm,f386a94358ecd1a634245db452bc8e00f6ea89698632a3ebb25ddec8f0067e0b,.qasm,1125358,160,63921,1270,qft,True,,0,analysis_size_guard
qasmbench,large/qft_n160/qft_n160_transpiled.qasm,/home/audrey/code_and_papers/2026/FAST2027/final/hilbert_thin_provisioning/external/QASMBench/large/qft_n160/qft_n160_transpiled.qasm,0b2c56eb2982d3dd142a6229338f9fc925c78b44498909a48b87e097b5f6f136,.qasm,591607,160,28541,1274,qft,True,,0,analysis_size_guard
qasmbench,large/qft_n29/qft_n29.qasm,/home/audrey/code_and_papers/2026/FAST2027/final/hilbert_thin_provisioning/external/QASMBench/large/qft_n29/qft_n29.qasm,e17668cbd88ae90820a1498c4b71d9e3539fbacf1e7d9c4e08d5f9d5eb6564c3,.qasm,36511,29,2089,222,qft,True,,0,selected
qasmbench,large/qft_n29/qft_n29_transpiled.qasm,/home/audrey/code_and_papers/2026/FAST2027/final/hilbert_thin_provisioning/external/QASMBench/large/qft_n29/qft_n29_transpiled.qasm,1e76d27d313ba4de8f7be63fa8d194ae9af364e1779b840dce2d25e4c74a49c3,.qasm,37448,29,2147,226,qft,True,,0,paired_source_transpilation_duplicate
qasmbench,large/qft_n320/qft_n320.qasm,/home/audrey/code_and_papers/2026/FAST2027/final/hilbert_thin_provisioning/external/QASMBench/large/qft_n320/qft_n320.qasm,109a02d9cec5617edeea026b20947fc84cc0b2dd93e4af35e4df3b59476fd612,.qasm,4285358,320,255841,2550,qft,True,,0,analysis_size_guard
qasmbench,large/qft_n320/qft_n320_transpiled.qasm,/home/audrey/code_and_papers/2026/FAST2027/final/hilbert_thin_provisioning/external/QASMBench/large/qft_n320/qft_n320_transpiled.qasm,091c6b8171a35e9021d83a5b7b8ac0e34211c6e9cb41bf2974f34b10e47eec9e,.qasm,1308407,320,61181,2554,qft,True,,0,analysis_size_guard
qasmbench,large/qft_n63/qft_n63.qasm,/home/audrey/code_and_papers/2026/FAST2027/final/hilbert_thin_provisioning/external/QASMBench/large/qft_n63/qft_n63.qasm,6fad7f3a11b4f50b10a467b076521d22891505bb759f63146be84e74225417ba,.qasm,188163,63,9892,494,qft,True,,0,selected
qasmbench,large/qft_n63/qft_n63_transpiled.qasm,/home/audrey/code_and_papers/2026/FAST2027/final/hilbert_thin_provisioning/external/QASMBench/large/qft_n63/qft_n63_transpiled.qasm,5a1531c663828343abc85d175a2dcb4a6d90ed143dcd96f15d5f7a801478dfbf,.qasm,170906,63,8753,498,qft,True,,0,paired_source_transpilation_duplicate
qasmbench,large/quantum_telecloning_N1_M100_LNN/Quantum_Telecloning_N1_M100_LNN.qasm3,/home/audrey/code_and_papers/2026/FAST2027/final/hilbert_thin_provisioning/external/QASMBench/large/quantum_telecloning_N1_M100_LNN/Quantum_Telecloning_N1_M100_LNN.qasm3,86eabc7b9c0d116283025559fe1182b209f815d0d0b141fc5bb4d328660cbd19,.qasm3,1484662,,,,unknown,False,,0,parse_failure
qasmbench,large/quantum_telecloning_N1_M100_all_to_all/Quantum_Telecloning_N1_M100_all_to_all.qasm3,/home/audrey/code_and_papers/2026/FAST2027/final/hilbert_thin_provisioning/external/QASMBench/large/quantum_telecloning_N1_M100_all_to_all/Quantum_Telecloning_N1_M100_all_to_all.qasm3,2e50227a74f97f208367de108b7b6b6a7633aa0afdc60fcb2151c39783a33257,.qasm3,1129670,,,,unknown,False,,0,parse_failure
qasmbench,large/qugan_n111/qugan_n111.qasm,/home/audrey/code_and_papers/2026/FAST2027/final/hilbert_thin_provisioning/external/QASMBench/large/qugan_n111/qugan_n111.qasm,949bc69389fd910b0ca274a878632ccc7bfd312623ee9d1eb466f054ec1a9bde,.qasm,29244,111,438,112,unknown,True,,0,selected
qasmbench,large/qugan_n111/qugan_n111_transpiled.qasm,/home/audrey/code_and_papers/2026/FAST2027/final/hilbert_thin_provisioning/external/QASMBench/large/qugan_n111/qugan_n111_transpiled.qasm,0112c1cd640bb8e893ef90027171f1f0d31863fa8254a2e80e25830595153c49,.qasm,51692,111,3107,728,unknown,True,,0,paired_source_transpilation_duplicate
qasmbench,large/qugan_n39/qugan_n39.qasm,/home/audrey/code_and_papers/2026/FAST2027/final/hilbert_thin_provisioning/external/QASMBench/large/qugan_n39/qugan_n39.qasm,4b4358666bd1091cb6c2877a2f4a161c5bfeb2e60755412f16c082b7f791963f,.qasm,9781,39,150,40,unknown,True,,0,selected
qasmbench,large/qugan_n39/qugan_n39_transpiled.qasm,/home/audrey/code_and_papers/2026/FAST2027/final/hilbert_thin_provisioning/external/QASMBench/large/qugan_n39/qugan_n39_transpiled.qasm,95337b97d1c66be28c67d81112a0529865013ec592cc1f32c156b2e96cd54512,.qasm,17291,39,1055,260,unknown,True,,0,paired_source_transpilation_duplicate
qasmbench,large/qugan_n395/qugan_n395.qasm,/home/audrey/code_and_papers/2026/FAST2027/final/hilbert_thin_provisioning/external/QASMBench/large/qugan_n395/qugan_n395.qasm,f58ddc98613854ced82f3e14406fec605e57328fdc41f986037cb3b5b2e55abe,.qasm,107764,395,1574,396,unknown,True,,0,analysis_size_guard
qasmbench,large/qugan_n395/qugan_n395_transpiled.qasm,/home/audrey/code_and_papers/2026/FAST2027/final/hilbert_thin_provisioning/external/QASMBench/large/qugan_n395/qugan_n395_transpiled.qasm,40c83b1187332345f769713a07da09871ca4e74bdca1947aa6e06176e76645c5,.qasm,195894,395,11201,2574,unknown,True,,0,analysis_size_guard
qasmbench,large/qugan_n71/qugan_n71.qasm,/home/audrey/code_and_papers/2026/FAST2027/final/hilbert_thin_provisioning/external/QASMBench/large/qugan_n71/qugan_n71.qasm,4ed00f78f929652258fa329a80923f0b17d2514e14c3c4c6a2e606382570cdab,.qasm,18400,71,278,72,unknown,True,,0,selected
qasmbench,large/qugan_n71/qugan_n71_transpiled.qasm,/home/audrey/code_and_papers/2026/FAST2027/final/hilbert_thin_provisioning/external/QASMBench/large/qugan_n71/qugan_n71_transpiled.qasm,687bed56ca3f5e55aa651ff86ed4e02c0b91f2437d7797a48beb68d46e058f63,.qasm,32399,71,1967,468,unknown,True,,0,paired_source_transpilation_duplicate
qasmbench,large/square_root_n45/square_root_n45.qasm,/home/audrey/code_and_papers/2026/FAST2027/final/hilbert_thin_provisioning/external/QASMBench/large/square_root_n45/square_root_n45.qasm,1ab43276437fe6002f2464cbb8756e30a7a7f8d57b84c5df990b39fadf8f8cc6,.qasm,439987,45,31095,9406,arithmetic,True,,0,selected
qasmbench,large/square_root_n45/square_root_n45_transpiled.qasm,/home/audrey/code_and_papers/2026/FAST2027/final/hilbert_thin_provisioning/external/QASMBench/large/square_root_n45/square_root_n45_transpiled.qasm,931080df4396cb7b24f684ec9dc81a1b7a575779f7b0acae4070b0248f51d77a,.qasm,2569268,45,169611,84936,arithmetic,True,,0,analysis_size_guard
qasmbench,large/square_root_n60/square_root_n60.qasm,/home/audrey/code_and_papers/2026/FAST2027/final/hilbert_thin_provisioning/external/QASMBench/large/square_root_n60/square_root_n60.qasm,9eca8cadef1060758fc0653732795ee5e766c58d28b4b49bace733dc20127f3c,.qasm,3381551,60,236563,69993,arithmetic,True,,0,analysis_size_guard
qasmbench,large/square_root_n60/square_root_n60_transpiled.qasm,/home/audrey/code_and_papers/2026/FAST2027/final/hilbert_thin_provisioning/external/QASMBench/large/square_root_n60/square_root_n60_transpiled.qasm,1801c58ff2f69f84c8d0254880504a1b49f1acc81980ba7b2f1f41d0fa1dd13d,.qasm,19754756,60,,,arithmetic,False,size_guard_not_attempted,0,size_guard_not_attempted
qasmbench,large/swap_test_n115/swap_test_n115.qasm,/home/audrey/code_and_papers/2026/FAST2027/final/hilbert_thin_provisioning/external/QASMBench/large/swap_test_n115/swap_test_n115.qasm,52f452fdbb48d20b981d1a4d1292b80790f2dfe23f1a3d3477cc4cc00d6abf5c,.qasm,4226,115,174,60,swap_test,True,,0,selected
qasmbench,large/swap_test_n115/swap_test_n115_transpiled.qasm,/home/audrey/code_and_papers/2026/FAST2027/final/hilbert_thin_provisioning/external/QASMBench/large/swap_test_n115/swap_test_n115_transpiled.qasm,ab4a7a5b95b1704ae91764ed98ad6ce21cea5d0e7deb6c2f7d360b8c1cf4c3e4,.qasm,29464,115,1717,471,swap_test,True,,0,paired_source_transpilation_duplicate
qasmbench,large/swap_test_n361/swap_test_n361.qasm,/home/audrey/code_and_papers/2026/FAST2027/final/hilbert_thin_provisioning/external/QASMBench/large/swap_test_n361/swap_test_n361.qasm,3a18b5d650f327fef40b43e5cd15977526145cbbf1704e0bc796d8d7a6ba286a,.qasm,13564,361,543,183,swap_test,True,,0,analysis_size_guard
qasmbench,large/swap_test_n361/swap_test_n361_transpiled.qasm,/home/audrey/code_and_papers/2026/FAST2027/final/hilbert_thin_provisioning/external/QASMBench/large/swap_test_n361/swap_test_n361_transpiled.qasm,b124669b064cbe0cfabd2efbbe48d471878845449e6e88570d825a8ecbf4236b,.qasm,96639,361,5407,1455,swap_test,True,,0,analysis_size_guard
qasmbench,large/swap_test_n41/swap_test_n41.qasm,/home/audrey/code_and_papers/2026/FAST2027/final/hilbert_thin_provisioning/external/QASMBench/large/swap_test_n41/swap_test_n41.qasm,1637275b83d889f9b8f7352947f125ceee8fde7e5977b4da245467342ff9987b,.qasm,1525,41,63,23,swap_test,True,,0,selected
qasmbench,large/swap_test_n41/swap_test_n41_transpiled.qasm,/home/audrey/code_and_papers/2026/FAST2027/final/hilbert_thin_provisioning/external/QASMBench/large/swap_test_n41/swap_test_n41_transpiled.qasm,b9e11ec5c46a606f3abfb4a257908053410fbda0e7f9a9f63749fc1a91d71379,.qasm,10270,41,607,175,swap_test,True,,0,paired_source_transpilation_duplicate
qasmbench,large/swap_test_n83/swap_test_n83.qasm,/home/audrey/code_and_papers/2026/FAST2027/final/hilbert_thin_provisioning/external/QASMBench/large/swap_test_n83/swap_test_n83.qasm,f424a498f16be2a3f656c5394754e9fc154c645acf803ea6c0347b2911805eb4,.qasm,3038,83,126,44,swap_test,True,,0,selected
qasmbench,large/swap_test_n83/swap_test_n83_transpiled.qasm,/home/audrey/code_and_papers/2026/FAST2027/final/hilbert_thin_provisioning/external/QASMBench/large/swap_test_n83/swap_test_n83_transpiled.qasm,4f5d9129850212bd61b65201a582c6968664d6d2652399f8940112524bb82013,.qasm,20993,83,1237,343,swap_test,True,,0,paired_source_transpilation_duplicate
qasmbench,large/vqe_uccsd_n28/vqe_uccsd_n28.qasm,/home/audrey/code_and_papers/2026/FAST2027/final/hilbert_thin_provisioning/external/QASMBench/large/vqe_uccsd_n28/vqe_uccsd_n28.qasm,210f623f700919c1094c6b1b4c06b38f01c022eae5d210d7cac029670605194d,.qasm,9741472,,,,vqe,False,,0,parse_failure
qasmbench,large/vqe_uccsd_n28/vqe_uccsd_n28_transpiled.qasm,/home/audrey/code_and_papers/2026/FAST2027/final/hilbert_thin_provisioning/external/QASMBench/large/vqe_uccsd_n28/vqe_uccsd_n28_transpiled.qasm,263c7faaf39076167689ad1469928bd95d9a74a694c296a91caa45e59e48e9a1,.qasm,5005394,,,,vqe,False,,0,parse_failure
qasmbench,large/wstate_n118/wstate_n118.qasm,/home/audrey/code_and_papers/2026/FAST2027/final/hilbert_thin_provisioning/external/QASMBench/large/wstate_n118/wstate_n118.qasm,f7dbdb1c724d36e4b3a226d78456a60ae88b39ea950200bbf22f6abb45b6af55,.qasm,12788,118,588,237,state_preparation,True,,0,selected
qasmbench,large/wstate_n118/wstate_n118_transpiled.qasm,/home/audrey/code_and_papers/2026/FAST2027/final/hilbert_thin_provisioning/external/QASMBench/large/wstate_n118/wstate_n118_transpiled.qasm,4e3d4e54586b01e22e4600ac23f62afcf87daca543db7ee9d7b25f4e11fbf0f5,.qasm,17673,118,1056,473,state_preparation,True,,0,paired_source_transpilation_duplicate
qasmbench,large/wstate_n36/wstate_n36.qasm,/home/audrey/code_and_papers/2026/FAST2027/final/hilbert_thin_provisioning/external/QASMBench/large/wstate_n36/wstate_n36.qasm,6cc4f6ee67aeb3b4b565d801f6514cde8173e45eedbe8b935ffcc87d4b5ecc09,.qasm,3788,36,178,73,state_preparation,True,,0,stratum_not_selected
qasmbench,large/wstate_n36/wstate_n36_transpiled.qasm,/home/audrey/code_and_papers/2026/FAST2027/final/hilbert_thin_provisioning/external/QASMBench/large/wstate_n36/wstate_n36_transpiled.qasm,a082fe62ed48ae6d4a15382cc77007372036b0e101fe7acdd33a7e93040eb0e0,.qasm,5189,36,318,145,state_preparation,True,,0,paired_source_transpilation_duplicate
qasmbench,large/wstate_n380/wstate_n380.qasm,/home/audrey/code_and_papers/2026/FAST2027/final/hilbert_thin_provisioning/external/QASMBench/large/wstate_n380/wstate_n380.qasm,d55e760505c1f96b18b64a0b88e463b45442419e103ea72eeff8de23196fbe2d,.qasm,43388,380,1898,761,state_preparation,True,,0,analysis_size_guard
qasmbench,large/wstate_n380/wstate_n380_transpiled.qasm,/home/audrey/code_and_papers/2026/FAST2027/final/hilbert_thin_provisioning/external/QASMBench/large/wstate_n380/wstate_n380_transpiled.qasm,ac57564e1d4032e640f66898449103e6d4eb9aed21d9fbc30b31946b0c67d50e,.qasm,60641,380,3414,1521,state_preparation,True,,0,analysis_size_guard
qasmbench,large/wstate_n76/wstate_n76.qasm,/home/audrey/code_and_papers/2026/FAST2027/final/hilbert_thin_provisioning/external/QASMBench/large/wstate_n76/wstate_n76.qasm,b11a71ff3339a21822470839a6155ae505d1bc0bc885788181fe58c8b41bbcac,.qasm,8098,76,378,153,state_preparation,True,,0,selected
qasmbench,large/wstate_n76/wstate_n76_transpiled.qasm,/home/audrey/code_and_papers/2026/FAST2027/final/hilbert_thin_provisioning/external/QASMBench/large/wstate_n76/wstate_n76_transpiled.qasm,693455c43a1e3665068428dcfe9e25f4d42c8c6afc39e4aef020feed4864e051,.qasm,11149,76,678,305,state_preparation,True,,0,paired_source_transpilation_duplicate
qasmbench,medium/bigadder_n18/bigadder_n18.qasm,/home/audrey/code_and_papers/2026/FAST2027/final/hilbert_thin_provisioning/external/QASMBench/medium/bigadder_n18/bigadder_n18.qasm,097ac44672d0bb9696cd77e561bc094a661f45fa84762373df840efddac4d094,.qasm,1227,18,21,4,arithmetic,True,,0,stratum_not_selected
qasmbench,medium/bigadder_n18/bigadder_n18_transpiled.qasm,/home/audrey/code_and_papers/2026/FAST2027/final/hilbert_thin_provisioning/external/QASMBench/medium/bigadder_n18/bigadder_n18_transpiled.qasm,a49ee4cd0b5320faa606a4adcac5f3cc82218d544c701a185126b5c3cf6e8c90,.qasm,5093,18,339,181,arithmetic,True,,0,paired_source_transpilation_duplicate
qasmbench,medium/bv_n14/bv_n14.qasm,/home/audrey/code_and_papers/2026/FAST2027/final/hilbert_thin_provisioning/external/QASMBench/medium/bv_n14/bv_n14.qasm,c98cf8b70ed55423525f55bebe8293fd69a97a33472d83cbf5d39693b6ed5e14,.qasm,1176,14,56,17,bernstein_vazirani,True,,0,selected
qasmbench,medium/bv_n14/bv_n14_transpiled.qasm,/home/audrey/code_and_papers/2026/FAST2027/final/hilbert_thin_provisioning/external/QASMBench/medium/bv_n14/bv_n14_transpiled.qasm,edcef19ef3ef9fdae0c3072ec546618d9fb7c2d7ef44a4c5e49b031109fdd60d,.qasm,1954,14,109,20,bernstein_vazirani,True,,0,paired_source_transpilation_duplicate
qasmbench,medium/bv_n19/bv_n19.qasm,/home/audrey/code_and_papers/2026/FAST2027/final/hilbert_thin_provisioning/external/QASMBench/medium/bv_n19/bv_n19.qasm,e80db1204270dc9fdf894c8acc682c2a2883c653185c61dcdc77a99ce5b6723a,.qasm,1571,19,76,22,bernstein_vazirani,True,,0,selected
qasmbench,medium/bv_n19/bv_n19_transpiled.qasm,/home/audrey/code_and_papers/2026/FAST2027/final/hilbert_thin_provisioning/external/QASMBench/medium/bv_n19/bv_n19_transpiled.qasm,3218ffba591c1c889a22315b4e9f5680aabf7ce79181e8bf9188693318f22562,.qasm,2694,19,149,25,bernstein_vazirani,True,,0,paired_source_transpilation_duplicate
qasmbench,medium/bwt_n21/bwt_n21.qasm,/home/audrey/code_and_papers/2026/FAST2027/final/hilbert_thin_provisioning/external/QASMBench/medium/bwt_n21/bwt_n21.qasm,d53499b597f9f1f3253758501cbacbfb468fdcc77192d7f6f320ee5284bdefd4,.qasm,1476439,21,112830,53601,unknown,True,,0,analysis_size_guard
qasmbench,medium/bwt_n21/bwt_n21_transpiled.qasm,/home/audrey/code_and_papers/2026/FAST2027/final/hilbert_thin_provisioning/external/QASMBench/medium/bwt_n21/bwt_n21_transpiled.qasm,edaf35acaae796f54f892bd6e8419c8ffcaebcaebc9b08100e24af38f8194ebe,.qasm,6696635,21,452044,227602,unknown,True,,0,analysis_size_guard
qasmbench,medium/cat_state_n22/cat_state_n22.qasm,/home/audrey/code_and_papers/2026/FAST2027/final/hilbert_thin_provisioning/external/QASMBench/medium/cat_state_n22/cat_state_n22.qasm,a7b6a6a5c83397281250f255ce303f34e90c65d3990ef5b3ecc96fc685083c1e,.qasm,1105,22,45,23,state_preparation,True,,0,selected
qasmbench,medium/cat_state_n22/cat_state_n22_transpiled.qasm,/home/audrey/code_and_papers/2026/FAST2027/final/hilbert_thin_provisioning/external/QASMBench/medium/cat_state_n22/cat_state_n22_transpiled.qasm,ec1a5aca140c4147abc75a5c9baddc6f62d3aacae643cadda9e680d3a6b54747,.qasm,1136,22,47,25,state_preparation,True,,0,paired_source_transpilation_duplicate
qasmbench,medium/cc_n12/cc_n12.qasm,/home/audrey/code_and_papers/2026/FAST2027/final/hilbert_thin_provisioning/external/QASMBench/medium/cc_n12/cc_n12.qasm,67cd81d8392049d251e32e4ad1d7399706c054f829f1ab347c3995fe72d914af,.qasm,1440,12,61,39,unknown,True,,0,stratum_not_selected
qasmbench,medium/cc_n12/cc_n12_transpiled.qasm,/home/audrey/code_and_papers/2026/FAST2027/final/hilbert_thin_provisioning/external/QASMBench/medium/cc_n12/cc_n12_transpiled.qasm,48e7e6310bb268e8f31bf538a63b3647d8234bdca6c10f7e8bee17bb5099cf11,.qasm,2984,12,129,87,unknown,True,,0,paired_source_transpilation_duplicate
qasmbench,medium/dnn_n16/dnn_n16.qasm,/home/audrey/code_and_papers/2026/FAST2027/final/hilbert_thin_provisioning/external/QASMBench/medium/dnn_n16/dnn_n16.qasm,c194be8740c380fc9679ebcca2515ac52215aea1c58dc5cfc507679a88c64d79,.qasm,46656,16,2032,173,quantum_ml,True,,0,selected
qasmbench,medium/dnn_n16/dnn_n16_transpiled.qasm,/home/audrey/code_and_papers/2026/FAST2027/final/hilbert_thin_provisioning/external/QASMBench/medium/dnn_n16/dnn_n16_transpiled.qasm,24c990e5731095726230710340781b789af20e884da5b8870f5b3cfc4141426b,.qasm,41872,16,2848,246,quantum_ml,True,,0,paired_source_transpilation_duplicate
qasmbench,medium/factor247_n15/factor247_n15.qasm,/home/audrey/code_and_papers/2026/FAST2027/final/hilbert_thin_provisioning/external/QASMBench/medium/factor247_n15/factor247_n15.qasm,eb18ab2af0cb5c41e4901104bef1a28626676e8d9be4839b0bf597ba81e4f11c,.qasm,8224552,15,660573,492324,factoring,True,,0,analysis_size_guard
qasmbench,medium/gcm_n13/gcm_h6.qasm,/home/audrey/code_and_papers/2026/FAST2027/final/hilbert_thin_provisioning/external/QASMBench/medium/gcm_n13/gcm_h6.qasm,2519fdb644635c9f21671c725c23d83893e2b62ccfd926fe2d85b868a01e2bcd,.qasm,47454,13,3149,2447,unknown,True,,0,selected
qasmbench,medium/ghz_state_n23/ghz_state_n23.qasm,/home/audrey/code_and_papers/2026/FAST2027/final/hilbert_thin_provisioning/external/QASMBench/medium/ghz_state_n23/ghz_state_n23.qasm,27e77c753e2993b3b4785872ec83d434dfac62cc526f4ee574347e6f5c8986ff,.qasm,1154,23,47,24,state_preparation,True,,0,selected
qasmbench,medium/ghz_state_n23/ghz_state_n23_transpiled.qasm,/home/audrey/code_and_papers/2026/FAST2027/final/hilbert_thin_provisioning/external/QASMBench/medium/ghz_state_n23/ghz_state_n23_transpiled.qasm,c1d2608599c08eabe4afe3cd9858db963e40a3a5423028e0f43f03d8fa39a4ff,.qasm,1185,23,49,26,state_preparation,True,,0,paired_source_transpilation_duplicate
qasmbench,medium/hhl_n14/hhl_n14.qasm,/home/audrey/code_and_papers/2026/FAST2027/final/hilbert_thin_provisioning/external/QASMBench/medium/hhl_n14/hhl_n14.qasm,db9a67316219936e78f2dd60e72aa215cf048a80f21a323dabbdfc24f19e701e,.qasm,85281883,14,,,unknown,False,size_guard_not_attempted,0,size_guard_not_attempted
qasmbench,medium/ising_n26/ising_n26.qasm,/home/audrey/code_and_papers/2026/FAST2027/final/hilbert_thin_provisioning/external/QASMBench/medium/ising_n26/ising_n26.qasm,ac0dc5f6af55575ad454ce16f78820fa7e1aa16b027a6ab8e49af82b276054ba,.qasm,5155,26,307,16,ising,True,,0,selected
qasmbench,medium/ising_n26/ising_n26_transpiled.qasm,/home/audrey/code_and_papers/2026/FAST2027/final/hilbert_thin_provisioning/external/QASMBench/medium/ising_n26/ising_n26_transpiled.qasm,287a5319fb10b7d1218da635ce02f9b43a70c7e2b0f2d886df56e342bcdf1442,.qasm,3940,26,204,11,ising,True,,0,paired_source_transpilation_duplicate
qasmbench,medium/knn_n25/knn_n25.qasm,/home/audrey/code_and_papers/2026/FAST2027/final/hilbert_thin_provisioning/external/QASMBench/medium/knn_n25/knn_n25.qasm,44d66b3aaca346922c64a61316bf166278621667e804fd59ea40eb465c33e678,.qasm,941,25,39,15,unknown,True,,0,selected
qasmbench,medium/knn_n25/knn_n25_transpiled.qasm,/home/audrey/code_and_papers/2026/FAST2027/final/hilbert_thin_provisioning/external/QASMBench/medium/knn_n25/knn_n25_transpiled.qasm,9955abf5b9b78e8ecfab625f70bd6514f597e715df687bc81dc62943b216b4a8,.qasm,5535,25,343,110,unknown,True,,0,paired_source_transpilation_duplicate
qasmbench,medium/multiplier_n15/multiplier_n15.qasm,/home/audrey/code_and_papers/2026/FAST2027/final/hilbert_thin_provisioning/external/QASMBench/medium/multiplier_n15/multiplier_n15.qasm,e8ad585e5be09f96dd60f7495bd649562c6c05f8bf5d8a416b85a9d834e7eab8,.qasm,1501,15,73,49,arithmetic,True,,0,selected
qasmbench,medium/multiplier_n15/multiplier_n15_transpiled.qasm,/home/audrey/code_and_papers/2026/FAST2027/final/hilbert_thin_provisioning/external/QASMBench/medium/multiplier_n15/multiplier_n15_transpiled.qasm,a3e57b1cfe8d709ac44043e42de135db06b34b91eb8652537d0d06b3dab13c3e,.qasm,8346,15,563,257,arithmetic,True,,0,paired_source_transpilation_duplicate
qasmbench,medium/multiply_n13/multiply_n13.qasm,/home/audrey/code_and_papers/2026/FAST2027/final/hilbert_thin_provisioning/external/QASMBench/medium/multiply_n13/multiply_n13.qasm,6d00a50a97f2224ddbb993ed3d82b1928cc1397997fc0347296d7fc42d731755,.qasm,1003,13,21,8,unknown,True,,0,stratum_not_selected
qasmbench,medium/multiply_n13/multiply_n13_transpiled.qasm,/home/audrey/code_and_papers/2026/FAST2027/final/hilbert_thin_provisioning/external/QASMBench/medium/multiply_n13/multiply_n13_transpiled.qasm,c20e2217781d666bdbf977851ad49665f6cc0f86a49610ea670e6eaf479d6374,.qasm,2028,13,123,45,unknown,True,,0,paired_source_transpilation_duplicate
qasmbench,medium/qec9xz_n17/qec9xz_n17.qasm,/home/audrey/code_and_papers/2026/FAST2027/final/hilbert_thin_provisioning/external/QASMBench/medium/qec9xz_n17/qec9xz_n17.qasm,27399092d22b16052641827cf12c87f524342ec308d8a2f6589a2d9f815682d3,.qasm,965,17,61,16,qec,True,,0,selected
qasmbench,medium/qec9xz_n17/qec9xz_n17_transpiled.qasm,/home/audrey/code_and_papers/2026/FAST2027/final/hilbert_thin_provisioning/external/QASMBench/medium/qec9xz_n17/qec9xz_n17_transpiled.qasm,4442f2aa1a3e52fb94cd4f937d1e322a51555b1fe6143a1092337f4c6778a180,.qasm,1658,17,103,24,qec,True,,0,paired_source_transpilation_duplicate
qasmbench,medium/qf21_n15/qf21_n15.qasm,/home/audrey/code_and_papers/2026/FAST2027/final/hilbert_thin_provisioning/external/QASMBench/medium/qf21_n15/qf21_n15.qasm,46a3b2997c7aa44c97396a55cd4f0c71004cce4fbb52bee55b4c8ffe4fc8c7f3,.qasm,1880,15,79,53,unknown,True,,0,selected
qasmbench,medium/qf21_n15/qf21_n15_transpiled.qasm,/home/audrey/code_and_papers/2026/FAST2027/final/hilbert_thin_provisioning/external/QASMBench/medium/qf21_n15/qf21_n15_transpiled.qasm,e51ef79497a2ee918d1915b8dde6ec001d13ce77f78976b184b84a6997612770,.qasm,5804,15,365,238,unknown,True,,0,paired_source_transpilation_duplicate
qasmbench,medium/qft_n18/qft_n18.qasm,/home/audrey/code_and_papers/2026/FAST2027/final/hilbert_thin_provisioning/external/QASMBench/medium/qft_n18/qft_n18.qasm,5ed6ee804a7067160294d7db81859886788ae56e853286e7307e9c74d5c35ab3,.qasm,13341,18,802,134,qft,True,,0,selected
qasmbench,medium/qft_n18/qft_n18_transpiled.qasm,/home/audrey/code_and_papers/2026/FAST2027/final/hilbert_thin_provisioning/external/QASMBench/medium/qft_n18/qft_n18_transpiled.qasm,f4a36ab424651f6507e981b78a4c72881050fa4e3892f69a1221a2e3ec7d04ea,.qasm,13915,18,838,138,qft,True,,0,paired_source_transpilation_duplicate
qasmbench,medium/qram_n20/qram_n20.qasm,/home/audrey/code_and_papers/2026/FAST2027/final/hilbert_thin_provisioning/external/QASMBench/medium/qram_n20/qram_n20.qasm,2b22f2a0a013cb91c5b59063b04e33998a1e24bbd5300a085b01edadd9ac763d,.qasm,1999,20,45,24,qram,True,,0,selected
qasmbench,medium/qram_n20/qram_n20_transpiled.qasm,/home/audrey/code_and_papers/2026/FAST2027/final/hilbert_thin_provisioning/external/QASMBench/medium/qram_n20/qram_n20_transpiled.qasm,806729b9462b8b38d565ed4435545a82924e86aa0dc5c99dad268d3a05e2d130,.qasm,6561,20,350,144,qram,True,,0,paired_source_transpilation_duplicate
qasmbench,medium/sat_n11/sat_n11.qasm,/home/audrey/code_and_papers/2026/FAST2027/final/hilbert_thin_provisioning/external/QASMBench/medium/sat_n11/sat_n11.qasm,a876bce6261e0c6b2eff07cca8606a6937fe37ba46d8b1c28cc735d9c8fa325e,.qasm,1664,11,95,51,unknown,True,,0,stratum_not_selected
qasmbench,medium/sat_n11/sat_n11_transpiled.qasm,/home/audrey/code_and_papers/2026/FAST2027/final/hilbert_thin_provisioning/external/QASMBench/medium/sat_n11/sat_n11_transpiled.qasm,7b11d8355df8f3cc72c33e72be6ad806f192e1bea16a0fbdd55d16d1996e1d22,.qasm,10591,11,735,458,unknown,True,,0,paired_source_transpilation_duplicate
qasmbench,medium/seca_n11/seca_n11.qasm,/home/audrey/code_and_papers/2026/FAST2027/final/hilbert_thin_provisioning/external/QASMBench/medium/seca_n11/seca_n11.qasm,42ed28a2fe7ef6e8f3498a4b4fe326886ba3ee730569874e6d6f928a4efb1b6a,.qasm,1800,11,80,39,unknown,True,,0,stratum_not_selected
qasmbench,medium/seca_n11/seca_n11_transpiled.qasm,/home/audrey/code_and_papers/2026/FAST2027/final/hilbert_thin_provisioning/external/QASMBench/medium/seca_n11/seca_n11_transpiled.qasm,28fcdf23731fa8e07f7c6c2d6f7b5b6bde1c438e0a63d7f5c8cc4b24111a9bbe,.qasm,4542,11,292,100,unknown,True,,0,paired_source_transpilation_duplicate
qasmbench,medium/square_root_n18/square_root_n18.qasm,/home/audrey/code_and_papers/2026/FAST2027/final/hilbert_thin_provisioning/external/QASMBench/medium/square_root_n18/square_root_n18.qasm,601bbadb967001504c15a00bc6740e7b91f4f125343af0bb2c3166f51515b650,.qasm,7648,18,558,203,arithmetic,True,,0,selected
qasmbench,medium/square_root_n18/square_root_n18_transpiled.qasm,/home/audrey/code_and_papers/2026/FAST2027/final/hilbert_thin_provisioning/external/QASMBench/medium/square_root_n18/square_root_n18_transpiled.qasm,c374828fce264c7c9e86cd8eba54a9df5cc698273786b5b130f4e9f26849f40e,.qasm,41595,18,2787,1430,arithmetic,True,,0,paired_source_transpilation_duplicate
qasmbench,medium/swap_test_n25/swap_test_n25.qasm,/home/audrey/code_and_papers/2026/FAST2027/final/hilbert_thin_provisioning/external/QASMBench/medium/swap_test_n25/swap_test_n25.qasm,45649f6f4af12870b87c8088d97e286fff709b34e38f6363fef79c35a6bda1f0,.qasm,949,25,39,15,swap_test,True,,0,selected
qasmbench,medium/swap_test_n25/swap_test_n25_transpiled.qasm,/home/audrey/code_and_papers/2026/FAST2027/final/hilbert_thin_provisioning/external/QASMBench/medium/swap_test_n25/swap_test_n25_transpiled.qasm,7a191159f9fb2c05fe2dc898addd055a1d45a56a40cafabd17c01bc10457f8de,.qasm,6181,25,367,111,swap_test,True,,0,paired_source_transpilation_duplicate
qasmbench,medium/vqe_n24/vqe_n24.qasm,/home/audrey/code_and_papers/2026/FAST2027/final/hilbert_thin_provisioning/external/QASMBench/medium/vqe_n24/vqe_n24.qasm,810251e4416db8dfde203818be620fa88d7ef7f5d1604d064087509ac2ff0b02,.qasm,33543292,24,,,vqe,False,size_guard_not_attempted,0,size_guard_not_attempted
qasmbench,medium/vqe_n24/vqe_n24_transpiled.qasm,/home/audrey/code_and_papers/2026/FAST2027/final/hilbert_thin_provisioning/external/QASMBench/medium/vqe_n24/vqe_n24_transpiled.qasm,af01a9aff64c740284d09d2dee23e2bc30a9cef3f4233c8c95baf313890a33cb,.qasm,31743284,24,,,vqe,False,size_guard_not_attempted,0,size_guard_not_attempted
qasmbench,medium/wstate_n27/wstate_n27.qasm,/home/audrey/code_and_papers/2026/FAST2027/final/hilbert_thin_provisioning/external/QASMBench/medium/wstate_n27/wstate_n27.qasm,ecd71063a3bf7e3a7a7440130c932f734aa13c6e368521e82a23f59572071a84,.qasm,2820,27,133,55,state_preparation,True,,0,selected
qasmbench,medium/wstate_n27/wstate_n27_transpiled.qasm,/home/audrey/code_and_papers/2026/FAST2027/final/hilbert_thin_provisioning/external/QASMBench/medium/wstate_n27/wstate_n27_transpiled.qasm,011a216a8abb1674a9b3b0dbb8b9879011e5f7cb2129c0815eb4a68d7b6b7131,.qasm,3848,27,237,109,state_preparation,True,,0,paired_source_transpilation_duplicate
qasmbench,small/adder_n10/adder_n10.qasm,/home/audrey/code_and_papers/2026/FAST2027/final/hilbert_thin_provisioning/external/QASMBench/small/adder_n10/adder_n10.qasm,89af975627593648e7aca6ac6cb936d2c872093c1eedcaa1b2ab4fa14b602624,.qasm,751,10,19,11,arithmetic,True,,0,selected
qasmbench,small/adder_n10/adder_n10_transpiled.qasm,/home/audrey/code_and_papers/2026/FAST2027/final/hilbert_thin_provisioning/external/QASMBench/small/adder_n10/adder_n10_transpiled.qasm,9902ec12307aa32f3609989bba8a2e8ae390839dd447f38d60ea9e7945bb449d,.qasm,2584,10,171,120,arithmetic,True,,0,paired_source_transpilation_duplicate
qasmbench,small/adder_n4/adder_n4.qasm,/home/audrey/code_and_papers/2026/FAST2027/final/hilbert_thin_provisioning/external/QASMBench/small/adder_n4/adder_n4.qasm,30f0be9eb50d37ab2de7c87676e32ff7c66bc67eff32dfeafa0cf69951d92438,.qasm,398,4,27,12,arithmetic,True,,0,selected
qasmbench,small/adder_n4/adder_n4_transpiled.qasm,/home/audrey/code_and_papers/2026/FAST2027/final/hilbert_thin_provisioning/external/QASMBench/small/adder_n4/adder_n4_transpiled.qasm,80f5f2971066a785dc09549b3575d1e6185ef02c834aa4aba53720a0275c6e5d,.qasm,519,4,31,16,arithmetic,True,,0,paired_source_transpilation_duplicate
qasmbench,small/basis_change_n3/basis_change_n3.qasm,/home/audrey/code_and_papers/2026/FAST2027/final/hilbert_thin_provisioning/external/QASMBench/small/basis_change_n3/basis_change_n3.qasm,2d998840327e516c71142442f6d9c2924962a8fad2e12e70a2c90d53a78be851,.qasm,1149,3,36,22,unknown,True,,0,stratum_not_selected
qasmbench,small/basis_change_n3/basis_change_n3_transpiled.qasm,/home/audrey/code_and_papers/2026/FAST2027/final/hilbert_thin_provisioning/external/QASMBench/small/basis_change_n3/basis_change_n3_transpiled.qasm,9ab3abbaafba655004a03a8fb4f27d3fd86fe4f3b732c6d0943de018c92c1456,.qasm,1361,3,88,51,unknown,True,,0,paired_source_transpilation_duplicate
qasmbench,small/basis_trotter_n4/basis_test_n4.qasm,/home/audrey/code_and_papers/2026/FAST2027/final/hilbert_thin_provisioning/external/QASMBench/small/basis_trotter_n4/basis_test_n4.qasm,a6056d13a17783d499e4a8a87c62508534633ca0668225b49a8bf7c3c7e18a4a,.qasm,2036,4,102,57,unknown,True,,0,stratum_not_selected
qasmbench,small/basis_trotter_n4/basis_test_n4_transpiled.qasm,/home/audrey/code_and_papers/2026/FAST2027/final/hilbert_thin_provisioning/external/QASMBench/small/basis_trotter_n4/basis_test_n4_transpiled.qasm,128a7004e39f9a298421ab71f62a2842da4f10f1f543f7a0ae8f0c3ca2e521eb,.qasm,1794,4,117,74,unknown,True,,0,paired_source_transpilation_duplicate
qasmbench,small/basis_trotter_n4/basis_trotter_n4.qasm,/home/audrey/code_and_papers/2026/FAST2027/final/hilbert_thin_provisioning/external/QASMBench/small/basis_trotter_n4/basis_trotter_n4.qasm,9ead0e7d5f41cb6675c19457d4e414b77cf90c78cea3e0412bcccdc3f9f73dd5,.qasm,33278,4,1510,815,unknown,True,,0,selected
qasmbench,small/basis_trotter_n4/basis_trotter_n4_transpiled.qasm,/home/audrey/code_and_papers/2026/FAST2027/final/hilbert_thin_provisioning/external/QASMBench/small/basis_trotter_n4/basis_trotter_n4_transpiled.qasm,69ca1ea778c225749fd8337b072cabfdb4b30bbeb56d0d2dd7f680918e3653e7,.qasm,34245,4,2357,1268,unknown,True,,0,paired_source_transpilation_duplicate
qasmbench,small/bb84_n8/bb84_n8.qasm,/home/audrey/code_and_papers/2026/FAST2027/final/hilbert_thin_provisioning/external/QASMBench/small/bb84_n8/bb84_n8.qasm,32cb8b0b9a82ab794e99a69e24cce92fd313f37a4725cc61be2f1d761df4fd82,.qasm,799,8,43,7,unknown,True,,0,selected
qasmbench,small/bb84_n8/bb84_n8_transpiled.qasm,/home/audrey/code_and_papers/2026/FAST2027/final/hilbert_thin_provisioning/external/QASMBench/small/bb84_n8/bb84_n8_transpiled.qasm,42c146ddc9528ba96db95a340da9c62b72e3865ebd0f41c31f96ba61ee7b2c72,.qasm,789,8,39,8,unknown,True,,0,paired_source_transpilation_duplicate
qasmbench,small/bell_n4/bell_n4.qasm,/home/audrey/code_and_papers/2026/FAST2027/final/hilbert_thin_provisioning/external/QASMBench/small/bell_n4/bell_n4.qasm,1f3a1115385d87f6a444189776e521d6bba1d300f96454e85cb58bb3e297bf81,.qasm,932,4,37,14,state_preparation,True,,0,selected
qasmbench,small/bell_n4/bell_n4_transpiled.qasm,/home/audrey/code_and_papers/2026/FAST2027/final/hilbert_thin_provisioning/external/QASMBench/small/bell_n4/bell_n4_transpiled.qasm,d6800ccde11e0deb01fa95e00f86bbc56e0620c9850e938f94293e414851e826,.qasm,898,4,57,24,state_preparation,True,,0,paired_source_transpilation_duplicate
qasmbench,small/cat_state_n4/cat_state_n4.qasm,/home/audrey/code_and_papers/2026/FAST2027/final/hilbert_thin_provisioning/external/QASMBench/small/cat_state_n4/cat_state_n4.qasm,caa882935bb73087db2edbee2aa77133965bdda3aec9687166f9e96b9a2ef8ff,.qasm,234,4,8,5,state_preparation,True,,0,selected
qasmbench,small/cat_state_n4/cat_state_n4_transpiled.qasm,/home/audrey/code_and_papers/2026/FAST2027/final/hilbert_thin_provisioning/external/QASMBench/small/cat_state_n4/cat_state_n4_transpiled.qasm,0e64026e236ea56cf040fdf5f3a70108c36ae9429e66edcead19621b3a2663a5,.qasm,269,4,10,7,state_preparation,True,,0,paired_source_transpilation_duplicate
qasmbench,small/deutsch_n2/deutsch_n2.qasm,/home/audrey/code_and_papers/2026/FAST2027/final/hilbert_thin_provisioning/external/QASMBench/small/deutsch_n2/deutsch_n2.qasm,56a7b3389495fb497df1a331abb7d4f64ac57d397aaa1c1169d0ac33a10889cd,.qasm,216,2,7,5,unknown,True,,0,selected
qasmbench,small/deutsch_n2/deutsch_n2_transpiled.qasm,/home/audrey/code_and_papers/2026/FAST2027/final/hilbert_thin_provisioning/external/QASMBench/small/deutsch_n2/deutsch_n2_transpiled.qasm,14c55c45de3c75127714b554dd611e96a83241c0568632367978dd6709791858,.qasm,234,2,12,8,unknown,True,,0,paired_source_transpilation_duplicate
qasmbench,small/dnn_n2/dnn_n2.qasm,/home/audrey/code_and_papers/2026/FAST2027/final/hilbert_thin_provisioning/external/QASMBench/small/dnn_n2/dnn_n2.qasm,ce0359edb654e5dd1f54035e07cec177d2f50ae1ecd45b651ba71637854b7921,.qasm,5276,2,228,155,quantum_ml,True,,0,selected
qasmbench,small/dnn_n2/dnn_n2_transpiled.qasm,/home/audrey/code_and_papers/2026/FAST2027/final/hilbert_thin_provisioning/external/QASMBench/small/dnn_n2/dnn_n2_transpiled.qasm,a282f22f732b33f3d8c261656befffa752595a0067e94f2be2797cde82a2f096,.qasm,4438,2,308,214,quantum_ml,True,,0,paired_source_transpilation_duplicate
qasmbench,small/dnn_n8/dnn_n8.qasm,/home/audrey/code_and_papers/2026/FAST2027/final/hilbert_thin_provisioning/external/QASMBench/small/dnn_n8/dnn_n8.qasm,7f1f342a59a7a9159a2f0fa619b8a64170a159158ae838eaa75b13212cf2a161,.qasm,22924,8,1016,173,quantum_ml,True,,0,selected
qasmbench,small/dnn_n8/dnn_n8_transpiled.qasm,/home/audrey/code_and_papers/2026/FAST2027/final/hilbert_thin_provisioning/external/QASMBench/small/dnn_n8/dnn_n8_transpiled.qasm,627a32df69611b7240cd7d9e0d8c21e1bdddb73db92e0de4e9d6e5d7eb1e82e6,.qasm,20356,8,1424,246,quantum_ml,True,,0,paired_source_transpilation_duplicate
qasmbench,small/error_correctiond3_n5/error_correctiond3_n5.qasm,/home/audrey/code_and_papers/2026/FAST2027/final/hilbert_thin_provisioning/external/QASMBench/small/error_correctiond3_n5/error_correctiond3_n5.qasm,c33b5a03491bceb26ca6d494632936614df035a352d437369eca28087ae72ff5,.qasm,1517,5,119,78,qec,True,,0,selected
qasmbench,small/error_correctiond3_n5/error_correctiond3_n5_transpiled.qasm,/home/audrey/code_and_papers/2026/FAST2027/final/hilbert_thin_provisioning/external/QASMBench/small/error_correctiond3_n5/error_correctiond3_n5_transpiled.qasm,10ca04e8c340ce46a494d4ab40c4d267e975c8930cf9d2fe989b164944b3c6d0,.qasm,3304,5,242,138,qec,True,,0,paired_source_transpilation_duplicate
qasmbench,small/fredkin_n3/fredkin_n3.qasm,/home/audrey/code_and_papers/2026/FAST2027/final/hilbert_thin_provisioning/external/QASMBench/small/fredkin_n3/fredkin_n3.qasm,5ede0e9d4cdc723afcdb515f16f984bf47cf53423e12fcafc10ee03bd9577996,.qasm,330,3,22,12,reversible,True,,0,selected
qasmbench,small/fredkin_n3/fredkin_n3_transpiled.qasm,/home/audrey/code_and_papers/2026/FAST2027/final/hilbert_thin_provisioning/external/QASMBench/small/fredkin_n3/fredkin_n3_transpiled.qasm,8cfa60c4d4d460472e675540d4f00c248415f2f2f1823523f5d5239d141db408,.qasm,425,3,25,15,reversible,True,,0,paired_source_transpilation_duplicate
qasmbench,small/grover_n2/grover_n2.qasm,/home/audrey/code_and_papers/2026/FAST2027/final/hilbert_thin_provisioning/external/QASMBench/small/grover_n2/grover_n2.qasm,afd134759fa0eefb9f84a88d3e9f156cd54e83b10177d02c33bb6f519c08b813,.qasm,291,2,18,12,grover_oracle,True,,0,selected
qasmbench,small/grover_n2/grover_n2_transpiled.qasm,/home/audrey/code_and_papers/2026/FAST2027/final/hilbert_thin_provisioning/external/QASMBench/small/grover_n2/grover_n2_transpiled.qasm,b08a4a6b64c420811b820153b3fa79d854d4ca3af18f94a78f09501507236961,.qasm,303,2,17,12,grover_oracle,True,,0,paired_source_transpilation_duplicate
qasmbench,small/hhl_n10/hhl_n10.qasm,/home/audrey/code_and_papers/2026/FAST2027/final/hilbert_thin_provisioning/external/QASMBench/small/hhl_n10/hhl_n10.qasm,07f6ec77d01a41db21212b70fb024e06e26c6c563914e8cd8abc434a190aaddc,.qasm,3333758,,,,unknown,False,,0,parse_failure
qasmbench,small/hhl_n10/hhl_n10_transpiled.qasm,/home/audrey/code_and_papers/2026/FAST2027/final/hilbert_thin_provisioning/external/QASMBench/small/hhl_n10/hhl_n10_transpiled.qasm,02dacd7e0789c9650ff1628d2dc6525df701c0d919e684aa3f4837d50d24457b,.qasm,3319552,,,,unknown,False,,0,parse_failure
qasmbench,small/hhl_n7/hhl_n7.qasm,/home/audrey/code_and_papers/2026/FAST2027/final/hilbert_thin_provisioning/external/QASMBench/small/hhl_n7/hhl_n7.qasm,8d7754418a92a0f8e28010f1430d7bc4e9db4b08f4f364473bd5290ee6fc8b94,.qasm,13202,7,697,551,unknown,True,,0,stratum_not_selected
qasmbench,small/hhl_n7/hhl_n7_transpiled.qasm,/home/audrey/code_and_papers/2026/FAST2027/final/hilbert_thin_provisioning/external/QASMBench/small/hhl_n7/hhl_n7_transpiled.qasm,438b6f50950ee46577f76294228361b4ad6f93d8acab50cfca9fd63d022b85b5,.qasm,16168,7,998,828,unknown,True,,0,paired_source_transpilation_duplicate
qasmbench,small/hs4_n4/hs4_n4.qasm,/home/audrey/code_and_papers/2026/FAST2027/final/hilbert_thin_provisioning/external/QASMBench/small/hs4_n4/hs4_n4.qasm,f362ca9ffd7f045f517dfe4d67350794ac998f4eb427586a804eed9379340f63,.qasm,394,4,32,10,unknown,True,,0,selected
qasmbench,small/hs4_n4/hs4_n4_transpiled.qasm,/home/audrey/code_and_papers/2026/FAST2027/final/hilbert_thin_provisioning/external/QASMBench/small/hs4_n4/hs4_n4_transpiled.qasm,41e6e581ca33e9a3e69a629a0e4c34160c07b858875321fa3b3ac4f9462676a1,.qasm,518,4,32,12,unknown,True,,0,paired_source_transpilation_duplicate
qasmbench,small/inverseqft_n4/inverseqft_n4.qasm,/home/audrey/code_and_papers/2026/FAST2027/final/hilbert_thin_provisioning/external/QASMBench/small/inverseqft_n4/inverseqft_n4.qasm,2b950bb566ea547918adcea27b13defb3ad31fb10bf3b4ccb25d51e91b5527b1,.qasm,439,4,19,12,qft,True,,0,selected
qasmbench,small/inverseqft_n4/inverseqft_n4_transpiled.qasm,/home/audrey/code_and_papers/2026/FAST2027/final/hilbert_thin_provisioning/external/QASMBench/small/inverseqft_n4/inverseqft_n4_transpiled.qasm,1c0f35ed2ed9e7ef8445b612466d4a844c5d63a2cc1bd6b48005f48479699222,.qasm,678,4,35,22,qft,True,,0,paired_source_transpilation_duplicate
qasmbench,small/ipea_n2/ipea_n2.qasm,/home/audrey/code_and_papers/2026/FAST2027/final/hilbert_thin_provisioning/external/QASMBench/small/ipea_n2/ipea_n2.qasm,78a11d6fadec00a0a119d9e40641124a40fd8b4eebacfb36e81ed525775e4ee8,.qasm,902,2,41,41,phase_estimation,True,,0,selected
qasmbench,small/ipea_n2/ipea_n2_transpiled.qasm,/home/audrey/code_and_papers/2026/FAST2027/final/hilbert_thin_provisioning/external/QASMBench/small/ipea_n2/ipea_n2_transpiled.qasm,7dd1aed81d67038f25ac66bd88326e257f48e9c935cd1f71777b241e95057089,.qasm,1724,2,102,98,phase_estimation,True,,0,paired_source_transpilation_duplicate
qasmbench,small/ising_n10/ising_n10.qasm,/home/audrey/code_and_papers/2026/FAST2027/final/hilbert_thin_provisioning/external/QASMBench/small/ising_n10/ising_n10.qasm,c10edc4a40eadf4d610aa012524e9eed4bdd1a02fc9d939cccae8ad4ed942f67,.qasm,10171,10,490,71,ising,True,,0,selected
qasmbench,small/ising_n10/ising_n10_transpiled.qasm,/home/audrey/code_and_papers/2026/FAST2027/final/hilbert_thin_provisioning/external/QASMBench/small/ising_n10/ising_n10_transpiled.qasm,198f03efa9d180c67608a16ff1b6ec2776b3560c55415012b2b16f0ed25a3097,.qasm,7524,10,425,60,ising,True,,0,paired_source_transpilation_duplicate
qasmbench,small/iswap_n2/iswap_n2.qasm,/home/audrey/code_and_papers/2026/FAST2027/final/hilbert_thin_provisioning/external/QASMBench/small/iswap_n2/iswap_n2.qasm,0c6d4dffaeb32c5758511cb51d5f89bcb6c97f3f60c1f5e3cbbeabb53c53ed50,.qasm,221,2,11,8,unknown,True,,0,stratum_not_selected
qasmbench,small/iswap_n2/iswap_n2_transpiled.qasm,/home/audrey/code_and_papers/2026/FAST2027/final/hilbert_thin_provisioning/external/QASMBench/small/iswap_n2/iswap_n2_transpiled.qasm,58c023c92814a77533214f7af2796d7efffd84498bf65e0ba0757ae07ce3309e,.qasm,287,2,16,11,unknown,True,,0,paired_source_transpilation_duplicate
qasmbench,small/linearsolver_n3/linearsolver_n3.qasm,/home/audrey/code_and_papers/2026/FAST2027/final/hilbert_thin_provisioning/external/QASMBench/small/linearsolver_n3/linearsolver_n3.qasm,ad98aaab04fdd11eed43b6839122909c568ff848dd0b97ed09c11346dd592c42,.qasm,459,3,22,12,unknown,True,,0,stratum_not_selected
qasmbench,small/linearsolver_n3/linearsolver_n3_transpiled.qasm,/home/audrey/code_and_papers/2026/FAST2027/final/hilbert_thin_provisioning/external/QASMBench/small/linearsolver_n3/linearsolver_n3_transpiled.qasm,48e9044b9786935163e660e2bf3de4efe6d20aa8e09ded82c8f44a369b682b19,.qasm,467,3,29,21,unknown,True,,0,paired_source_transpilation_duplicate
qasmbench,small/lpn_n5/lpn_n5.qasm,/home/audrey/code_and_papers/2026/FAST2027/final/hilbert_thin_provisioning/external/QASMBench/small/lpn_n5/lpn_n5.qasm,4216e9b4fdf9f22e6ae4f92a67aac8c634209093db4e3f0290f5413165b4de87,.qasm,313,5,16,5,unknown,True,,0,stratum_not_selected
qasmbench,small/lpn_n5/lpn_n5_transpiled.qasm,/home/audrey/code_and_papers/2026/FAST2027/final/hilbert_thin_provisioning/external/QASMBench/small/lpn_n5/lpn_n5_transpiled.qasm,430639ac626f16338e9f43204330bd6cb66ab690387a3c25a6a361626e12a481,.qasm,391,5,22,9,unknown,True,,0,paired_source_transpilation_duplicate
qasmbench,small/pea_n5/pea_n5.qasm,/home/audrey/code_and_papers/2026/FAST2027/final/hilbert_thin_provisioning/external/QASMBench/small/pea_n5/pea_n5.qasm,0ab8129a30be0350c68704b5fcd91f2dfb4c868303c5ad761af411f277f91660,.qasm,709,5,33,24,phase_estimation,True,,0,selected
qasmbench,small/pea_n5/pea_n5_transpiled.qasm,/home/audrey/code_and_papers/2026/FAST2027/final/hilbert_thin_provisioning/external/QASMBench/small/pea_n5/pea_n5_transpiled.qasm,d5df4a640152507088d5a4016c52967f45429e944add417d0549071e938d9cf4,.qasm,1760,5,112,88,phase_estimation,True,,0,paired_source_transpilation_duplicate
qasmbench,small/qaoa_n3/qaoa_n3.qasm,/home/audrey/code_and_papers/2026/FAST2027/final/hilbert_thin_provisioning/external/QASMBench/small/qaoa_n3/qaoa_n3.qasm,4dc17a12b187cc3cf02962cf023a36de4cc48ed3923343ab9ef84e3daf89f5c7,.qasm,570,3,18,12,qaoa,True,,0,selected
qasmbench,small/qaoa_n3/qaoa_n3_transpiled.qasm,/home/audrey/code_and_papers/2026/FAST2027/final/hilbert_thin_provisioning/external/QASMBench/small/qaoa_n3/qaoa_n3_transpiled.qasm,478c75c52bebbe673e522c7864f711bb97278afe65bd48ca9aa6c004f095e12e,.qasm,622,3,35,17,qaoa,True,,0,paired_source_transpilation_duplicate
qasmbench,small/qaoa_n6/qaoa_n6.qasm,/home/audrey/code_and_papers/2026/FAST2027/final/hilbert_thin_provisioning/external/QASMBench/small/qaoa_n6/qaoa_n6.qasm,fde5eff21c334ef02430bbfa8ea38f9287625cab3ffbd45d92d79590ee27dcc9,.qasm,7120,6,276,110,qaoa,True,,0,selected
qasmbench,small/qaoa_n6/qaoa_n6_transpiled.qasm,/home/audrey/code_and_papers/2026/FAST2027/final/hilbert_thin_provisioning/external/QASMBench/small/qaoa_n6/qaoa_n6_transpiled.qasm,e795dba6156e9af523b9949ad07a688c3993924e9f0003e18019b30a350a9e6a,.qasm,5546,6,384,150,qaoa,True,,0,paired_source_transpilation_duplicate
qasmbench,small/qec_en_n5/qec_en_n5.qasm,/home/audrey/code_and_papers/2026/FAST2027/final/hilbert_thin_provisioning/external/QASMBench/small/qec_en_n5/qec_en_n5.qasm,d7b95967326b65050c5e645c180f2361f8cb3513dae7936de0e0cf53a63fec58,.qasm,530,5,30,18,qec,True,,0,selected
qasmbench,small/qec_en_n5/qec_en_n5_transpiled.qasm,/home/audrey/code_and_papers/2026/FAST2027/final/hilbert_thin_provisioning/external/QASMBench/small/qec_en_n5/qec_en_n5_transpiled.qasm,c2eeb8414f11607e5932dab2580104f75bcc491c4fd879116c8a70c29e811d9a,.qasm,778,5,51,23,qec,True,,0,paired_source_transpilation_duplicate
qasmbench,small/qec_sm_n5/qec_sm_n5.qasm,/home/audrey/code_and_papers/2026/FAST2027/final/hilbert_thin_provisioning/external/QASMBench/small/qec_sm_n5/qec_sm_n5.qasm,dcf8d069188a5cf96a04aaaed23ff6f78e3663523c429609676e066a90332598,.qasm,377,5,11,7,qec,True,,0,selected
qasmbench,small/qec_sm_n5/qec_sm_n5_transpiled.qasm,/home/audrey/code_and_papers/2026/FAST2027/final/hilbert_thin_provisioning/external/QASMBench/small/qec_sm_n5/qec_sm_n5_transpiled.qasm,30786cb34bf64ab4bd47c5a3a7f5f25c96c2ebf2e43f506ea15765670f2188e7,.qasm,341,5,14,10,qec,True,,0,paired_source_transpilation_duplicate
qasmbench,small/qft_n4/qft_n4.qasm,/home/audrey/code_and_papers/2026/FAST2027/final/hilbert_thin_provisioning/external/QASMBench/small/qft_n4/qft_n4.qasm,62c6c8c7ddd95ac2b5367420b9925dbf82d6fb45725f089f01619a639621ad60,.qasm,308,4,17,9,qft,True,,0,selected
qasmbench,small/qft_n4/qft_n4_transpiled.qasm,/home/audrey/code_and_papers/2026/FAST2027/final/hilbert_thin_provisioning/external/QASMBench/small/qft_n4/qft_n4_transpiled.qasm,8a32fe47012dab453525a78daaa0648981a1f6092c5e29244e99f9fe77cecbf6,.qasm,794,4,49,27,qft,True,,0,paired_source_transpilation_duplicate
qasmbench,small/qpe_n9/qpe_n9.qasm,/home/audrey/code_and_papers/2026/FAST2027/final/hilbert_thin_provisioning/external/QASMBench/small/qpe_n9/qpe_n9.qasm,b341d904913f8a41f22fee387a7939ec9b43873e5f2efeb739d57317ef2b4523,.qasm,1333,9,42,21,unknown,True,,0,stratum_not_selected
qasmbench,small/qpe_n9/qpe_n9_transpiled.qasm,/home/audrey/code_and_papers/2026/FAST2027/final/hilbert_thin_provisioning/external/QASMBench/small/qpe_n9/qpe_n9_transpiled.qasm,ad9e7c036d7aa45aeb7b56d69ce4a3ec291e9024c174c9fb9e9fd8e41a478bdc,.qasm,2538,9,162,95,unknown,True,,0,paired_source_transpilation_duplicate
qasmbench,small/qrng_n4/qrng_n4.qasm,/home/audrey/code_and_papers/2026/FAST2027/final/hilbert_thin_provisioning/external/QASMBench/small/qrng_n4/qrng_n4.qasm,627d604f685cebe71f4d079cea6a9266a8d6a136279b6199b32cbc010079a184,.qasm,180,4,8,2,unknown,True,,0,stratum_not_selected
qasmbench,small/qrng_n4/qrng_n4_transpiled.qasm,/home/audrey/code_and_papers/2026/FAST2027/final/hilbert_thin_provisioning/external/QASMBench/small/qrng_n4/qrng_n4_transpiled.qasm,6301e9b06cb230021bcfc2319b4e5b520dae33096b3f097498a011a4d0e35687,.qasm,302,4,16,4,unknown,True,,0,paired_source_transpilation_duplicate
qasmbench,small/quantumwalks_n2/quantumwalks_n2.qasm,/home/audrey/code_and_papers/2026/FAST2027/final/hilbert_thin_provisioning/external/QASMBench/small/quantumwalks_n2/quantumwalks_n2.qasm,dea93828107b2b17f6381ed75cb8d985bc8790be74a7378179b441932a84e80b,.qasm,721,2,13,8,quantum_walk,True,,0,selected
qasmbench,small/quantumwalks_n2/quantumwalks_n2_transpiled.qasm,/home/audrey/code_and_papers/2026/FAST2027/final/hilbert_thin_provisioning/external/QASMBench/small/quantumwalks_n2/quantumwalks_n2_transpiled.qasm,91457bbe55755cd4b70471842764a9c6758d6c485d8875ac5dcd8d024937601e,.qasm,802,2,40,23,quantum_walk,True,,0,paired_source_transpilation_duplicate
qasmbench,small/sat_n7/sat_n7.qasm,/home/audrey/code_and_papers/2026/FAST2027/final/hilbert_thin_provisioning/external/QASMBench/small/sat_n7/sat_n7.qasm,8b1f5b293141114e9f550d05fa04958f88f819e7d7aa7b1ef691c6158b0bd926,.qasm,873,7,42,21,unknown,True,,0,stratum_not_selected
qasmbench,small/shor_n5/shor_n5.qasm,/home/audrey/code_and_papers/2026/FAST2027/final/hilbert_thin_provisioning/external/QASMBench/small/shor_n5/shor_n5.qasm,e4dace5c3769f934e9c94786e9e12e5b2106960792a0812816cce36bc3b1a615,.qasm,452,5,25,24,factoring,True,,0,duplicate_source_bytes
qasmbench,small/shor_n5/shor_n5_transpiled.qasm,/home/audrey/code_and_papers/2026/FAST2027/final/hilbert_thin_provisioning/external/QASMBench/small/shor_n5/shor_n5_transpiled.qasm,f1676a59d441e54edb5b8d74be75950cde7e15c243894f4efef314d8c9a41adb,.qasm,1349,5,88,66,factoring,True,,0,paired_source_transpilation_duplicate
qasmbench,small/simon_n6/simon_n6.qasm,/home/audrey/code_and_papers/2026/FAST2027/final/hilbert_thin_provisioning/external/QASMBench/small/simon_n6/simon_n6.qasm,756eee6bf939d1b5879da3ff1bae66cfd2599b9b96515f336ecde6f9ca512fc9,.qasm,631,6,24,9,unknown,True,,0,stratum_not_selected
qasmbench,small/simon_n6/simon_n6_transpiled.qasm,/home/audrey/code_and_papers/2026/FAST2027/final/hilbert_thin_provisioning/external/QASMBench/small/simon_n6/simon_n6_transpiled.qasm,d5103bb8acd49d96d2574dfc19c9d3e889215bd3a4f6fd7d923716d3e91dd2c4,.qasm,1018,6,64,34,unknown,True,,0,paired_source_transpilation_duplicate
qasmbench,small/teleportation_n3/teleportation_n3.qasm,/home/audrey/code_and_papers/2026/FAST2027/final/hilbert_thin_provisioning/external/QASMBench/small/teleportation_n3/teleportation_n3.qasm,71891c017af93f74cf72b1f222b26d02650ec23242ba9c96b0e8c34da93a5bd6,.qasm,338,3,11,7,unknown,True,,0,stratum_not_selected
qasmbench,small/teleportation_n3/teleportation_n3_transpiled.qasm,/home/audrey/code_and_papers/2026/FAST2027/final/hilbert_thin_provisioning/external/QASMBench/small/teleportation_n3/teleportation_n3_transpiled.qasm,4c6fcef17dd0a70c8e4d48cc49c859eaefd62d49087714564006e1e4ad4476fe,.qasm,281,3,15,9,unknown,True,,0,paired_source_transpilation_duplicate
qasmbench,small/toffoli_n3/toffoli_n3.qasm,/home/audrey/code_and_papers/2026/FAST2027/final/hilbert_thin_provisioning/external/QASMBench/small/toffoli_n3/toffoli_n3.qasm,3cd72f83491b25a3c7c94fa826f85fe13f1af28079268b2c34e144299380968f,.qasm,314,3,21,13,reversible,True,,0,selected
qasmbench,small/toffoli_n3/toffoli_n3_transpiled.qasm,/home/audrey/code_and_papers/2026/FAST2027/final/hilbert_thin_provisioning/external/QASMBench/small/toffoli_n3/toffoli_n3_transpiled.qasm,edfc4410b4010baa5b66012f99e269b73658b332d2018bf6a588f122e9aeb949,.qasm,413,3,24,15,reversible,True,,0,paired_source_transpilation_duplicate
qasmbench,small/variational_n4/variational_n4.qasm,/home/audrey/code_and_papers/2026/FAST2027/final/hilbert_thin_provisioning/external/QASMBench/small/variational_n4/variational_n4.qasm,df4ced794da7fd4ca56eb2b02bce53ee77207bec77286cb4626115c6a9b6357d,.qasm,1241,4,58,34,vqe,True,,0,selected
qasmbench,small/variational_n4/variational_n4_transpiled.qasm,/home/audrey/code_and_papers/2026/FAST2027/final/hilbert_thin_provisioning/external/QASMBench/small/variational_n4/variational_n4_transpiled.qasm,b0d59e0a726764fef5f930309526065b76ceee0ddf0952de6436e2e16a766ac2,.qasm,993,4,62,39,vqe,True,,0,paired_source_transpilation_duplicate
qasmbench,small/vqe_n4/vqe_n4.qasm,/home/audrey/code_and_papers/2026/FAST2027/final/hilbert_thin_provisioning/external/QASMBench/small/vqe_n4/vqe_n4.qasm,f6777e4fdd8eadcbc8a85a5135e797a96d3b91b3f494593a5b8c9fdcd37530c6,.qasm,1812,4,94,28,vqe,True,,0,selected
qasmbench,small/vqe_n4/vqe_n4_transpiled.qasm,/home/audrey/code_and_papers/2026/FAST2027/final/hilbert_thin_provisioning/external/QASMBench/small/vqe_n4/vqe_n4_transpiled.qasm,9ec9cebd7bed41b41d48303baf1c59d5cce2583247d4a733482ff635deed78ae,.qasm,1281,4,78,24,vqe,True,,0,paired_source_transpilation_duplicate
qasmbench,small/vqe_uccsd_n4/vqe_uccsd_n4.qasm,/home/audrey/code_and_papers/2026/FAST2027/final/hilbert_thin_provisioning/external/QASMBench/small/vqe_uccsd_n4/vqe_uccsd_n4.qasm,be59c8aa33b7cc3b997187e09c24e5f59223cfe79a0c38016d3615d828fed1dd,.qasm,3342,,,,vqe,False,,0,parse_failure
qasmbench,small/vqe_uccsd_n4/vqe_uccsd_n4_transpiled.qasm,/home/audrey/code_and_papers/2026/FAST2027/final/hilbert_thin_provisioning/external/QASMBench/small/vqe_uccsd_n4/vqe_uccsd_n4_transpiled.qasm,962350544691de824c1c494382acc2cc047d0e5e7bc2c31679f19fa56b53ba82,.qasm,4123,,,,vqe,False,,0,parse_failure
qasmbench,small/vqe_uccsd_n6/vqe_uccsd_n6.qasm,/home/audrey/code_and_papers/2026/FAST2027/final/hilbert_thin_provisioning/external/QASMBench/small/vqe_uccsd_n6/vqe_uccsd_n6.qasm,f80361ccbdb3c333ba29a5efce4d1f0b1c018b4a63d40e9c2976df2144747fea,.qasm,33667,,,,vqe,False,,0,parse_failure
qasmbench,small/vqe_uccsd_n6/vqe_uccsd_n6_transpiled.qasm,/home/audrey/code_and_papers/2026/FAST2027/final/hilbert_thin_provisioning/external/QASMBench/small/vqe_uccsd_n6/vqe_uccsd_n6_transpiled.qasm,5d99c32f3bd4d78ffd897c990ac07f86b6ef38155df83b5b00493832f1cfed81,.qasm,36491,,,,vqe,False,,0,parse_failure
qasmbench,small/vqe_uccsd_n8/vqe_uccsd_n8.qasm,/home/audrey/code_and_papers/2026/FAST2027/final/hilbert_thin_provisioning/external/QASMBench/small/vqe_uccsd_n8/vqe_uccsd_n8.qasm,5bf2dd10d4767825289ebe9e30933986fa2782063cf60066a44487d7f257b115,.qasm,161450,,,,vqe,False,,0,parse_failure
qasmbench,small/vqe_uccsd_n8/vqe_uccsd_n8_transpiled.qasm,/home/audrey/code_and_papers/2026/FAST2027/final/hilbert_thin_provisioning/external/QASMBench/small/vqe_uccsd_n8/vqe_uccsd_n8_transpiled.qasm,acad950382c9356919120ef3e3f39854384cf7779634975402ac04e356c97e7a,.qasm,167101,,,,vqe,False,,0,parse_failure
qasmbench,small/wstate_n3/wstate_n3.qasm,/home/audrey/code_and_papers/2026/FAST2027/final/hilbert_thin_provisioning/external/QASMBench/small/wstate_n3/wstate_n3.qasm,9077432a88fea0f3da2c3b24558333c1a329261b20836ba82b253418d8c7b0dd,.qasm,328,3,9,6,state_preparation,True,,0,selected
qasmbench,small/wstate_n3/wstate_n3_transpiled.qasm,/home/audrey/code_and_papers/2026/FAST2027/final/hilbert_thin_provisioning/external/QASMBench/small/wstate_n3/wstate_n3_transpiled.qasm,3617fd9083f7b9df115c39ba052f932e0134fcd371f3214f9482104b90f497b7,.qasm,596,3,38,24,state_preparation,True,,0,paired_source_transpilation_duplicate
