q_old,scenario,gate,product_state,chunk_bytes,io_mode,target,repetition,study,policy,product_seed,config_id,planned_order
24,product,cx_product_target,plus,16777216,direct,3,0,main,NAIVE_PRODUCT,20273316,88334bf8686d9a6bc39a,0
24,product,cx_product_target,plus,16777216,direct,3,0,main,PRODUCT_FUSED,20273316,e254fd1e2c2968c3d104,1
24,product,cx_product_target,plus,16777216,direct,3,1,main,NAIVE_PRODUCT,20273317,c4d602dea7dd520c2eef,2
24,product,cx_product_target,plus,16777216,direct,3,1,main,PRODUCT_FUSED,20273317,4c2ce383b8217f4f2c22,3
24,product,cx_product_target,plus,16777216,direct,3,2,main,PRODUCT_FUSED,20273318,d64e9d0601792c56f621,4
24,product,cx_product_target,plus,16777216,direct,3,2,main,NAIVE_PRODUCT,20273318,36907692ea96db41bace,5
24,product,cx_product_target,plus,16777216,direct,3,3,main,PRODUCT_FUSED,20273319,7f3b99a15f6028dc0e20,6
24,product,cx_product_target,plus,16777216,direct,3,3,main,NAIVE_PRODUCT,20273319,85a316b97de65cc4654a,7
24,product,cx_product_target,plus,16777216,direct,3,4,main,NAIVE_PRODUCT,20273320,22d0335d2ba9221de0df,8
24,product,cx_product_target,plus,16777216,direct,3,4,main,PRODUCT_FUSED,20273320,51e0e4f32bd114f0b60e,9
24,product,cx_product_control,random_seeded,16777216,direct,3,0,main,NAIVE_PRODUCT,20263316,789887b9a628ce9e2842,10
24,product,cx_product_control,random_seeded,16777216,direct,3,0,main,PRODUCT_FUSED,20263316,047af007ce52f134ff5c,11
24,product,cx_product_control,random_seeded,16777216,direct,3,1,main,NAIVE_PRODUCT,20263317,8c7c584aa659757d9402,12
24,product,cx_product_control,random_seeded,16777216,direct,3,1,main,PRODUCT_FUSED,20263317,9efdaff0a0b3181ff67d,13
24,product,cx_product_control,random_seeded,16777216,direct,3,2,main,PRODUCT_FUSED,20263318,5cc411962c7137fa7f15,14
24,product,cx_product_control,random_seeded,16777216,direct,3,2,main,NAIVE_PRODUCT,20263318,f5c039df4be52f03cdd4,15
24,product,cx_product_control,random_seeded,16777216,direct,3,3,main,NAIVE_PRODUCT,20263319,f986684f2ecdff847e3a,16
24,product,cx_product_control,random_seeded,16777216,direct,3,3,main,PRODUCT_FUSED,20263319,7f3f456efe83a1243d13,17
24,product,cx_product_control,random_seeded,16777216,direct,3,4,main,PRODUCT_FUSED,20263320,bbc89d7c452fba8d4d64,18
24,product,cx_product_control,random_seeded,16777216,direct,3,4,main,NAIVE_PRODUCT,20263320,849123e0e23e57eaf0bb,19
24,product,cx_product_target,random_seeded,16777216,direct,3,0,main,PRODUCT_FUSED,20273316,26e65f36138f9f66a4e2,20
24,product,cx_product_target,random_seeded,16777216,direct,3,0,main,NAIVE_PRODUCT,20273316,f843de996afd12e31074,21
24,product,cx_product_target,random_seeded,16777216,direct,3,1,main,PRODUCT_FUSED,20273317,aa461c6a02f5e03ee4db,22
24,product,cx_product_target,random_seeded,16777216,direct,3,1,main,NAIVE_PRODUCT,20273317,d09f084cf173a85b08c5,23
24,product,cx_product_target,random_seeded,16777216,direct,3,2,main,NAIVE_PRODUCT,20273318,06ce428fb68a9791667b,24
24,product,cx_product_target,random_seeded,16777216,direct,3,2,main,PRODUCT_FUSED,20273318,5fa593045fb07ea0b6c5,25
24,product,cx_product_target,random_seeded,16777216,direct,3,3,main,NAIVE_PRODUCT,20273319,261efe56b2dd44eb0bf2,26
24,product,cx_product_target,random_seeded,16777216,direct,3,3,main,PRODUCT_FUSED,20273319,121eff69ffb51a239115,27
24,product,cx_product_target,random_seeded,16777216,direct,3,4,main,NAIVE_PRODUCT,20273320,6965fdc438a8f97f3ced,28
24,product,cx_product_target,random_seeded,16777216,direct,3,4,main,PRODUCT_FUSED,20273320,8a30e986298d8fa71dd1,29
24,product,cz,plus,16777216,direct,3,0,main,NAIVE_PRODUCT,20283316,b5aca68f12d0a239fdb0,30
24,product,cz,plus,16777216,direct,3,0,main,PRODUCT_FUSED,20283316,e9bf8d1a35b71b116052,31
24,product,cz,plus,16777216,direct,3,1,main,PRODUCT_FUSED,20283317,9d44a4265983eb74bb61,32
24,product,cz,plus,16777216,direct,3,1,main,NAIVE_PRODUCT,20283317,49877a70fdae90086e8e,33
24,product,cz,plus,16777216,direct,3,2,main,NAIVE_PRODUCT,20283318,956541a17963c02bcdd3,34
24,product,cz,plus,16777216,direct,3,2,main,PRODUCT_FUSED,20283318,9e0fe08e43e15bccd632,35
24,product,cz,plus,16777216,direct,3,3,main,NAIVE_PRODUCT,20283319,e128613d4f0d23406b48,36
24,product,cz,plus,16777216,direct,3,3,main,PRODUCT_FUSED,20283319,06f6b97554c50cf77561,37
24,product,cz,plus,16777216,direct,3,4,main,NAIVE_PRODUCT,20283320,e54301fb9c0a78a428e6,38
24,product,cz,plus,16777216,direct,3,4,main,PRODUCT_FUSED,20283320,557931be33c129f84ee2,39
24,product,cz,random_seeded,16777216,direct,3,0,main,PRODUCT_FUSED,20283316,5d83c3f2abfc27ea2544,40
24,product,cz,random_seeded,16777216,direct,3,0,main,NAIVE_PRODUCT,20283316,345df77c4bdb06e03407,41
24,product,cz,random_seeded,16777216,direct,3,1,main,PRODUCT_FUSED,20283317,46d00159f6692a4c1210,42
24,product,cz,random_seeded,16777216,direct,3,1,main,NAIVE_PRODUCT,20283317,a5ed79b691c1d5097c61,43
24,product,cz,random_seeded,16777216,direct,3,2,main,PRODUCT_FUSED,20283318,8a3240c3c78bc08d244b,44
24,product,cz,random_seeded,16777216,direct,3,2,main,NAIVE_PRODUCT,20283318,762e378c45027007c421,45
24,product,cz,random_seeded,16777216,direct,3,3,main,NAIVE_PRODUCT,20283319,90495166373d2dcd69df,46
24,product,cz,random_seeded,16777216,direct,3,3,main,PRODUCT_FUSED,20283319,c632c8f8962c07568946,47
24,product,cz,random_seeded,16777216,direct,3,4,main,NAIVE_PRODUCT,20283320,7764b0d000340f9e1bb6,48
24,product,cz,random_seeded,16777216,direct,3,4,main,PRODUCT_FUSED,20283320,f33ce33dfc4387e127cd,49
24,product,cx_product_control,plus,16777216,direct,3,0,main,NAIVE_PRODUCT,20263316,5d60161e1ab0549abe44,50
24,product,cx_product_control,plus,16777216,direct,3,0,main,PRODUCT_FUSED,20263316,ad56abb813c1f4bc47ea,51
24,product,cx_product_control,plus,16777216,direct,3,1,main,PRODUCT_FUSED,20263317,352dcb5875d818e41767,52
24,product,cx_product_control,plus,16777216,direct,3,1,main,NAIVE_PRODUCT,20263317,f788dd4e50336f50b57d,53
24,product,cx_product_control,plus,16777216,direct,3,2,main,NAIVE_PRODUCT,20263318,8be58556d610828bfa1b,54
24,product,cx_product_control,plus,16777216,direct,3,2,main,PRODUCT_FUSED,20263318,f543f2107b16d015b83d,55
24,product,cx_product_control,plus,16777216,direct,3,3,main,PRODUCT_FUSED,20263319,19b0c0cff12a1c5c9ac2,56
24,product,cx_product_control,plus,16777216,direct,3,3,main,NAIVE_PRODUCT,20263319,0d2db730a90f3296a712,57
24,product,cx_product_control,plus,16777216,direct,3,4,main,NAIVE_PRODUCT,20263320,5d65725fecd5da20edf4,58
24,product,cx_product_control,plus,16777216,direct,3,4,main,PRODUCT_FUSED,20263320,61c6fea81ba1c1e0c5cc,59
24,basis,cx_product_target,basis0,16777216,direct,3,0,basis,NAIVE_BASIS,20273316,e83ce8d4c674fcbfb1cc,60
24,basis,cx_product_target,basis0,16777216,direct,3,0,basis,THIN_BASIS,20273316,9e437a45ceb7d942ecb5,61
24,basis,cx_product_target,basis0,16777216,direct,3,0,basis,FUSED_BASIS,20273316,9f8d58dd3414761027f5,62
24,basis,cx_product_target,basis0,16777216,direct,3,1,basis,NAIVE_BASIS,20273317,9e544589306043bf76f1,63
24,basis,cx_product_target,basis0,16777216,direct,3,1,basis,THIN_BASIS,20273317,f9d749756216eb9cf943,64
24,basis,cx_product_target,basis0,16777216,direct,3,1,basis,FUSED_BASIS,20273317,02e3098499458e0b65ba,65
24,basis,cx_product_target,basis0,16777216,direct,3,2,basis,FUSED_BASIS,20273318,1ad9975929f21f39134f,66
24,basis,cx_product_target,basis0,16777216,direct,3,2,basis,NAIVE_BASIS,20273318,686b8254593841506d6d,67
24,basis,cx_product_target,basis0,16777216,direct,3,2,basis,THIN_BASIS,20273318,3745d7470f9902f886c4,68
24,basis,cx_product_target,basis0,16777216,direct,3,3,basis,NAIVE_BASIS,20273319,c0f1f8337b7c8262afd3,69
24,basis,cx_product_target,basis0,16777216,direct,3,3,basis,THIN_BASIS,20273319,d35f0767b1d41e7467f5,70
24,basis,cx_product_target,basis0,16777216,direct,3,3,basis,FUSED_BASIS,20273319,a4e488402ebe8acb252e,71
24,basis,cx_product_target,basis0,16777216,direct,3,4,basis,THIN_BASIS,20273320,9f171ebfe8b87e33f14b,72
24,basis,cx_product_target,basis0,16777216,direct,3,4,basis,NAIVE_BASIS,20273320,0acf3c5413255e759b27,73
24,basis,cx_product_target,basis0,16777216,direct,3,4,basis,FUSED_BASIS,20273320,55e296a4de60e0b84426,74
26,product,cz,random_seeded,16777216,direct,3,0,main,NAIVE_PRODUCT,20283516,0e13d239126e06299812,75
26,product,cz,random_seeded,16777216,direct,3,0,main,PRODUCT_FUSED,20283516,0903ea2d9e652e1ffff2,76
26,product,cz,random_seeded,16777216,direct,3,1,main,NAIVE_PRODUCT,20283517,da701856e2fef565012b,77
26,product,cz,random_seeded,16777216,direct,3,1,main,PRODUCT_FUSED,20283517,8deb31abc6571f0b9682,78
26,product,cz,random_seeded,16777216,direct,3,2,main,PRODUCT_FUSED,20283518,c92fc985873a37b78893,79
26,product,cz,random_seeded,16777216,direct,3,2,main,NAIVE_PRODUCT,20283518,9780250341630347aca2,80
26,product,cz,random_seeded,16777216,direct,3,3,main,NAIVE_PRODUCT,20283519,d51a32a8161f444c290c,81
26,product,cz,random_seeded,16777216,direct,3,3,main,PRODUCT_FUSED,20283519,b1269e865607accfad7e,82
26,product,cz,random_seeded,16777216,direct,3,4,main,PRODUCT_FUSED,20283520,854fcc1b253b01cce220,83
26,product,cz,random_seeded,16777216,direct,3,4,main,NAIVE_PRODUCT,20283520,fa43fb0c221182886f03,84
26,product,cx_product_target,random_seeded,16777216,direct,3,0,main,PRODUCT_FUSED,20273516,5a86bfde19a1ff558909,85
26,product,cx_product_target,random_seeded,16777216,direct,3,0,main,NAIVE_PRODUCT,20273516,58f6f91c19e76c5bef2f,86
26,product,cx_product_target,random_seeded,16777216,direct,3,1,main,PRODUCT_FUSED,20273517,bbb52affd48dd70aadc0,87
26,product,cx_product_target,random_seeded,16777216,direct,3,1,main,NAIVE_PRODUCT,20273517,3faf201d776401aca661,88
26,product,cx_product_target,random_seeded,16777216,direct,3,2,main,PRODUCT_FUSED,20273518,2cc6d730434fb3d005b1,89
26,product,cx_product_target,random_seeded,16777216,direct,3,2,main,NAIVE_PRODUCT,20273518,b62e83b880727d9a38cf,90
26,product,cx_product_target,random_seeded,16777216,direct,3,3,main,NAIVE_PRODUCT,20273519,4b526ed26112f18cd5e9,91
26,product,cx_product_target,random_seeded,16777216,direct,3,3,main,PRODUCT_FUSED,20273519,31e51aac4ac81d641bec,92
26,product,cx_product_target,random_seeded,16777216,direct,3,4,main,NAIVE_PRODUCT,20273520,98a8aefabe2d52371814,93
26,product,cx_product_target,random_seeded,16777216,direct,3,4,main,PRODUCT_FUSED,20273520,ec460c6113ccc6778d44,94
26,product,cx_product_control,random_seeded,16777216,direct,3,0,main,NAIVE_PRODUCT,20263516,d77ef6b4377b407f54c5,95
26,product,cx_product_control,random_seeded,16777216,direct,3,0,main,PRODUCT_FUSED,20263516,044a2fd367c6911054ad,96
26,product,cx_product_control,random_seeded,16777216,direct,3,1,main,NAIVE_PRODUCT,20263517,4e456c07cc3c0f3badc2,97
26,product,cx_product_control,random_seeded,16777216,direct,3,1,main,PRODUCT_FUSED,20263517,72dbfdc5d8643ef604c8,98
26,product,cx_product_control,random_seeded,16777216,direct,3,2,main,PRODUCT_FUSED,20263518,ab6a2f268537312f1a97,99
26,product,cx_product_control,random_seeded,16777216,direct,3,2,main,NAIVE_PRODUCT,20263518,604d7f5387ce6bfa94bf,100
26,product,cx_product_control,random_seeded,16777216,direct,3,3,main,PRODUCT_FUSED,20263519,96be7dd5feef8e3eb44b,101
26,product,cx_product_control,random_seeded,16777216,direct,3,3,main,NAIVE_PRODUCT,20263519,71792754cac37a59c749,102
26,product,cx_product_control,random_seeded,16777216,direct,3,4,main,NAIVE_PRODUCT,20263520,574adcca8437db6ac1c0,103
26,product,cx_product_control,random_seeded,16777216,direct,3,4,main,PRODUCT_FUSED,20263520,8ec3d08a3c097f16d0c2,104
26,product,cx_product_target,plus,16777216,direct,3,0,main,NAIVE_PRODUCT,20273516,fc8238129774fc2b9d99,105
26,product,cx_product_target,plus,16777216,direct,3,0,main,PRODUCT_FUSED,20273516,4d759a20bf59285e9e95,106
26,product,cx_product_target,plus,16777216,direct,3,1,main,PRODUCT_FUSED,20273517,a6a83f0fb2196f7d16ef,107
26,product,cx_product_target,plus,16777216,direct,3,1,main,NAIVE_PRODUCT,20273517,3e90a5af93cc148b0bf1,108
26,product,cx_product_target,plus,16777216,direct,3,2,main,PRODUCT_FUSED,20273518,fd5e9a57b4371aa09f5c,109
26,product,cx_product_target,plus,16777216,direct,3,2,main,NAIVE_PRODUCT,20273518,44c4a9b17568134ec133,110
26,product,cx_product_target,plus,16777216,direct,3,3,main,PRODUCT_FUSED,20273519,658ef5c923b13e3d162e,111
26,product,cx_product_target,plus,16777216,direct,3,3,main,NAIVE_PRODUCT,20273519,4d5f91b6bff6f81a68af,112
26,product,cx_product_target,plus,16777216,direct,3,4,main,NAIVE_PRODUCT,20273520,899033cd711e4b559d87,113
26,product,cx_product_target,plus,16777216,direct,3,4,main,PRODUCT_FUSED,20273520,94d32b5fd17e720b37cd,114
26,product,cz,plus,16777216,direct,3,0,main,PRODUCT_FUSED,20283516,d88356a8b1053b2e8d79,115
26,product,cz,plus,16777216,direct,3,0,main,NAIVE_PRODUCT,20283516,b3885206b1129d97df72,116
26,product,cz,plus,16777216,direct,3,1,main,NAIVE_PRODUCT,20283517,2fe2ef9554e3b2c0b05d,117
26,product,cz,plus,16777216,direct,3,1,main,PRODUCT_FUSED,20283517,d4cc40eba9ca97a48d9b,118
26,product,cz,plus,16777216,direct,3,2,main,PRODUCT_FUSED,20283518,0b88572c0d99e9d99d38,119
26,product,cz,plus,16777216,direct,3,2,main,NAIVE_PRODUCT,20283518,0e1b67b183498a3cdba0,120
26,product,cz,plus,16777216,direct,3,3,main,PRODUCT_FUSED,20283519,573736d20e3a575bcd59,121
26,product,cz,plus,16777216,direct,3,3,main,NAIVE_PRODUCT,20283519,18bb7c0dcb7a6d7f329e,122
26,product,cz,plus,16777216,direct,3,4,main,NAIVE_PRODUCT,20283520,5ec74f3cb160b09badf1,123
26,product,cz,plus,16777216,direct,3,4,main,PRODUCT_FUSED,20283520,3a3cff36e46dd36a36df,124
26,product,cx_product_control,plus,16777216,direct,3,0,main,NAIVE_PRODUCT,20263516,ce1b5d917f9cec329b57,125
26,product,cx_product_control,plus,16777216,direct,3,0,main,PRODUCT_FUSED,20263516,654428bd33e424f5726c,126
26,product,cx_product_control,plus,16777216,direct,3,1,main,NAIVE_PRODUCT,20263517,4f576820675971fe17ad,127
26,product,cx_product_control,plus,16777216,direct,3,1,main,PRODUCT_FUSED,20263517,cf866f81053ed5b4de0b,128
26,product,cx_product_control,plus,16777216,direct,3,2,main,NAIVE_PRODUCT,20263518,6c61d629cc9f5f3e0a52,129
26,product,cx_product_control,plus,16777216,direct,3,2,main,PRODUCT_FUSED,20263518,aaa666dd1c32ae7fc40b,130
26,product,cx_product_control,plus,16777216,direct,3,3,main,NAIVE_PRODUCT,20263519,8aaac65c0b97904f47a0,131
26,product,cx_product_control,plus,16777216,direct,3,3,main,PRODUCT_FUSED,20263519,43e863fcc5373f8fed8a,132
26,product,cx_product_control,plus,16777216,direct,3,4,main,PRODUCT_FUSED,20263520,342900bd9648c7d5c6e8,133
26,product,cx_product_control,plus,16777216,direct,3,4,main,NAIVE_PRODUCT,20263520,0b99cac43d84eedd8a40,134
26,basis,cx_product_target,basis0,16777216,direct,3,0,basis,THIN_BASIS,20273516,e2595753c9e69605aff7,135
26,basis,cx_product_target,basis0,16777216,direct,3,0,basis,FUSED_BASIS,20273516,5ae7a1d0d195ab7451b7,136
26,basis,cx_product_target,basis0,16777216,direct,3,0,basis,NAIVE_BASIS,20273516,d25767c156c9a775d4ba,137
26,basis,cx_product_target,basis0,16777216,direct,3,1,basis,FUSED_BASIS,20273517,f7f61835824309fe1986,138
26,basis,cx_product_target,basis0,16777216,direct,3,1,basis,THIN_BASIS,20273517,1ecad5379c4a48ff6f56,139
26,basis,cx_product_target,basis0,16777216,direct,3,1,basis,NAIVE_BASIS,20273517,0ffe8733f2cb448d849b,140
26,basis,cx_product_target,basis0,16777216,direct,3,2,basis,THIN_BASIS,20273518,ac4a440bdbddcb8c5ecc,141
26,basis,cx_product_target,basis0,16777216,direct,3,2,basis,NAIVE_BASIS,20273518,fc95ac6908163fe5d0ca,142
26,basis,cx_product_target,basis0,16777216,direct,3,2,basis,FUSED_BASIS,20273518,b962885606582d2a5efe,143
26,basis,cx_product_target,basis0,16777216,direct,3,3,basis,FUSED_BASIS,20273519,0e88b0909cad71230595,144
26,basis,cx_product_target,basis0,16777216,direct,3,3,basis,THIN_BASIS,20273519,d9b7cc9a6bf8d8f63dee,145
26,basis,cx_product_target,basis0,16777216,direct,3,3,basis,NAIVE_BASIS,20273519,7cffa687ee491d83326c,146
26,basis,cx_product_target,basis0,16777216,direct,3,4,basis,NAIVE_BASIS,20273520,a9e2654a75959842d64f,147
26,basis,cx_product_target,basis0,16777216,direct,3,4,basis,THIN_BASIS,20273520,eb075e4c6009282c19fe,148
26,basis,cx_product_target,basis0,16777216,direct,3,4,basis,FUSED_BASIS,20273520,260b31948ab3c60c6013,149
26,product,cx_product_control,plus,16777216,buffered,3,0,buffered,PRODUCT_FUSED,20263516,472b814d9b4d66a15285,150
26,product,cx_product_control,plus,16777216,buffered,3,0,buffered,NAIVE_PRODUCT,20263516,1a3e6cdbc39f49436ddc,151
26,product,cx_product_control,plus,16777216,buffered,3,1,buffered,PRODUCT_FUSED,20263517,e69f3b09db78a5a17e0a,152
26,product,cx_product_control,plus,16777216,buffered,3,1,buffered,NAIVE_PRODUCT,20263517,43b9835d7caf414396ab,153
26,product,cx_product_control,plus,16777216,buffered,3,2,buffered,NAIVE_PRODUCT,20263518,42d5443c851e065fd4d6,154
26,product,cx_product_control,plus,16777216,buffered,3,2,buffered,PRODUCT_FUSED,20263518,952cc2829f84ffe051f0,155
27,product,cz,random_seeded,16777216,direct,3,0,main,PRODUCT_FUSED,20283616,4069b475af79590fc045,156
27,product,cz,random_seeded,16777216,direct,3,0,main,NAIVE_PRODUCT,20283616,7b358c7ca7a83be27444,157
27,product,cz,random_seeded,16777216,direct,3,1,main,NAIVE_PRODUCT,20283617,048f580fad3b3db6b0c4,158
27,product,cz,random_seeded,16777216,direct,3,1,main,PRODUCT_FUSED,20283617,3f1cc3c1d20fa4a7f3a6,159
27,product,cz,random_seeded,16777216,direct,3,2,main,PRODUCT_FUSED,20283618,c038965908826b04331e,160
27,product,cz,random_seeded,16777216,direct,3,2,main,NAIVE_PRODUCT,20283618,08194c428e8e6c166dd7,161
27,product,cz,random_seeded,16777216,direct,3,3,main,NAIVE_PRODUCT,20283619,d269091d0ae20d30edfa,162
27,product,cz,random_seeded,16777216,direct,3,3,main,PRODUCT_FUSED,20283619,50d90f5c4a184659c618,163
27,product,cz,random_seeded,16777216,direct,3,4,main,NAIVE_PRODUCT,20283620,c5921ea01f03d71738a4,164
27,product,cz,random_seeded,16777216,direct,3,4,main,PRODUCT_FUSED,20283620,df9d3eeba24a5748b3ea,165
27,product,cz,plus,16777216,direct,3,0,main,PRODUCT_FUSED,20283616,b57fd001020915343459,166
27,product,cz,plus,16777216,direct,3,0,main,NAIVE_PRODUCT,20283616,3d5e2196be79bf4eef5c,167
27,product,cz,plus,16777216,direct,3,1,main,NAIVE_PRODUCT,20283617,16c4f235260c054f67ee,168
27,product,cz,plus,16777216,direct,3,1,main,PRODUCT_FUSED,20283617,bac5cfebcf8da3050be4,169
27,product,cz,plus,16777216,direct,3,2,main,PRODUCT_FUSED,20283618,b1dac728a26706c8c111,170
27,product,cz,plus,16777216,direct,3,2,main,NAIVE_PRODUCT,20283618,85450ca67fe51bc5c1f2,171
27,product,cz,plus,16777216,direct,3,3,main,PRODUCT_FUSED,20283619,f76b1a87a5e3f81a99bc,172
27,product,cz,plus,16777216,direct,3,3,main,NAIVE_PRODUCT,20283619,abe9c9fe2058a58b63d5,173
27,product,cz,plus,16777216,direct,3,4,main,NAIVE_PRODUCT,20283620,22590ba98c1f4ef2d942,174
27,product,cz,plus,16777216,direct,3,4,main,PRODUCT_FUSED,20283620,678824a814ff8b73c3d3,175
27,product,cx_product_control,plus,16777216,direct,3,0,main,NAIVE_PRODUCT,20263616,c5348da07c554bd5d8e9,176
27,product,cx_product_control,plus,16777216,direct,3,0,main,PRODUCT_FUSED,20263616,78b1dca685a1c1e140ee,177
27,product,cx_product_control,plus,16777216,direct,3,1,main,PRODUCT_FUSED,20263617,9fd521dd7ff89b49bd82,178
27,product,cx_product_control,plus,16777216,direct,3,1,main,NAIVE_PRODUCT,20263617,3077e083170e5a820529,179
27,product,cx_product_control,plus,16777216,direct,3,2,main,PRODUCT_FUSED,20263618,9ba1cf11887c297a3ec2,180
27,product,cx_product_control,plus,16777216,direct,3,2,main,NAIVE_PRODUCT,20263618,8d2491cd7569428101b4,181
27,product,cx_product_control,plus,16777216,direct,3,3,main,NAIVE_PRODUCT,20263619,b2f14aa5329f19312eb5,182
27,product,cx_product_control,plus,16777216,direct,3,3,main,PRODUCT_FUSED,20263619,8975633e8ba78ecd58fe,183
27,product,cx_product_control,plus,16777216,direct,3,4,main,PRODUCT_FUSED,20263620,12a31039ca4e2a779a6c,184
27,product,cx_product_control,plus,16777216,direct,3,4,main,NAIVE_PRODUCT,20263620,ea8b6e265ca279cceea9,185
27,product,cx_product_target,plus,16777216,direct,3,0,main,PRODUCT_FUSED,20273616,800c03ab2c1a2e4467ed,186
27,product,cx_product_target,plus,16777216,direct,3,0,main,NAIVE_PRODUCT,20273616,42e22cba00154f4f4d9e,187
27,product,cx_product_target,plus,16777216,direct,3,1,main,PRODUCT_FUSED,20273617,a1556861687b1c9dfeea,188
27,product,cx_product_target,plus,16777216,direct,3,1,main,NAIVE_PRODUCT,20273617,35770e81fff46d2cf53b,189
27,product,cx_product_target,plus,16777216,direct,3,2,main,NAIVE_PRODUCT,20273618,87dc2312bdcc7e765ede,190
27,product,cx_product_target,plus,16777216,direct,3,2,main,PRODUCT_FUSED,20273618,a4d838d48d1e71441761,191
27,product,cx_product_target,plus,16777216,direct,3,3,main,NAIVE_PRODUCT,20273619,a6cc207f2f9f7f0e50bc,192
27,product,cx_product_target,plus,16777216,direct,3,3,main,PRODUCT_FUSED,20273619,1c6dcf114c714cbec392,193
27,product,cx_product_target,plus,16777216,direct,3,4,main,NAIVE_PRODUCT,20273620,b1960bf821ea580daa92,194
27,product,cx_product_target,plus,16777216,direct,3,4,main,PRODUCT_FUSED,20273620,c30c18064369674f8907,195
27,product,cx_product_target,random_seeded,16777216,direct,3,0,main,PRODUCT_FUSED,20273616,5ad7b320b8cd8a3ca2cc,196
27,product,cx_product_target,random_seeded,16777216,direct,3,0,main,NAIVE_PRODUCT,20273616,00d67418eea85dd8cc52,197
27,product,cx_product_target,random_seeded,16777216,direct,3,1,main,PRODUCT_FUSED,20273617,27c99bc0a289c067fb9a,198
27,product,cx_product_target,random_seeded,16777216,direct,3,1,main,NAIVE_PRODUCT,20273617,df6a9efa0ac533425e8f,199
27,product,cx_product_target,random_seeded,16777216,direct,3,2,main,NAIVE_PRODUCT,20273618,038fd7805cf6323827cd,200
27,product,cx_product_target,random_seeded,16777216,direct,3,2,main,PRODUCT_FUSED,20273618,637877c762a342c43203,201
27,product,cx_product_target,random_seeded,16777216,direct,3,3,main,NAIVE_PRODUCT,20273619,4705f789cd467a75d666,202
27,product,cx_product_target,random_seeded,16777216,direct,3,3,main,PRODUCT_FUSED,20273619,4c4f5596c8deef3b4886,203
27,product,cx_product_target,random_seeded,16777216,direct,3,4,main,PRODUCT_FUSED,20273620,606c0c6b8a76b34bd710,204
27,product,cx_product_target,random_seeded,16777216,direct,3,4,main,NAIVE_PRODUCT,20273620,b70f4e31995a2a237c33,205
27,product,cx_product_control,random_seeded,16777216,direct,3,0,main,PRODUCT_FUSED,20263616,8c52f190b338042a77f0,206
27,product,cx_product_control,random_seeded,16777216,direct,3,0,main,NAIVE_PRODUCT,20263616,3ed44a33105ab5314228,207
27,product,cx_product_control,random_seeded,16777216,direct,3,1,main,PRODUCT_FUSED,20263617,127db174f693bea1ef37,208
27,product,cx_product_control,random_seeded,16777216,direct,3,1,main,NAIVE_PRODUCT,20263617,24578349b2a1d7ecbfd0,209
27,product,cx_product_control,random_seeded,16777216,direct,3,2,main,NAIVE_PRODUCT,20263618,4de1cc15108c4f21f922,210
27,product,cx_product_control,random_seeded,16777216,direct,3,2,main,PRODUCT_FUSED,20263618,1646ae42a002272960a0,211
27,product,cx_product_control,random_seeded,16777216,direct,3,3,main,NAIVE_PRODUCT,20263619,b167e1730fd6982fd046,212
27,product,cx_product_control,random_seeded,16777216,direct,3,3,main,PRODUCT_FUSED,20263619,de020baa356fd8cf8476,213
27,product,cx_product_control,random_seeded,16777216,direct,3,4,main,PRODUCT_FUSED,20263620,1ac320269ce4fa4ba37e,214
27,product,cx_product_control,random_seeded,16777216,direct,3,4,main,NAIVE_PRODUCT,20263620,f8af27ee132cd7c5def4,215
27,basis,cx_product_target,basis0,16777216,direct,3,0,basis,NAIVE_BASIS,20273616,534b7a6808ac4728b33d,216
27,basis,cx_product_target,basis0,16777216,direct,3,0,basis,FUSED_BASIS,20273616,9966814d0139be4eea9f,217
27,basis,cx_product_target,basis0,16777216,direct,3,0,basis,THIN_BASIS,20273616,139d92394724f1b7d874,218
27,basis,cx_product_target,basis0,16777216,direct,3,1,basis,NAIVE_BASIS,20273617,3950092a343a490e2bc6,219
27,basis,cx_product_target,basis0,16777216,direct,3,1,basis,FUSED_BASIS,20273617,6424b0fbbae17ebda9b9,220
27,basis,cx_product_target,basis0,16777216,direct,3,1,basis,THIN_BASIS,20273617,6f5189e0c0666e78cae5,221
27,basis,cx_product_target,basis0,16777216,direct,3,2,basis,THIN_BASIS,20273618,260dc480491c9770d8b9,222
27,basis,cx_product_target,basis0,16777216,direct,3,2,basis,NAIVE_BASIS,20273618,3bb0ea025351c1d0d8cc,223
27,basis,cx_product_target,basis0,16777216,direct,3,2,basis,FUSED_BASIS,20273618,149c9d3909bffc3b4c3d,224
27,basis,cx_product_target,basis0,16777216,direct,3,3,basis,NAIVE_BASIS,20273619,34973a8b9876375b5d7b,225
27,basis,cx_product_target,basis0,16777216,direct,3,3,basis,THIN_BASIS,20273619,600a349909a944b30882,226
27,basis,cx_product_target,basis0,16777216,direct,3,3,basis,FUSED_BASIS,20273619,f47d3ba230b923eb95ac,227
27,basis,cx_product_target,basis0,16777216,direct,3,4,basis,THIN_BASIS,20273620,50587868d2fda38ca1c6,228
27,basis,cx_product_target,basis0,16777216,direct,3,4,basis,FUSED_BASIS,20273620,02cff7407bf6a3d571e4,229
27,basis,cx_product_target,basis0,16777216,direct,3,4,basis,NAIVE_BASIS,20273620,fa3afd586df0aece9682,230
28,product,cx_product_target,plus,16777216,direct,3,0,main,PRODUCT_FUSED,20273716,18e8d2e9d706d729939c,231
28,product,cx_product_target,plus,16777216,direct,3,0,main,NAIVE_PRODUCT,20273716,4cccde3ac3f89f0a166a,232
28,product,cx_product_target,plus,16777216,direct,3,1,main,PRODUCT_FUSED,20273717,58d59ecf35005c394b6b,233
28,product,cx_product_target,plus,16777216,direct,3,1,main,NAIVE_PRODUCT,20273717,2ca316463345248fd7cc,234
28,product,cx_product_target,plus,16777216,direct,3,2,main,NAIVE_PRODUCT,20273718,4376b86c53497c51ba72,235
28,product,cx_product_target,plus,16777216,direct,3,2,main,PRODUCT_FUSED,20273718,5f6b340310c0dc210a31,236
28,product,cx_product_target,plus,16777216,direct,3,3,main,PRODUCT_FUSED,20273719,2fd98709a13161697469,237
28,product,cx_product_target,plus,16777216,direct,3,3,main,NAIVE_PRODUCT,20273719,847bdedf376b49ac3372,238
28,product,cx_product_target,plus,16777216,direct,3,4,main,PRODUCT_FUSED,20273720,b4d8cdbf159c1516ced6,239
28,product,cx_product_target,plus,16777216,direct,3,4,main,NAIVE_PRODUCT,20273720,f907e3aa3f9fb3cb98e8,240
28,product,cx_product_control,random_seeded,16777216,direct,3,0,main,PRODUCT_FUSED,20263716,e93dc9644264f5c59d29,241
28,product,cx_product_control,random_seeded,16777216,direct,3,0,main,NAIVE_PRODUCT,20263716,591d4a6a72549967ed08,242
28,product,cx_product_control,random_seeded,16777216,direct,3,1,main,NAIVE_PRODUCT,20263717,ef0bf14a4c8b73fc2e23,243
28,product,cx_product_control,random_seeded,16777216,direct,3,1,main,PRODUCT_FUSED,20263717,584fee86410c26fe2f03,244
28,product,cx_product_control,random_seeded,16777216,direct,3,2,main,PRODUCT_FUSED,20263718,a2aa1d92ea5e38519cf6,245
28,product,cx_product_control,random_seeded,16777216,direct,3,2,main,NAIVE_PRODUCT,20263718,e7339581701dc25725f4,246
28,product,cx_product_control,random_seeded,16777216,direct,3,3,main,PRODUCT_FUSED,20263719,4b8d289e1fb6ee14e945,247
28,product,cx_product_control,random_seeded,16777216,direct,3,3,main,NAIVE_PRODUCT,20263719,2a87a10f0381f2fc318d,248
28,product,cx_product_control,random_seeded,16777216,direct,3,4,main,PRODUCT_FUSED,20263720,b6f2672ca879bf0a8c04,249
28,product,cx_product_control,random_seeded,16777216,direct,3,4,main,NAIVE_PRODUCT,20263720,1307b2bbfd585afc34c2,250
28,product,cz,plus,16777216,direct,3,0,main,NAIVE_PRODUCT,20283716,819526f13d637a7d7183,251
28,product,cz,plus,16777216,direct,3,0,main,PRODUCT_FUSED,20283716,64d4f15d035f545b75aa,252
28,product,cz,plus,16777216,direct,3,1,main,PRODUCT_FUSED,20283717,c5a5e1c455f3e5f1ad65,253
28,product,cz,plus,16777216,direct,3,1,main,NAIVE_PRODUCT,20283717,5b2d87fbd9d8d690beed,254
28,product,cz,plus,16777216,direct,3,2,main,PRODUCT_FUSED,20283718,7f3eb418685375d04bf3,255
28,product,cz,plus,16777216,direct,3,2,main,NAIVE_PRODUCT,20283718,23f03be44d77c522ea86,256
28,product,cz,plus,16777216,direct,3,3,main,PRODUCT_FUSED,20283719,e393b67a6ab368ebf128,257
28,product,cz,plus,16777216,direct,3,3,main,NAIVE_PRODUCT,20283719,25a46b358b2eca62216b,258
28,product,cz,plus,16777216,direct,3,4,main,NAIVE_PRODUCT,20283720,c04fedabf50254184d1e,259
28,product,cz,plus,16777216,direct,3,4,main,PRODUCT_FUSED,20283720,136e5fb14fea57ab2ccf,260
28,product,cz,random_seeded,16777216,direct,3,0,main,NAIVE_PRODUCT,20283716,a6e0f1a39a16dbec84f5,261
28,product,cz,random_seeded,16777216,direct,3,0,main,PRODUCT_FUSED,20283716,4b09806e3921aedc5c6e,262
28,product,cz,random_seeded,16777216,direct,3,1,main,PRODUCT_FUSED,20283717,5a92d3309330fefb67e3,263
28,product,cz,random_seeded,16777216,direct,3,1,main,NAIVE_PRODUCT,20283717,a2ea7b781a89c881a497,264
28,product,cz,random_seeded,16777216,direct,3,2,main,NAIVE_PRODUCT,20283718,998fa157f85349fb34ca,265
28,product,cz,random_seeded,16777216,direct,3,2,main,PRODUCT_FUSED,20283718,44a4247bb67aa8042ead,266
28,product,cz,random_seeded,16777216,direct,3,3,main,PRODUCT_FUSED,20283719,c6b13fa93ef86c02792a,267
28,product,cz,random_seeded,16777216,direct,3,3,main,NAIVE_PRODUCT,20283719,8d6494ce1137bb3b6829,268
28,product,cz,random_seeded,16777216,direct,3,4,main,PRODUCT_FUSED,20283720,443d9e6c8d383e81a93e,269
28,product,cz,random_seeded,16777216,direct,3,4,main,NAIVE_PRODUCT,20283720,b8c8bbf2b3a002aa5aa6,270
28,product,cx_product_control,plus,16777216,direct,3,0,main,PRODUCT_FUSED,20263716,08b622b27ef44516ba15,271
28,product,cx_product_control,plus,16777216,direct,3,0,main,NAIVE_PRODUCT,20263716,453147cb4a4b3c253df2,272
28,product,cx_product_control,plus,16777216,direct,3,1,main,PRODUCT_FUSED,20263717,13084986ca95f529c313,273
28,product,cx_product_control,plus,16777216,direct,3,1,main,NAIVE_PRODUCT,20263717,be18c36eb465e95393d6,274
28,product,cx_product_control,plus,16777216,direct,3,2,main,NAIVE_PRODUCT,20263718,714aa89abe4c1d5b2e79,275
28,product,cx_product_control,plus,16777216,direct,3,2,main,PRODUCT_FUSED,20263718,843e800a879ea8b8bf17,276
28,product,cx_product_control,plus,16777216,direct,3,3,main,PRODUCT_FUSED,20263719,02d1b3697998e789c64d,277
28,product,cx_product_control,plus,16777216,direct,3,3,main,NAIVE_PRODUCT,20263719,01bd1e85c3e0651e67cf,278
28,product,cx_product_control,plus,16777216,direct,3,4,main,NAIVE_PRODUCT,20263720,f75374601d4cbd607ee7,279
28,product,cx_product_control,plus,16777216,direct,3,4,main,PRODUCT_FUSED,20263720,f17fd9b731921c78c3a8,280
28,product,cx_product_target,random_seeded,16777216,direct,3,0,main,NAIVE_PRODUCT,20273716,d26e7407833624ffe69a,281
28,product,cx_product_target,random_seeded,16777216,direct,3,0,main,PRODUCT_FUSED,20273716,f6e339bf4adb1005841f,282
28,product,cx_product_target,random_seeded,16777216,direct,3,1,main,NAIVE_PRODUCT,20273717,6da494e785f6360d36de,283
28,product,cx_product_target,random_seeded,16777216,direct,3,1,main,PRODUCT_FUSED,20273717,c7f1cd1f44f480151043,284
28,product,cx_product_target,random_seeded,16777216,direct,3,2,main,PRODUCT_FUSED,20273718,f9b8d85b78aa84aa91fa,285
28,product,cx_product_target,random_seeded,16777216,direct,3,2,main,NAIVE_PRODUCT,20273718,2493bd9ea00e38ecfaf7,286
28,product,cx_product_target,random_seeded,16777216,direct,3,3,main,NAIVE_PRODUCT,20273719,c83f25769b8ed188d1f1,287
28,product,cx_product_target,random_seeded,16777216,direct,3,3,main,PRODUCT_FUSED,20273719,33ac72d55f1fdd15643f,288
28,product,cx_product_target,random_seeded,16777216,direct,3,4,main,NAIVE_PRODUCT,20273720,5fcbda1b248eb98754a9,289
28,product,cx_product_target,random_seeded,16777216,direct,3,4,main,PRODUCT_FUSED,20273720,78a999c57107e761e88c,290
28,basis,cx_product_target,basis0,16777216,direct,3,0,basis,NAIVE_BASIS,20273716,ef4f8503dec5cf38c636,291
28,basis,cx_product_target,basis0,16777216,direct,3,0,basis,THIN_BASIS,20273716,186250c6e3761d9bb59d,292
28,basis,cx_product_target,basis0,16777216,direct,3,0,basis,FUSED_BASIS,20273716,e948ab92d4afe791bae5,293
28,basis,cx_product_target,basis0,16777216,direct,3,1,basis,NAIVE_BASIS,20273717,de1e598290a93c588668,294
28,basis,cx_product_target,basis0,16777216,direct,3,1,basis,THIN_BASIS,20273717,99cc82b7e4b06f63bfc3,295
28,basis,cx_product_target,basis0,16777216,direct,3,1,basis,FUSED_BASIS,20273717,4a07c6be0319f507523c,296
28,basis,cx_product_target,basis0,16777216,direct,3,2,basis,THIN_BASIS,20273718,45909f58e856c1387768,297
28,basis,cx_product_target,basis0,16777216,direct,3,2,basis,FUSED_BASIS,20273718,9522056e50b7433bf64b,298
28,basis,cx_product_target,basis0,16777216,direct,3,2,basis,NAIVE_BASIS,20273718,eaf557b3ba6559502459,299
28,basis,cx_product_target,basis0,16777216,direct,3,3,basis,NAIVE_BASIS,20273719,cdac77476d0613a5ca75,300
28,basis,cx_product_target,basis0,16777216,direct,3,3,basis,FUSED_BASIS,20273719,622cd3614b0d9b3730ed,301
28,basis,cx_product_target,basis0,16777216,direct,3,3,basis,THIN_BASIS,20273719,fe89a4f3f3a75391f532,302
28,basis,cx_product_target,basis0,16777216,direct,3,4,basis,THIN_BASIS,20273720,ef0149abbe56720dd27b,303
28,basis,cx_product_target,basis0,16777216,direct,3,4,basis,FUSED_BASIS,20273720,71ba5110519d88b9be45,304
28,basis,cx_product_target,basis0,16777216,direct,3,4,basis,NAIVE_BASIS,20273720,c1d3c399d2cc4d24b930,305
28,product,cx_product_control,plus,1048576,direct,3,0,chunk,NAIVE_PRODUCT,20263716,a0370c14008125646f5d,306
28,product,cx_product_control,plus,1048576,direct,3,0,chunk,PRODUCT_FUSED,20263716,f56e8e059a990bc72a59,307
28,product,cx_product_control,plus,1048576,direct,3,1,chunk,NAIVE_PRODUCT,20263717,a7852570a02910a329d8,308
28,product,cx_product_control,plus,1048576,direct,3,1,chunk,PRODUCT_FUSED,20263717,a20c62be6f79f0d426b5,309
28,product,cx_product_control,plus,1048576,direct,3,2,chunk,PRODUCT_FUSED,20263718,351b9929e0dbb62a9ba4,310
28,product,cx_product_control,plus,1048576,direct,3,2,chunk,NAIVE_PRODUCT,20263718,f4a805289343ef301bdc,311
28,product,cx_product_control,plus,4194304,direct,3,0,chunk,PRODUCT_FUSED,20263716,5b9d0e3e2e63973dda9e,312
28,product,cx_product_control,plus,4194304,direct,3,0,chunk,NAIVE_PRODUCT,20263716,026f33514184b0c81e23,313
28,product,cx_product_control,plus,4194304,direct,3,1,chunk,NAIVE_PRODUCT,20263717,8d9ee2fb79dc04f1220a,314
28,product,cx_product_control,plus,4194304,direct,3,1,chunk,PRODUCT_FUSED,20263717,7eb461df743b497156e8,315
28,product,cx_product_control,plus,4194304,direct,3,2,chunk,PRODUCT_FUSED,20263718,6c044793a1b2d957c75b,316
28,product,cx_product_control,plus,4194304,direct,3,2,chunk,NAIVE_PRODUCT,20263718,030628cce507354067a8,317
28,product,cx_product_control,plus,67108864,direct,3,0,chunk,PRODUCT_FUSED,20263716,165f57add085eecab9d7,318
28,product,cx_product_control,plus,67108864,direct,3,0,chunk,NAIVE_PRODUCT,20263716,230ccc24fbe8f52e4d47,319
28,product,cx_product_control,plus,67108864,direct,3,1,chunk,PRODUCT_FUSED,20263717,9191c5bf8df8f23ecd5e,320
28,product,cx_product_control,plus,67108864,direct,3,1,chunk,NAIVE_PRODUCT,20263717,75753a6d6582ac84ea82,321
28,product,cx_product_control,plus,67108864,direct,3,2,chunk,PRODUCT_FUSED,20263718,d3a32796338cdf25c01f,322
28,product,cx_product_control,plus,67108864,direct,3,2,chunk,NAIVE_PRODUCT,20263718,a6fd913ab9fefc8f2a26,323
28,product,cx_product_control,plus,16777216,buffered,3,0,buffered,PRODUCT_FUSED,20263716,307b2ba224ea3d7bfda4,324
28,product,cx_product_control,plus,16777216,buffered,3,0,buffered,NAIVE_PRODUCT,20263716,ee087c5e114b4bbd6bd5,325
28,product,cx_product_control,plus,16777216,buffered,3,1,buffered,NAIVE_PRODUCT,20263717,fcb15c2851d5a27a703f,326
28,product,cx_product_control,plus,16777216,buffered,3,1,buffered,PRODUCT_FUSED,20263717,a69f6bde1c48a946ac5e,327
28,product,cx_product_control,plus,16777216,buffered,3,2,buffered,PRODUCT_FUSED,20263718,21d18ed3df5b6c1e0a69,328
28,product,cx_product_control,plus,16777216,buffered,3,2,buffered,NAIVE_PRODUCT,20263718,3eb73d2f1414be0724f7,329
28,product,cx_product_control,plus,16777216,direct,18,0,target,PRODUCT_FUSED,20263716,d587850c7e38c3df6119,330
28,product,cx_product_control,plus,16777216,direct,18,0,target,NAIVE_PRODUCT,20263716,cc6872294467eb48e030,331
28,product,cx_product_control,plus,16777216,direct,18,1,target,PRODUCT_FUSED,20263717,60fc3e8543d9ceef78fd,332
28,product,cx_product_control,plus,16777216,direct,18,1,target,NAIVE_PRODUCT,20263717,57117d5993282131ddb8,333
28,product,cx_product_control,plus,16777216,direct,18,2,target,NAIVE_PRODUCT,20263718,672c8fb074990373cd6e,334
28,product,cx_product_control,plus,16777216,direct,18,2,target,PRODUCT_FUSED,20263718,d8c0d3c41b74bb7e4f57,335
29,product,cx_product_target,plus,16777216,direct,3,0,main,PRODUCT_FUSED,20273816,529a229772114de3183b,336
29,product,cx_product_target,plus,16777216,direct,3,0,main,NAIVE_PRODUCT,20273816,190ced0aed6f8825360d,337
29,product,cx_product_target,plus,16777216,direct,3,1,main,NAIVE_PRODUCT,20273817,40c92b65823a2d52cdf3,338
29,product,cx_product_target,plus,16777216,direct,3,1,main,PRODUCT_FUSED,20273817,5a1ce1e371e18a307c58,339
29,product,cx_product_target,plus,16777216,direct,3,2,main,PRODUCT_FUSED,20273818,05cfaab202a8fa68bb97,340
29,product,cx_product_target,plus,16777216,direct,3,2,main,NAIVE_PRODUCT,20273818,6b5a0ccbc72d93228d98,341
29,product,cz,plus,16777216,direct,3,0,main,NAIVE_PRODUCT,20283816,548d02b21908c71f5788,342
29,product,cz,plus,16777216,direct,3,0,main,PRODUCT_FUSED,20283816,840edfa10785d60edd80,343
29,product,cz,plus,16777216,direct,3,1,main,NAIVE_PRODUCT,20283817,008633b2dce991ca304f,344
29,product,cz,plus,16777216,direct,3,1,main,PRODUCT_FUSED,20283817,adbe9865eec5359ece7d,345
29,product,cz,plus,16777216,direct,3,2,main,NAIVE_PRODUCT,20283818,e3977de614d7486ed628,346
29,product,cz,plus,16777216,direct,3,2,main,PRODUCT_FUSED,20283818,5db7e55655f521b80aba,347
29,product,cx_product_control,random_seeded,16777216,direct,3,0,main,PRODUCT_FUSED,20263816,c225c204faf51554ae73,348
29,product,cx_product_control,random_seeded,16777216,direct,3,0,main,NAIVE_PRODUCT,20263816,d7a388e39319817d884f,349
29,product,cx_product_control,random_seeded,16777216,direct,3,1,main,PRODUCT_FUSED,20263817,7df5c2e20dac9ac7b6e3,350
29,product,cx_product_control,random_seeded,16777216,direct,3,1,main,NAIVE_PRODUCT,20263817,20ddd83c02fa21d19267,351
29,product,cx_product_control,random_seeded,16777216,direct,3,2,main,PRODUCT_FUSED,20263818,96b458c3f09ccfcb31f4,352
29,product,cx_product_control,random_seeded,16777216,direct,3,2,main,NAIVE_PRODUCT,20263818,6a824bd3308dd6a8b339,353
29,product,cz,random_seeded,16777216,direct,3,0,main,PRODUCT_FUSED,20283816,d482a921fb0d04d6502a,354
29,product,cz,random_seeded,16777216,direct,3,0,main,NAIVE_PRODUCT,20283816,47908aa2d69b64f28a62,355
29,product,cz,random_seeded,16777216,direct,3,1,main,PRODUCT_FUSED,20283817,97cd33c6cbd082b927e7,356
29,product,cz,random_seeded,16777216,direct,3,1,main,NAIVE_PRODUCT,20283817,a3ae54274574ce038ce0,357
29,product,cz,random_seeded,16777216,direct,3,2,main,PRODUCT_FUSED,20283818,81b65823cee4a2a6d0ef,358
29,product,cz,random_seeded,16777216,direct,3,2,main,NAIVE_PRODUCT,20283818,e1f58e1af811e450a3f2,359
29,product,cx_product_target,random_seeded,16777216,direct,3,0,main,NAIVE_PRODUCT,20273816,03991b9de994d6ffcca5,360
29,product,cx_product_target,random_seeded,16777216,direct,3,0,main,PRODUCT_FUSED,20273816,c98c5fe0ad367398886b,361
29,product,cx_product_target,random_seeded,16777216,direct,3,1,main,PRODUCT_FUSED,20273817,43485125f3afb56a59ee,362
29,product,cx_product_target,random_seeded,16777216,direct,3,1,main,NAIVE_PRODUCT,20273817,69fc1f76ce4b7d178ff2,363
29,product,cx_product_target,random_seeded,16777216,direct,3,2,main,NAIVE_PRODUCT,20273818,802a809be63d0146c0d0,364
29,product,cx_product_target,random_seeded,16777216,direct,3,2,main,PRODUCT_FUSED,20273818,a6a2972bb33333dba23f,365
29,product,cx_product_control,plus,16777216,direct,3,0,main,PRODUCT_FUSED,20263816,9099759d39e39a69e4e4,366
29,product,cx_product_control,plus,16777216,direct,3,0,main,NAIVE_PRODUCT,20263816,13da22d61c0ea7dbbab8,367
29,product,cx_product_control,plus,16777216,direct,3,1,main,NAIVE_PRODUCT,20263817,637b00835ca167156934,368
29,product,cx_product_control,plus,16777216,direct,3,1,main,PRODUCT_FUSED,20263817,40eed2594c24634ed804,369
29,product,cx_product_control,plus,16777216,direct,3,2,main,PRODUCT_FUSED,20263818,662998e57e897ccca4b9,370
29,product,cx_product_control,plus,16777216,direct,3,2,main,NAIVE_PRODUCT,20263818,187381ee93faa75206ee,371
29,basis,cx_product_target,basis0,16777216,direct,3,0,basis,FUSED_BASIS,20273816,415d643f50f2b7faf14a,372
29,basis,cx_product_target,basis0,16777216,direct,3,0,basis,THIN_BASIS,20273816,aae0247d4e90f3d1842d,373
29,basis,cx_product_target,basis0,16777216,direct,3,0,basis,NAIVE_BASIS,20273816,8db75d20a5dc24d0d287,374
29,basis,cx_product_target,basis0,16777216,direct,3,1,basis,FUSED_BASIS,20273817,14d43d6866953d93ccc2,375
29,basis,cx_product_target,basis0,16777216,direct,3,1,basis,NAIVE_BASIS,20273817,04a3af94fe067dc1fcd5,376
29,basis,cx_product_target,basis0,16777216,direct,3,1,basis,THIN_BASIS,20273817,0e963bb39eb9dcc6187a,377
29,basis,cx_product_target,basis0,16777216,direct,3,2,basis,THIN_BASIS,20273818,8c363079d732582aa601,378
29,basis,cx_product_target,basis0,16777216,direct,3,2,basis,NAIVE_BASIS,20273818,156f168d2e5bbb5bb6ac,379
29,basis,cx_product_target,basis0,16777216,direct,3,2,basis,FUSED_BASIS,20273818,29502a5b22aec5f1393a,380
29,product,cx_product_control,plus,1048576,direct,3,0,chunk,PRODUCT_FUSED,20263816,b831e2d3625619f251b2,381
29,product,cx_product_control,plus,1048576,direct,3,0,chunk,NAIVE_PRODUCT,20263816,1aa1669638da02030566,382
29,product,cx_product_control,plus,1048576,direct,3,1,chunk,NAIVE_PRODUCT,20263817,871440dd567f3e7e18f7,383
29,product,cx_product_control,plus,1048576,direct,3,1,chunk,PRODUCT_FUSED,20263817,f1807962925c742e0787,384
29,product,cx_product_control,plus,1048576,direct,3,2,chunk,NAIVE_PRODUCT,20263818,7f7644eb81b23e7bc36b,385
29,product,cx_product_control,plus,1048576,direct,3,2,chunk,PRODUCT_FUSED,20263818,4e655102f0c454e2f19c,386
29,product,cx_product_control,plus,4194304,direct,3,0,chunk,PRODUCT_FUSED,20263816,3c97bcd911a3f07da9d7,387
29,product,cx_product_control,plus,4194304,direct,3,0,chunk,NAIVE_PRODUCT,20263816,f1cf2e11a00375576f09,388
29,product,cx_product_control,plus,4194304,direct,3,1,chunk,PRODUCT_FUSED,20263817,4afa8c2e597063258f33,389
29,product,cx_product_control,plus,4194304,direct,3,1,chunk,NAIVE_PRODUCT,20263817,25e94de46adeaa1a5514,390
29,product,cx_product_control,plus,4194304,direct,3,2,chunk,PRODUCT_FUSED,20263818,f20b8d111824b4fbfe4f,391
29,product,cx_product_control,plus,4194304,direct,3,2,chunk,NAIVE_PRODUCT,20263818,69fdd96eb420682941b8,392
29,product,cx_product_control,plus,67108864,direct,3,0,chunk,NAIVE_PRODUCT,20263816,68aab8055c08e6e11c8a,393
29,product,cx_product_control,plus,67108864,direct,3,0,chunk,PRODUCT_FUSED,20263816,e79041b5fdefdee2a213,394
29,product,cx_product_control,plus,67108864,direct,3,1,chunk,NAIVE_PRODUCT,20263817,21555b9b518d39f85dfa,395
29,product,cx_product_control,plus,67108864,direct,3,1,chunk,PRODUCT_FUSED,20263817,ad2ba473767bd2f2fb53,396
29,product,cx_product_control,plus,67108864,direct,3,2,chunk,PRODUCT_FUSED,20263818,9dc6943b4b33bab924de,397
29,product,cx_product_control,plus,67108864,direct,3,2,chunk,NAIVE_PRODUCT,20263818,d37481c5a4bd159f3b46,398
30,product,cx_product_control,random_seeded,16777216,direct,3,0,main,PRODUCT_FUSED,20263916,94f2d9b3a50cd2bf1732,399
30,product,cx_product_control,random_seeded,16777216,direct,3,0,main,NAIVE_PRODUCT,20263916,62db7af9b5fa6f81b95e,400
30,product,cx_product_control,random_seeded,16777216,direct,3,1,main,NAIVE_PRODUCT,20263917,cbb56dbc6634d5d524da,401
30,product,cx_product_control,random_seeded,16777216,direct,3,1,main,PRODUCT_FUSED,20263917,26e2301dc879e198fdf7,402
30,product,cx_product_control,random_seeded,16777216,direct,3,2,main,PRODUCT_FUSED,20263918,4b5d36b83339fbe3bc9d,403
30,product,cx_product_control,random_seeded,16777216,direct,3,2,main,NAIVE_PRODUCT,20263918,301698caf957a5cdb811,404
30,product,cx_product_control,plus,16777216,direct,3,0,main,PRODUCT_FUSED,20263916,efa3aba49af1dcd6620e,405
30,product,cx_product_control,plus,16777216,direct,3,0,main,NAIVE_PRODUCT,20263916,d2f2c88dbf4db084b572,406
30,product,cx_product_control,plus,16777216,direct,3,1,main,NAIVE_PRODUCT,20263917,1fe8af5b6a0d43c663b6,407
30,product,cx_product_control,plus,16777216,direct,3,1,main,PRODUCT_FUSED,20263917,36e5f6c073c4a9b588f9,408
30,product,cx_product_control,plus,16777216,direct,3,2,main,NAIVE_PRODUCT,20263918,c7165d0941b6ee06eccb,409
30,product,cx_product_control,plus,16777216,direct,3,2,main,PRODUCT_FUSED,20263918,30bf712920aa1002a38c,410
30,product,cx_product_target,random_seeded,16777216,direct,3,0,main,NAIVE_PRODUCT,20273916,36bea3f4617ef5c0d375,411
30,product,cx_product_target,random_seeded,16777216,direct,3,0,main,PRODUCT_FUSED,20273916,84fad0db3f2b7359b4d5,412
30,product,cx_product_target,random_seeded,16777216,direct,3,1,main,PRODUCT_FUSED,20273917,99dae316890d89441e14,413
30,product,cx_product_target,random_seeded,16777216,direct,3,1,main,NAIVE_PRODUCT,20273917,8271d249c6fd240bda2f,414
30,product,cx_product_target,random_seeded,16777216,direct,3,2,main,NAIVE_PRODUCT,20273918,d496f0e360d1ba07be21,415
30,product,cx_product_target,random_seeded,16777216,direct,3,2,main,PRODUCT_FUSED,20273918,f6018e42786ebac3b6d9,416
30,product,cx_product_target,plus,16777216,direct,3,0,main,PRODUCT_FUSED,20273916,8028f1305627d57a9850,417
30,product,cx_product_target,plus,16777216,direct,3,0,main,NAIVE_PRODUCT,20273916,ff3074fdb5f0cb0d24b8,418
30,product,cx_product_target,plus,16777216,direct,3,1,main,NAIVE_PRODUCT,20273917,10b109928ea8ab542494,419
30,product,cx_product_target,plus,16777216,direct,3,1,main,PRODUCT_FUSED,20273917,58c794995d4da08e59ba,420
30,product,cx_product_target,plus,16777216,direct,3,2,main,NAIVE_PRODUCT,20273918,129c907fd6718387607f,421
30,product,cx_product_target,plus,16777216,direct,3,2,main,PRODUCT_FUSED,20273918,4d7653bb609d4d0e923c,422
30,product,cz,plus,16777216,direct,3,0,main,NAIVE_PRODUCT,20283916,fbab270f6cf59d1e371b,423
30,product,cz,plus,16777216,direct,3,0,main,PRODUCT_FUSED,20283916,32cb467d97c60063be2b,424
30,product,cz,plus,16777216,direct,3,1,main,NAIVE_PRODUCT,20283917,1ebabd44fbe3e6024355,425
30,product,cz,plus,16777216,direct,3,1,main,PRODUCT_FUSED,20283917,166a956b4fb2f2cdab60,426
30,product,cz,plus,16777216,direct,3,2,main,NAIVE_PRODUCT,20283918,04ddbf8612eb1de67f35,427
30,product,cz,plus,16777216,direct,3,2,main,PRODUCT_FUSED,20283918,8a8a1b78abf5c027cb67,428
30,product,cz,random_seeded,16777216,direct,3,0,main,PRODUCT_FUSED,20283916,4a70a52e342d14dfcbcf,429
30,product,cz,random_seeded,16777216,direct,3,0,main,NAIVE_PRODUCT,20283916,33f1b2ad0e6df9147c1d,430
30,product,cz,random_seeded,16777216,direct,3,1,main,PRODUCT_FUSED,20283917,043bbf4d30e62149683c,431
30,product,cz,random_seeded,16777216,direct,3,1,main,NAIVE_PRODUCT,20283917,3ba0da263dc330ebb8eb,432
30,product,cz,random_seeded,16777216,direct,3,2,main,PRODUCT_FUSED,20283918,c99fedb8a26d15cb56f9,433
30,product,cz,random_seeded,16777216,direct,3,2,main,NAIVE_PRODUCT,20283918,43d4fad0336ba533a0ed,434
30,basis,cx_product_target,basis0,16777216,direct,3,0,basis,THIN_BASIS,20273916,312de2f02322b5824fbb,435
30,basis,cx_product_target,basis0,16777216,direct,3,0,basis,NAIVE_BASIS,20273916,025343ec731edfb6cb42,436
30,basis,cx_product_target,basis0,16777216,direct,3,0,basis,FUSED_BASIS,20273916,f0df31206b388a88bcd0,437
30,basis,cx_product_target,basis0,16777216,direct,3,1,basis,FUSED_BASIS,20273917,99559b69cef468c278b3,438
30,basis,cx_product_target,basis0,16777216,direct,3,1,basis,NAIVE_BASIS,20273917,22b28ea8e89d57ee44b4,439
30,basis,cx_product_target,basis0,16777216,direct,3,1,basis,THIN_BASIS,20273917,96068c380f61726957c8,440
30,basis,cx_product_target,basis0,16777216,direct,3,2,basis,FUSED_BASIS,20273918,e2ef7d6d151a1cc99bf5,441
30,basis,cx_product_target,basis0,16777216,direct,3,2,basis,NAIVE_BASIS,20273918,4edf422fa87ba3eda239,442
30,basis,cx_product_target,basis0,16777216,direct,3,2,basis,THIN_BASIS,20273918,ef328f5fd750d0454a3f,443
