q_old,scenario,gate,product_state,chunk_bytes,io_mode,target,study,policy,repetitions,total_elapsed_s_median,total_elapsed_s_min,total_elapsed_s_max,total_elapsed_s_std,total_elapsed_s_cv,operation_elapsed_s_median,operation_elapsed_s_min,operation_elapsed_s_max,operation_elapsed_s_std,operation_elapsed_s_cv,sync_elapsed_s_median,sync_elapsed_s_min,sync_elapsed_s_max,sync_elapsed_s_std,sync_elapsed_s_cv,cpu_elapsed_s_median,cpu_elapsed_s_min,cpu_elapsed_s_max,cpu_elapsed_s_std,cpu_elapsed_s_cv,peak_rss_bytes_median,peak_rss_bytes_min,peak_rss_bytes_max,peak_rss_bytes_std,peak_rss_bytes_cv,pread_calls_median,pread_calls_min,pread_calls_max,pread_calls_std,pread_calls_cv,pwrite_calls_median,pwrite_calls_min,pwrite_calls_max,pwrite_calls_std,pwrite_calls_cv,effective_input_GBps_median,effective_input_GBps_min,effective_input_GBps_max,effective_input_GBps_std,effective_input_GBps_cv,effective_output_GBps_median,effective_output_GBps_min,effective_output_GBps_max,effective_output_GBps_std,effective_output_GBps_cv,algorithmic_traffic_bytes_median,algorithmic_traffic_bytes_min,algorithmic_traffic_bytes_max,algorithmic_traffic_bytes_std,algorithmic_traffic_bytes_cv,proc_traffic_bytes_median,proc_traffic_bytes_min,proc_traffic_bytes_max,proc_traffic_bytes_std,proc_traffic_bytes_cv,device_traffic_bytes_median,device_traffic_bytes_min,device_traffic_bytes_max,device_traffic_bytes_std,device_traffic_bytes_cv,algorithmic_write_bytes_median,algorithmic_write_bytes_min,algorithmic_write_bytes_max,algorithmic_write_bytes_std,algorithmic_write_bytes_cv,proc_write_bytes_median,proc_write_bytes_min,proc_write_bytes_max,proc_write_bytes_std,proc_write_bytes_cv,device_write_bytes_median,device_write_bytes_min,device_write_bytes_max,device_write_bytes_std,device_write_bytes_cv,device_write_amplification
24,basis,cx_product_target,basis0,16777216,direct,3,basis,FUSED_BASIS,5,0.6051750399929006,0.5539209280104842,1.2864983130129986,0.31503582049570567,0.4347466050548638,0.5965631270082667,0.5449401410296559,1.2777294940024149,0.31498369087598527,0.43993485226557605,0.0086119129846338,0.0083720660186372,0.0089807869808282,0.0002263973282699287,0.02612972618567604,0.084239,0.0757149999999999,0.1009989999999999,0.009289240291864554,0.10690952449411845,138117120.0,138117120.0,138117120.0,0.0,0.0,16.0,16.0,16.0,0.0,0.0,32.0,32.0,32.0,0.0,0.0,0.4435666348750092,0.2086558942866548,0.4846097022622681,0.11419302098712032,0.27852970439483293,0.8871332697500184,0.4173117885733096,0.9692194045245364,0.22838604197424064,0.27852970439483293,805306368.0,805306368.0,805306368.0,0.0,0.0,805306368.0,805306368.0,805306368.0,0.0,0.0,805421056.0,805408768.0,805449728.0,17036.602853855577,2.1152353471414194e-05,536870912.0,536870912.0,536870912.0,0.0,0.0,536870912.0,536870912.0,536870912.0,0.0,0.0,536985600.0,536973312.0,537014272.0,17036.602853855577,3.1726222981565945e-05,1.000213623046875
24,basis,cx_product_target,basis0,16777216,direct,3,basis,NAIVE_BASIS,5,1.6898248140059875,1.1343738670111634,4.111437915009446,1.3142892068924443,0.5897333433241757,1.6780358729884028,1.12303461402189,4.097396753000794,1.3135580216310583,0.5926211458021887,0.0117889410175848,0.0111697649699635,0.0140411620086524,0.001152129452924588,0.0952668331882939,0.170641,0.152487,0.205277,0.019272855527918013,0.11046464811256677,138117120.0,138117120.0,138117120.0,0.0,0.0,48.0,48.0,48.0,0.0,0.0,64.0,64.0,64.0,0.0,0.0,0.1588540147920024,0.0652899208376793,0.2366375529324128,0.0800458900607554,0.5110114397070532,0.3177080295840049,0.1305798416753586,0.4732751058648257,0.16009178012151082,0.5110114397070533,1879048192.0,1879048192.0,1879048192.0,0.0,0.0,1879048192.0,1879048192.0,1879048192.0,0.0,0.0,1879158784.0,1879126016.0,1879494656.0,152682.48633029265,8.124761089207948e-05,1073741824.0,1073741824.0,1073741824.0,0.0,0.0,1073741824.0,1073741824.0,1073741824.0,0.0,0.0,1073852416.0,1073819648.0,1074188288.0,152682.48633029265,0.00014217332529542503,2.0002059936523438
24,basis,cx_product_target,basis0,16777216,direct,3,basis,THIN_BASIS,5,1.101959691994125,0.929800202982733,3.9989264600153542,1.3207182010493157,0.8014009846698898,1.0865022839861922,0.9118936610175296,3.98082601299393,1.3204598405625714,0.8099141132060532,0.0181004470214247,0.0154574080079328,0.0186352219898253,0.0012506108195631004,0.07089029617816026,0.185862,0.1729949999999999,0.2017669999999999,0.011129540884510913,0.06025595970919435,138117120.0,138117120.0,138117120.0,0.0,0.0,48.0,48.0,48.0,0.0,0.0,48.0,48.0,48.0,0.0,0.0,0.2435982531395814,0.0671268798473901,0.2887022987722288,0.09011534380793323,0.4115784099960899,0.4871965062791628,0.1342537596947803,0.5774045975444577,0.18023068761586644,0.4115784099960898,1610612736.0,1610612736.0,1610612736.0,0.0,0.0,1342177280.0,1342177280.0,1342185472.0,3663.573774335656,2.729571835849553e-06,1342349312.0,1342332928.0,1344159744.0,810171.8194378277,0.0006033852953780523,805306368.0,805306368.0,805306368.0,0.0,0.0,805306368.0,805306368.0,805306368.0,0.0,0.0,805478400.0,805453824.0,807067648.0,712688.6986863199,0.0008844563340008317,1.5003204345703125
24,product,cx_product_control,plus,16777216,direct,3,main,NAIVE_PRODUCT,5,2.308563037979184,1.1396032059856225,2.9592111840029247,0.8083855560449849,0.3999084596778811,2.297415341978194,1.1271569349919446,2.947213126026327,0.8092170590136283,0.40242305024309527,0.0111476960009895,0.0061123149644117,0.0124462709936779,0.002552789936954833,0.24162948001230083,0.172786,0.1618499999999999,0.186546,0.010288548838393122,0.05944313648886554,138117120.0,138117120.0,138117120.0,0.0,0.0,48.0,48.0,48.0,0.0,0.0,64.0,64.0,64.0,0.0,0.0,0.1162781572709302,0.0907118280206306,0.2355516855253447,0.06851514105050605,0.44373657323079924,0.2325563145418604,0.1814236560412612,0.4711033710506894,0.13703028210101206,0.4437365732307991,1879048192.0,1879048192.0,1879048192.0,0.0,0.0,1879048192.0,1879048192.0,1879064576.0,7327.147548671311,3.899386296933407e-06,1879158784.0,1879154688.0,1879531520.0,164468.5543099349,8.751873511780762e-05,1073741824.0,1073741824.0,1073741824.0,0.0,0.0,1073741824.0,1073741824.0,1073741824.0,0.0,0.0,1073852416.0,1073848320.0,1074225152.0,165890.52837579366,0.00015447072377869489,2.0002059936523438
24,product,cx_product_control,plus,16777216,direct,3,main,PRODUCT_FUSED,5,0.5800820729928091,0.5633380970102735,1.562061681994237,0.4420109538763517,0.5729145963206528,0.5693810060038231,0.5543530439899769,1.5529210539825726,0.4420367600347739,0.5798544549460792,0.0089850530202966,0.008257075009169,0.0107010669889859,0.000909073950878171,0.09892879498596438,0.07671,0.0752139999999999,0.085704,0.004442551744211888,0.05638185324024532,138117120.0,138117120.0,138117120.0,0.0,0.0,16.0,16.0,16.0,0.0,0.0,32.0,32.0,32.0,0.0,0.0,0.4627542696071692,0.1718468989376249,0.4765086143199447,0.13256043428204745,0.32438014193218967,0.9255085392143384,0.3436937978752498,0.9530172286398894,0.2651208685640949,0.32438014193218967,805306368.0,805306368.0,805306368.0,0.0,0.0,805306368.0,805306368.0,805322752.0,7094.480107802121,8.809621164691735e-06,805425152.0,805412864.0,805679104.0,115213.42499552731,0.00014303813492275906,536870912.0,536870912.0,536870912.0,0.0,0.0,536870912.0,536870912.0,536870912.0,0.0,0.0,536989696.0,536977408.0,537051136.0,30238.357627358004,5.631001220503497e-05,1.0002212524414062
24,product,cx_product_control,random_seeded,16777216,direct,3,main,NAIVE_PRODUCT,5,1.1556762350082863,1.1269826909992844,1.3205244190176018,0.07848971927083191,0.06619469462172789,1.143366309988778,1.115693428000668,1.3086437480524182,0.07838434390290373,0.06676240859907435,0.0116269909776747,0.0111996690102387,0.0123099250195082,0.0004531914182619367,0.038862842976925126,0.177139,0.163624,0.215104,0.01987205429239765,0.108468714854462,138117120.0,138117120.0,138117120.0,0.0,0.0,48.0,48.0,48.0,0.0,0.0,64.0,64.0,64.0,0.0,0.0,0.2322756563373264,0.2032794336356925,0.23818951093382,0.01404273908223244,0.061827002969014146,0.4645513126746529,0.406558867271385,0.4763790218676401,0.028085478164464918,0.061827002969014215,1879048192.0,1879048192.0,1879048192.0,0.0,0.0,1879064576.0,1879064576.0,1879064576.0,0.0,0.0,1879175168.0,1879162880.0,1879179264.0,7662.914328113032,4.077816246903694e-06,1073741824.0,1073741824.0,1073741824.0,0.0,0.0,1073741824.0,1073741824.0,1073741824.0,0.0,0.0,1073840128.0,1073840128.0,1073852416.0,6730.414786623482,6.267584722063074e-06,2.00018310546875
24,product,cx_product_control,random_seeded,16777216,direct,3,main,PRODUCT_FUSED,5,0.5842016389942728,0.5222706269996706,0.6288665699830744,0.05118857442525681,0.08845138253781605,0.5202639759809244,0.5133613130019512,0.621063388971379,0.056674573543905586,0.10165308743989687,0.009847608016571,0.0078031810116954,0.0692579049791675,0.0268859094936497,1.2687657360570987,0.082037,0.0770059999999999,0.083499,0.0026442407795055573,0.03252872797075092,138117120.0,138117120.0,138117120.0,0.0,0.0,16.0,16.0,16.0,0.0,0.0,32.0,32.0,32.0,0.0,0.0,0.4594911038971453,0.4268559799692084,0.5139777006838435,0.04171528592451942,0.08936570663037445,0.9189822077942906,0.8537119599384168,1.027955401367687,0.08343057184903883,0.08936570663037445,805306368.0,805306368.0,805306368.0,0.0,0.0,805322752.0,805322752.0,805322752.0,0.0,0.0,805437440.0,805425152.0,806580224.0,513410.3583092184,0.0006372528697204325,536870912.0,536870912.0,536870912.0,0.0,0.0,536870912.0,536870912.0,536870912.0,0.0,0.0,536985600.0,536973312.0,536997888.0,10681.06122068402,1.9890838431856845e-05,1.000213623046875
24,product,cx_product_target,plus,16777216,direct,3,main,NAIVE_PRODUCT,5,1.0630153569800314,1.025899197004037,1.147219265025342,0.06030722241677491,0.05575825617837941,1.0508096739649773,1.0163129729917273,1.137025476025883,0.0604266513078146,0.056422767516304845,0.0103326730022672,0.0089215100160799,0.012205683015054,0.0012608483404929884,0.11870691881558032,0.16313,0.146358,0.180558,0.01493866807315833,0.09211358527160102,138117120.0,138117120.0,138117120.0,0.0,0.0,48.0,48.0,48.0,0.0,0.0,64.0,64.0,64.0,0.0,0.0,0.2525226510015909,0.2339879255724234,0.2616587056349393,0.013714721944622366,0.055123693473061154,0.5050453020031818,0.4679758511448468,0.5233174112698787,0.027429443889244752,0.055123693473061175,1879048192.0,1879048192.0,1879048192.0,0.0,0.0,1879064576.0,1879064576.0,1879068672.0,1831.786887167828,9.748393493100648e-07,1879166976.0,1879162880.0,1879273472.0,47361.52213770161,2.5203126014958148e-05,1073741824.0,1073741824.0,1073741824.0,0.0,0.0,1073741824.0,1073741824.0,1073741824.0,0.0,0.0,1073844224.0,1073836032.0,1073872896.0,16229.673169845411,1.5113515888236944e-05,2.0001907348632812
24,product,cx_product_target,plus,16777216,direct,3,main,PRODUCT_FUSED,5,0.5556358059984632,0.4609538249787874,0.6281469179957639,0.07188809892792336,0.13322067532938847,0.5202303539845161,0.4545247779751662,0.6194782909878995,0.07077747681067136,0.1345696537939867,0.0087573900236748,0.0064290470036212,0.035405452013947,0.01219975484959044,0.892939408186428,0.098385,0.0776459999999999,0.1044629999999999,0.012243942306299889,0.13217718028927006,138117120.0,138117120.0,138117120.0,0.0,0.0,16.0,16.0,16.0,0.0,0.0,32.0,32.0,32.0,0.0,0.0,0.4831140345925483,0.4273450180357492,0.5823478219588547,0.0680069366575894,0.1347517088041752,0.9662280691850966,0.8546900360714984,1.1646956439177094,0.1360138733151788,0.1347517088041752,805306368.0,805306368.0,805306368.0,0.0,0.0,805322752.0,805322752.0,805322752.0,0.0,0.0,805425152.0,805421056.0,805462016.0,17377.85625444059,2.1575784494018404e-05,536870912.0,536870912.0,536870912.0,0.0,0.0,536870912.0,536870912.0,536870912.0,0.0,0.0,536973312.0,536969216.0,537001984.0,14070.222059370633,2.6202513279802634e-05,1.0001907348632812
24,product,cx_product_target,random_seeded,16777216,direct,3,main,NAIVE_PRODUCT,5,1.219211813993752,1.1409484089817852,1.3159147489932366,0.06242902334933445,0.05088257343639537,1.2092597269802354,1.129965217987774,1.3099211700027809,0.06413185855794623,0.05270306552339104,0.0109831909940112,0.0059935789904557,0.0123749699851032,0.0024361852420373537,0.24190254032284528,0.166899,0.159823,0.18098,0.008882889636824248,0.052081831211401315,138117120.0,138117120.0,138117120.0,0.0,0.0,48.0,48.0,48.0,0.0,0.0,64.0,64.0,64.0,0.0,0.0,0.2201713048700622,0.203991524683017,0.2352739649635511,0.01116350709680677,0.050918836013269846,0.4403426097401245,0.4079830493660341,0.4705479299271023,0.022327014193613562,0.05091883601326989,1879048192.0,1879048192.0,1879048192.0,0.0,0.0,1879064576.0,1879064576.0,1879064576.0,0.0,0.0,1879171072.0,1879154688.0,1879494656.0,143815.68719997135,7.652834751699433e-05,1073741824.0,1073741824.0,1073741824.0,0.0,0.0,1073741824.0,1073741824.0,1073741824.0,0.0,0.0,1073848320.0,1073831936.0,1074171904.0,147615.20294603807,0.0001374560821144628,2.0001983642578125
24,product,cx_product_target,random_seeded,16777216,direct,3,main,PRODUCT_FUSED,5,0.5504224009928294,0.5124621739960276,0.7368857089895755,0.09012984298743737,0.15389622111525045,0.5418726099887863,0.5035079009830952,0.7283141009975225,0.09025308638955026,0.15646869270910843,0.0089542730129323,0.008549791004043,0.0091264669899828,0.000263547703048887,0.029809854679351804,0.0819679999999999,0.076499,0.0922259999999999,0.005980781361996068,0.07205222455667254,138117120.0,138117120.0,138117120.0,0.0,0.0,16.0,16.0,16.0,0.0,0.0,32.0,32.0,32.0,0.0,0.0,0.4876899187166204,0.3642837046847891,0.5238151606523856,0.06309491766115005,0.13537190969785154,0.9753798374332407,0.7285674093695782,1.0476303213047713,0.1261898353223001,0.13537190969785154,805306368.0,805306368.0,805306368.0,0.0,0.0,805322752.0,805322752.0,805326848.0,1831.786887167828,2.2745973825630247e-06,805421056.0,805416960.0,807489536.0,925512.0241959043,0.0011485145841154435,536870912.0,536870912.0,536870912.0,0.0,0.0,536870912.0,536870912.0,536870912.0,0.0,0.0,536969216.0,536961024.0,538980352.0,900330.2430126404,0.00167543884113051,1.00018310546875
24,product,cz,plus,16777216,direct,3,main,NAIVE_PRODUCT,5,1.1607086599979084,1.1414238879806362,1.2485220190137625,0.044287702320152285,0.03741441820121019,1.1508023960050195,1.1297792760015,1.2371647630061489,0.044483674629946485,0.03794750662401114,0.0113572560076136,0.0099062639928888,0.0132461419852916,0.0011973045598432065,0.10443609124578912,0.1686229999999999,0.167825,0.204425,0.01596374357097984,0.08943403977301542,138117120.0,138117120.0,138117120.0,0.0,0.0,48.0,48.0,48.0,0.0,0.0,64.0,64.0,64.0,0.0,0.0,0.2312685906905215,0.2150025805808724,0.235175957702187,0.008333576331059639,0.03670780150498917,0.462537181381043,0.4300051611617448,0.4703519154043741,0.016667152662119284,0.03670780150498918,1879048192.0,1879048192.0,1879048192.0,0.0,0.0,1879064576.0,1879064576.0,1879064576.0,0.0,0.0,1879171072.0,1879162880.0,1879932928.0,336428.4950785233,0.00017901481328751764,1073741824.0,1073741824.0,1073741824.0,0.0,0.0,1073741824.0,1073741824.0,1073741824.0,0.0,0.0,1073844224.0,1073840128.0,1073909760.0,29451.350855266384,2.7425757593287995e-05,2.0001907348632812
24,product,cz,plus,16777216,direct,3,main,PRODUCT_FUSED,5,0.5896453140012454,0.5128945680044126,0.6776968500053044,0.059093853850418925,0.09906442169792094,0.5813978839723859,0.5042709520203061,0.6700589749962091,0.059414526562850865,0.10101649437100786,0.0086236159841064,0.0076378750090952,0.0091595340054482,0.0006819985350521607,0.08164850930434932,0.080104,0.076298,0.089828,0.005319633070052844,0.06460805069474047,138117120.0,138117120.0,138117120.0,0.0,0.0,16.0,16.0,16.0,0.0,0.0,32.0,32.0,32.0,0.0,0.0,0.4552490278917624,0.3960996070704754,0.5233735600757826,0.04592224966550821,0.10123440852149455,0.9104980557835248,0.7921992141409508,1.0467471201515652,0.09184449933101642,0.10123440852149455,805306368.0,805306368.0,805306368.0,0.0,0.0,805322752.0,805322752.0,805322752.0,0.0,0.0,805433344.0,805425152.0,821215232.0,7058792.255190629,0.008729775273530308,536870912.0,536870912.0,536870912.0,0.0,0.0,536870912.0,536870912.0,536870912.0,0.0,0.0,536977408.0,536969216.0,536985600.0,6476.344648024841,1.2060739523747042e-05,1.0001983642578125
24,product,cz,random_seeded,16777216,direct,3,main,NAIVE_PRODUCT,5,1.2561132870032452,1.1376880780153442,7.717372896004235,2.847943252357463,0.9596271337390715,1.2442709199676756,1.125611260009464,7.706379885959905,2.8484118455675556,0.9636175608586867,0.0118423670355696,0.0109930100443307,0.0123115039896219,0.0004978131456910929,0.0421751272863554,0.178834,0.1774079999999999,0.205225,0.011881625549561828,0.06455693027915331,138117120.0,138117120.0,138117120.0,0.0,0.0,48.0,48.0,48.0,0.0,0.0,64.0,64.0,64.0,0.0,0.0,0.2137032214987679,0.0347832688166442,0.2359482016092459,0.09545600339071482,0.60395492477418,0.4274064429975359,0.0695665376332885,0.4718964032184919,0.1909120067814296,0.6039549247741798,1879048192.0,1879048192.0,1879048192.0,0.0,0.0,1879064576.0,1879064576.0,1879064576.0,0.0,0.0,1879179264.0,1879166976.0,1880748032.0,700841.0406247625,0.00037288801986610305,1073741824.0,1073741824.0,1073741824.0,0.0,0.0,1073741824.0,1073741824.0,1073741824.0,0.0,0.0,1073856512.0,1073844224.0,1073881088.0,14654.295097342621,1.3646387013744624e-05,2.000213623046875
24,product,cz,random_seeded,16777216,direct,3,main,PRODUCT_FUSED,5,0.6317524350015447,0.5231891630101018,1.2893320739967749,0.37269184846386144,0.4397234971165121,0.6241678970109206,0.5138121670170221,1.2804280009877402,0.372638199488427,0.44426571053098474,0.0089340839767828,0.007584537990624,0.0093769959930796,0.0006978879390360359,0.07942923632213948,0.099061,0.0807149999999999,0.108771,0.010716754079477636,0.10962982670251491,138117120.0,138117120.0,138117120.0,0.0,0.0,16.0,16.0,16.0,0.0,0.0,32.0,32.0,32.0,0.0,0.0,0.4249060884100014,0.2081972995272523,0.5130753367588714,0.14217718045818137,0.3880965153669714,0.8498121768200028,0.4163945990545046,1.0261506735177428,0.28435436091636274,0.3880965153669714,805306368.0,805306368.0,805306368.0,0.0,0.0,805322752.0,805322752.0,805322752.0,0.0,0.0,805425152.0,805421056.0,805433344.0,5340.53061034201,6.630690841003277e-06,536870912.0,536870912.0,536870912.0,0.0,0.0,536870912.0,536870912.0,536870912.0,0.0,0.0,536973312.0,536969216.0,536981504.0,5340.53061034201,9.945601286988049e-06,1.0001907348632812
26,basis,cx_product_target,basis0,16777216,direct,3,basis,FUSED_BASIS,5,2.56182543101022,2.160878574999515,3.708952284010593,0.6235251831873957,0.22498033756921254,2.5530551410338376,2.1517606289999094,3.704246646026149,0.6251063481856574,0.22621265974006532,0.0088252759887836,0.0047056379844434,0.0091217519948259,0.0019089829758432077,0.23543913483698456,0.328777,0.327945,0.3394919999999999,0.004836513672057557,0.014612662575971304,138117120.0,138117120.0,138117120.0,0.0,0.0,64.0,64.0,64.0,0.0,0.0,128.0,128.0,128.0,0.0,0.0,0.4191315344920223,0.2895000371476694,0.4969005831344508,0.08295086624899485,0.20624729353041374,0.8382630689840446,0.5790000742953388,0.9938011662689016,0.1659017324979897,0.20624729353041374,3221225472.0,3221225472.0,3221225472.0,0.0,0.0,3221225472.0,3221225472.0,3221225472.0,0.0,0.0,3221618688.0,3221426176.0,3222102016.0,311007.52949856373,9.653451796735187e-05,2147483648.0,2147483648.0,2147483648.0,0.0,0.0,2147483648.0,2147483648.0,2147483648.0,0.0,0.0,2147725312.0,2147684352.0,2148360192.0,288275.1879936946,0.00013421258653637124,1.000112533569336
26,basis,cx_product_target,basis0,16777216,direct,3,basis,NAIVE_BASIS,5,8.775384747015778,5.559964526997646,11.115034093003487,2.1627677961662,0.24670577128668356,8.763756830012426,5.548683052969864,11.100402750016656,2.1620827660578428,0.24696680389345138,0.0116279170033521,0.0104523720219731,0.0146313429868314,0.0015817772427956533,0.13138060101293156,0.695846,0.6725309999999999,0.7061689999999999,0.013061620680451603,0.018876330978157625,138117120.0,138117120.0,138117120.0,0.0,0.0,192.0,192.0,192.0,0.0,0.0,256.0,256.0,256.0,0.0,0.0,0.1223583757242261,0.0966026568173895,0.1931202652078457,0.03821695209355128,0.2942899392545593,0.2447167514484523,0.193205313634779,0.3862405304156914,0.07643390418710254,0.2942899392545591,7516192768.0,7516192768.0,7516192768.0,0.0,0.0,7516192768.0,7516192768.0,7516192768.0,0.0,0.0,7517069312.0,7516745728.0,7519514624.0,1122373.5102561892,0.00014929848240266203,4294967296.0,4294967296.0,4294967296.0,0.0,0.0,4294967296.0,4294967296.0,4294967296.0,0.0,0.0,4295843840.0,4295376896.0,4297863168.0,969353.6865751323,0.00022562647310800702,2.000408172607422
26,basis,cx_product_target,basis0,16777216,direct,3,basis,THIN_BASIS,5,6.897907039994607,3.491061163978884,9.441120127012256,2.5491049801876247,0.41416265498428023,6.879664877982577,3.474000211979728,9.423438452009576,2.548638214125112,0.4152695243653145,0.0176816750026773,0.0167228810023516,0.0182421620120294,0.0006262249351271811,0.0357245367140639,0.7183259999999999,0.6853279999999999,0.722358,0.01742128372996661,0.024614656043253344,138117120.0,138117120.0,138117120.0,0.0,0.0,192.0,192.0,192.0,0.0,0.0,192.0,192.0,192.0,0.0,0.0,0.1556619736645276,0.1137303423274836,0.3075688948331742,0.09014399426850513,0.44270161294973004,0.3113239473290552,0.2274606846549673,0.6151377896663484,0.1802879885370102,0.4427016129497297,6442450944.0,6442450944.0,6442450944.0,0.0,0.0,5368709120.0,5368709120.0,5368717312.0,3663.5737743356563,6.823935837116109e-07,5369204736.0,5368946688.0,5369847808.0,368974.3550373115,6.871932147288987e-05,3221225472.0,3221225472.0,3221225472.0,0.0,0.0,3221225472.0,3221225472.0,3221225472.0,0.0,0.0,3221524480.0,3221463040.0,3222212608.0,336862.0724557753,0.00010455902529750294,1.5001392364501953
26,product,cx_product_control,plus,16777216,buffered,3,buffered,NAIVE_PRODUCT,3,8.559219591988949,5.083111338986782,8.78686900800676,2.075771893137078,0.2776432372243474,4.080789003986865,3.477017264987808,4.968753271998139,0.7503662626444356,0.17970607017595244,3.59046631999081,1.6060940739989746,4.706080004019896,1.5701507289101952,0.47567638502528414,2.692667,2.427277,2.747008,0.17108122278711166,0.06524047284912059,138117120.0,138117120.0,138117120.0,0.0,0.0,192.0,192.0,192.0,0.0,0.0,256.0,256.0,256.0,0.0,0.0,0.1254485660123704,0.1221984557891538,0.2112371247437655,0.050494429717349375,0.3301122740728578,0.2508971320247409,0.2443969115783076,0.422474249487531,0.10098885943469874,0.33011227407285776,7516192768.0,7516192768.0,7516192768.0,0.0,0.0,7516192768.0,7516192768.0,7516192768.0,0.0,0.0,7517249536.0,7516811264.0,7517425664.0,316383.4114825449,4.208814509690117e-05,4294967296.0,4294967296.0,4294967296.0,0.0,0.0,4294967296.0,4294967296.0,4294967296.0,0.0,0.0,4296019968.0,4295585792.0,4296069120.0,265998.3313431371,6.191923690345385e-05,2.000490188598633
26,product,cx_product_control,plus,16777216,buffered,3,buffered,PRODUCT_FUSED,3,4.173895796004217,2.087444042990682,5.08411941799568,1.536329568747423,0.4062408230325634,1.7429580969910603,1.4033617439854424,2.7462928580062,0.6982681317184032,0.3554967044613089,2.3378265599894803,0.6840822990052402,2.430937699013157,0.9827718922759081,0.5406929473373722,1.444203,1.2181099999999998,2.3252749999999995,0.5849815169527437,0.3518623733271937,138117120.0,138117120.0,138117120.0,0.0,0.0,64.0,64.0,64.0,0.0,0.0,128.0,128.0,128.0,0.0,0.0,0.2572517083507264,0.2111952406545365,0.5143811292118036,0.16338013970964704,0.498704127397436,0.5145034167014528,0.4223904813090731,1.0287622584236071,0.32676027941929403,0.49870412739743586,3221225472.0,3221225472.0,3221225472.0,0.0,0.0,3221225472.0,3221225472.0,3221225472.0,0.0,0.0,3221569536.0,3221495808.0,3222040576.0,295546.57653461886,9.173616274283485e-05,2147483648.0,2147483648.0,2147483648.0,0.0,0.0,2147483648.0,2147483648.0,2147483648.0,0.0,0.0,2147762176.0,2147753984.0,2148298752.0,312183.9966173795,0.00014534123072157824,1.0001296997070312
26,product,cx_product_control,plus,16777216,direct,3,main,NAIVE_PRODUCT,5,8.686829165002564,5.306734832003713,9.119114472996444,1.5684031779417387,0.19515549636998855,8.66865489797783,5.2948104749957565,9.107612710009562,1.5677456068352051,0.19539110900808487,0.0119243570079561,0.0110355879878625,0.0181742670247331,0.0029215935837819066,0.22376618932173004,0.6994579999999999,0.654342,0.719475,0.025245605314588897,0.03634611631311778,138117120.0,138117120.0,138117120.0,0.0,0.0,192.0,192.0,192.0,0.0,0.0,256.0,256.0,256.0,0.0,0.0,0.1236057258183323,0.1177462819640622,0.2023356843693238,0.03570555807702329,0.256580428987526,0.2472114516366647,0.2354925639281244,0.4046713687386477,0.07141111615404659,0.256580428987526,7516192768.0,7516192768.0,7516192768.0,0.0,0.0,7516221440.0,7516192768.0,7516258304.0,32819.1600623782,4.366442103443497e-06,7516549120.0,7516487680.0,7516930048.0,199164.1829968431,2.6496405691348284e-05,4294967296.0,4294967296.0,4294967296.0,0.0,0.0,4294967296.0,4294967296.0,4294967296.0,0.0,0.0,4295229440.0,4295196672.0,4295639040.0,189273.3191044105,4.4065199567499644e-05,2.0001220703125
26,product,cx_product_control,plus,16777216,direct,3,main,PRODUCT_FUSED,5,4.0297610190173145,2.5644325930043124,5.283405070978915,1.0869792190661955,0.2739720644727883,4.020644119009376,2.555017797014443,5.2747555039823055,1.0872544977355973,0.27466263969316845,0.0089519229950383,0.0086495669966097,0.0094147959898691,0.00030779666996016205,0.03430228453579488,0.335694,0.3304979999999999,0.360217,0.012463568056539859,0.03660170321444765,138117120.0,138117120.0,138117120.0,0.0,0.0,64.0,64.0,64.0,0.0,0.0,128.0,128.0,128.0,0.0,0.0,0.266452977963899,0.2032291315117839,0.4187054192530278,0.08647295017366963,0.2990174850764798,0.5329059559277981,0.4064582630235678,0.8374108385060557,0.17294590034733925,0.29901748507647974,3221225472.0,3221225472.0,3221225472.0,0.0,0.0,3221225472.0,3221225472.0,3221291008.0,35895.545528658564,1.1143353274818036e-05,3221667840.0,3221438464.0,3222695936.0,504734.5755891902,0.00015665820325771432,2147483648.0,2147483648.0,2147483648.0,0.0,0.0,2147483648.0,2147483648.0,2147483648.0,0.0,0.0,2147774464.0,2147696640.0,2148691968.0,413154.2432903237,0.00019234649916229413,1.0001354217529297
26,product,cx_product_control,random_seeded,16777216,direct,3,main,NAIVE_PRODUCT,5,8.232377079984872,4.672912867012201,11.42265765700722,2.4770839601534673,0.3151608605586045,8.220503549004206,4.660410534008406,11.41030786203919,2.477092180171562,0.31564645040381495,0.0119078309799078,0.0116933769895695,0.0125023330037947,0.0003434507901678627,0.02846582357841564,0.726227,0.6747609999999999,0.8400299999999999,0.0658870338055979,0.08909651579698373,138117120.0,138117120.0,138117120.0,0.0,0.0,192.0,192.0,192.0,0.0,0.0,256.0,256.0,256.0,0.0,0.0,0.1304291352992753,0.0940010509149168,0.2297799797595063,0.05100102989552805,0.3425645228115687,0.2608582705985506,0.1880021018298336,0.4595599595190126,0.1020020597910561,0.3425645228115685,7516192768.0,7516192768.0,7516192768.0,0.0,0.0,7516258304.0,7516258304.0,7516258304.0,0.0,0.0,7516848128.0,7516561408.0,7517212672.0,270543.8231473785,3.5991681014003987e-05,4294967296.0,4294967296.0,4294967296.0,0.0,0.0,4294967296.0,4294967296.0,4294967296.0,0.0,0.0,4295557120.0,4295204864.0,4295708672.0,228669.0820972525,5.323493516098191e-05,2.000274658203125
26,product,cx_product_control,random_seeded,16777216,direct,3,main,PRODUCT_FUSED,5,2.687588478991529,2.2988601769902743,7.348466499999631,2.2585783250437697,0.5629318640485728,2.678802008013008,2.2901409190089907,7.339466181001626,2.2585509666997403,0.5641923216249293,0.0090003189980052,0.0087192579812835,0.0094214300042949,0.00028236248512641975,0.031331666136755434,0.352136,0.3248149999999999,0.38904,0.02426815563243323,0.0680137294266885,138117120.0,138117120.0,138117120.0,0.0,0.0,64.0,64.0,64.0,0.0,0.0,128.0,128.0,128.0,0.0,0.0,0.3995186883681325,0.1461178089333406,0.4670757424689351,0.15005643096647966,0.4497154705074879,0.7990373767362651,0.2922356178666812,0.9341514849378704,0.30011286193295944,0.449715470507488,3221225472.0,3221225472.0,3221225472.0,0.0,0.0,3221291008.0,3221291008.0,3221295104.0,1831.7868871678277,5.686497794768403e-07,3221544960.0,3221499904.0,3221991424.0,208010.6729569423,6.456630919596827e-05,2147483648.0,2147483648.0,2147483648.0,0.0,0.0,2147483648.0,2147483648.0,2147483648.0,0.0,0.0,2147737600.0,2147692544.0,2148179968.0,206379.0644886249,9.608628319346887e-05,1.0001182556152344
26,product,cx_product_target,plus,16777216,direct,3,main,NAIVE_PRODUCT,5,8.461567562015262,4.7570541570021305,10.4272311310051,2.0567809649579103,0.25817622009887303,8.45023561900598,4.746117696020519,10.41150653301156,2.0547875175421018,0.25836442357704387,0.0113319430092815,0.0102383060147985,0.0193628490087576,0.003912509191389365,0.28941178975920834,0.7395669999999999,0.694559,0.799465,0.04293345244678092,0.0571428128650576,138117120.0,138117120.0,138117120.0,0.0,0.0,192.0,192.0,192.0,0.0,0.0,256.0,256.0,256.0,0.0,0.0,0.126896324603035,0.1029747792592087,0.2257157031562294,0.04736611964612979,0.3282449295121707,0.25379264920607,0.2059495585184175,0.4514314063124588,0.09473223929225956,0.32824492951217066,7516192768.0,7516192768.0,7516192768.0,0.0,0.0,7516258304.0,7516258304.0,7516258304.0,0.0,0.0,7520481280.0,7516545024.0,7533117440.0,6788791.879612395,0.0009025693634166,4294967296.0,4294967296.0,4294967296.0,0.0,0.0,4294967296.0,4294967296.0,4294967296.0,0.0,0.0,4295340032.0,4295188480.0,4297748480.0,1068764.0612879908,0.0002487868337512585,2.000173568725586
26,product,cx_product_target,plus,16777216,direct,3,main,PRODUCT_FUSED,5,4.339791960985167,2.372326136974152,9.765043584018713,3.405600688056286,0.5788654447740458,4.331977196998196,2.3631824649637565,9.756380953040209,3.405864530484302,0.5797524339948779,0.008662630978506,0.0078147639869712,0.0091436720103956,0.0006131200379829722,0.07174411633025495,0.3434279999999999,0.333609,0.393103,0.023570382958280508,0.06672557679256046,138117120.0,138117120.0,138117120.0,0.0,0.0,64.0,64.0,64.0,0.0,0.0,128.0,128.0,128.0,0.0,0.0,0.247417810266705,0.1099577093293537,0.4526113873067778,0.14189127017494768,0.581555416886414,0.4948356205334101,0.2199154186587074,0.9052227746135556,0.28378254034989536,0.581555416886414,3221225472.0,3221225472.0,3221225472.0,0.0,0.0,3221291008.0,3221291008.0,3221291008.0,0.0,0.0,3221966848.0,3221495808.0,3222306816.0,296735.34122648754,9.209820966212751e-05,2147483648.0,2147483648.0,2147483648.0,0.0,0.0,2147483648.0,2147483648.0,2147483648.0,0.0,0.0,2147815424.0,2147688448.0,2148433920.0,337665.4556450808,0.00015720085082521115,1.0001544952392578
26,product,cx_product_target,random_seeded,16777216,direct,3,main,NAIVE_PRODUCT,5,9.277907987008804,5.5492025790154,11.866041244997175,2.5140002139476145,0.2914634618938975,9.26656581502175,5.525502277014311,11.854123872006312,2.517154576046965,0.29231577670298975,0.0119173729908652,0.0106449120212346,0.0237003020010888,0.0053885626764182334,0.3752863212045826,0.6983469999999999,0.630917,0.721649,0.0380917100928798,0.055332690249158496,138117120.0,138117120.0,138117120.0,0.0,0.0,192.0,192.0,192.0,0.0,0.0,256.0,256.0,256.0,0.0,0.0,0.1157310274582895,0.0904886306924559,0.1934947965425538,0.04184479321621983,0.31218743963633105,0.2314620549165791,0.1809772613849119,0.3869895930851076,0.08368958643243964,0.3121874396363309,7516192768.0,7516192768.0,7516192768.0,0.0,0.0,7516258304.0,7516258304.0,7516262400.0,1831.7868871678281,2.4370991701360565e-07,7516798976.0,7516528640.0,7523168256.0,2826570.3319996833,0.00037596420686645073,4294967296.0,4294967296.0,4294967296.0,0.0,0.0,4294967296.0,4294967296.0,4294967296.0,0.0,0.0,4295376896.0,4295233536.0,4296368128.0,466579.16975707345,0.0001086190947171302,2.0001907348632812
26,product,cx_product_target,random_seeded,16777216,direct,3,main,PRODUCT_FUSED,5,2.236483721993864,2.111157611012459,6.946141771011753,2.115926202060237,0.6689696577267663,2.2300952190125827,2.102833923010621,6.940783605008619,2.117190010474635,0.6709875046672712,0.0083236880018375,0.0053581660031341,0.009275901975343,0.001677183345493297,0.2198601993424097,0.347956,0.3366879999999999,0.354143,0.00678946851380876,0.019638134033984907,138117120.0,138117120.0,138117120.0,0.0,0.0,64.0,64.0,64.0,0.0,0.0,128.0,128.0,128.0,0.0,0.0,0.48010267789597,0.1545810407269591,0.5086033455763921,0.14840465497265778,0.3544362624114129,0.96020535579194,0.3091620814539183,1.0172066911527842,0.2968093099453155,0.35443626241141285,3221225472.0,3221225472.0,3221225472.0,0.0,0.0,3221291008.0,3221291008.0,3221291008.0,0.0,0.0,3221516288.0,3221491712.0,3221757952.0,111023.51370407981,3.44624574808442e-05,2147483648.0,2147483648.0,2147483648.0,0.0,0.0,2147483648.0,2147483648.0,2147483648.0,0.0,0.0,2147708928.0,2147684352.0,2147950592.0,109563.21484878034,5.101282861837975e-05,1.0001049041748047
26,product,cz,plus,16777216,direct,3,main,NAIVE_PRODUCT,5,4.716836909006815,4.537125721020857,9.859040294017175,2.3978662805385724,0.38249649923544876,4.705379934981465,4.5251716949860565,9.846975473017665,2.3977744521535587,0.3832092031233453,0.0119540260348003,0.01145697402535,0.0120982600201386,0.00025791027669026285,0.02167516883573877,0.679717,0.635042,0.7043889999999999,0.025388589537428008,0.03773217132015543,138117120.0,138117120.0,138117120.0,0.0,0.0,192.0,192.0,192.0,0.0,0.0,256.0,256.0,256.0,0.0,0.0,0.2276402268540781,0.108909365615595,0.2366568373949328,0.06030283794678697,0.31817606897316536,0.4552804537081562,0.21781873123119,0.4733136747898656,0.12060567589357396,0.3181760689731654,7516192768.0,7516192768.0,7516192768.0,0.0,0.0,7516258304.0,7516258304.0,7516262400.0,1831.7868871678277,2.4370991701360554e-07,7516631040.0,7516528640.0,7524724736.0,3535107.1348816575,0.0004701873318655814,4294967296.0,4294967296.0,4294967296.0,0.0,0.0,4294967296.0,4294967296.0,4294967296.0,0.0,0.0,4295225344.0,4295176192.0,4296781824.0,738901.8250912634,0.00017200877130102928,2.000120162963867
26,product,cz,plus,16777216,direct,3,main,PRODUCT_FUSED,5,2.7561614089936484,2.203840356989531,10.930906521010913,3.82384217300936,0.7712958427040623,2.7479531799908727,2.194382649991894,10.9215552030073,3.8236422397927163,0.7726635889098415,0.0092035410052631,0.0082082290027756,0.0094577069976367,0.0004993649486405168,0.05527185128418525,0.318921,0.3182569999999999,0.330462,0.005117774389322006,0.01591660546886704,138117120.0,138117120.0,138117120.0,0.0,0.0,64.0,64.0,64.0,0.0,0.0,128.0,128.0,128.0,0.0,0.0,0.3895787164337567,0.0982298972126511,0.4872139765453532,0.1826116166273363,0.5643635434061972,0.7791574328675135,0.1964597944253023,0.9744279530907064,0.3652232332546725,0.564363543406197,3221225472.0,3221225472.0,3221225472.0,0.0,0.0,3221291008.0,3221291008.0,3221291008.0,0.0,0.0,3221655552.0,3221495808.0,3222212608.0,296339.3016607821,9.197987399382796e-05,2147483648.0,2147483648.0,2147483648.0,0.0,0.0,2147483648.0,2147483648.0,2147483648.0,0.0,0.0,2147848192.0,2147688448.0,2148171776.0,223811.82679027488,0.00010420039023490464,1.0001697540283203
26,product,cz,random_seeded,16777216,direct,3,main,NAIVE_PRODUCT,5,8.972052681987407,8.692577810026705,11.403153958002804,1.116716094943847,0.11815098169750536,8.96243739197962,8.681024044024525,11.391648713004544,1.1164012349086103,0.1182554867387943,0.0115052449982613,0.0096152900077868,0.011858170008054,0.0009251114793213176,0.08398548866348736,0.663628,0.620518,0.733233,0.04100076843182333,0.06116714942828185,138117120.0,138117120.0,138117120.0,0.0,0.0,192.0,192.0,192.0,0.0,0.0,256.0,256.0,256.0,0.0,0.0,0.1196762727614919,0.0941618282059974,0.1235239818919379,0.011919363845881738,0.10389117038113935,0.2393525455229838,0.1883236564119949,0.2470479637838758,0.023838727691763442,0.10389117038113915,7516192768.0,7516192768.0,7516192768.0,0.0,0.0,7516205056.0,7516192768.0,7516254208.0,26639.749188008507,3.5443038272110926e-06,7517761536.0,7516647424.0,7585185792.0,30163628.55931494,0.004005111856003615,4294967296.0,4294967296.0,4294967296.0,0.0,0.0,4294967296.0,4294967296.0,4294967296.0,0.0,0.0,4295438336.0,4295233536.0,4296527872.0,520196.83777278,0.00012109958650775319,2.0002193450927734
26,product,cz,random_seeded,16777216,direct,3,main,PRODUCT_FUSED,5,2.055084742984036,1.953166040009819,3.635254758992232,0.7195639528584109,0.30568398982426415,2.046353100973647,1.946728307986632,3.62653601099737,0.7189854134981077,0.3064599409891576,0.0087187479948624,0.0064377320231869,0.0087316420103888,0.001204209573706396,0.15344223972008242,0.317013,0.30315,0.3303389999999999,0.009989592118800425,0.0315726479275311,138117120.0,138117120.0,138117120.0,0.0,0.0,64.0,64.0,64.0,0.0,0.0,128.0,128.0,128.0,0.0,0.0,0.5224805583641768,0.2953690718219879,0.5497442623949176,0.10578866031131216,0.2195022365080396,1.0449611167283537,0.5907381436439758,1.0994885247898352,0.21157732062262433,0.2195022365080396,3221225472.0,3221225472.0,3221225472.0,0.0,0.0,3221225472.0,3221225472.0,3221291008.0,29308.590194685243,9.098546870739416e-06,3221446656.0,3221434368.0,3221508096.0,29337.197903003616,9.106809471603266e-06,2147483648.0,2147483648.0,2147483648.0,0.0,0.0,2147483648.0,2147483648.0,2147483648.0,0.0,0.0,2147700736.0,2147692544.0,2147713024.0,7440.753510229995,3.4645179885824292e-06,1.000101089477539
27,basis,cx_product_target,basis0,16777216,direct,3,basis,FUSED_BASIS,5,9.14664771402022,5.581536604004214,12.394977458985522,2.4251694758627953,0.26906221224766425,9.140179070003796,5.572697550989687,12.370371340977728,2.419794763193905,0.26881976775079697,0.0088390530145261,0.0064686440164223,0.0246061180077958,0.007277341731586302,0.6133619758009256,0.698767,0.648479,0.729613,0.031176738264289256,0.04490167012555529,138117120.0,138117120.0,138117120.0,0.0,0.0,128.0,128.0,128.0,0.0,0.0,256.0,256.0,256.0,0.0,0.0,0.2347836841587635,0.1732543407284068,0.3847477496536326,0.07841446403689273,0.3081444558613842,0.4695673683175271,0.3465086814568136,0.7694954993072652,0.15682892807378546,0.3081444558613842,6442450944.0,6442450944.0,6442450944.0,0.0,0.0,6442450944.0,6442450944.0,6442450944.0,0.0,0.0,6443331584.0,6442827776.0,6476365824.0,14831743.087442258,0.002299553218107028,4294967296.0,4294967296.0,4294967296.0,0.0,0.0,4294967296.0,4294967296.0,4294967296.0,0.0,0.0,4295839744.0,4295344128.0,4295852032.0,262351.9175458796,6.107378075068798e-05,1.0002031326293945
27,basis,cx_product_target,basis0,16777216,direct,3,basis,NAIVE_BASIS,5,20.189731010992546,16.204461929999525,22.67485193000175,2.361832601262142,0.11879828432232158,20.17788060399471,16.193057719996432,22.662107165000634,2.3613816645473396,0.11884702952469246,0.0118504069978371,0.0114042100030928,0.0127447650011163,0.0004919400345430403,0.04117175736035051,1.413156,1.395914,1.4444,0.019873555884642277,0.01405067510685813,138117120.0,138117120.0,138117120.0,0.0,0.0,384.0,384.0,384.0,0.0,0.0,512.0,512.0,512.0,0.0,0.0,0.1063651440839294,0.0947077253086095,0.1325242181614396,0.014108016149122701,0.12901769732724477,0.2127302881678588,0.189415450617219,0.2650484363228793,0.028216032298245423,0.12901769732724488,15032385536.0,15032385536.0,15032385536.0,0.0,0.0,15032385536.0,15032385536.0,15032385536.0,0.0,0.0,15035928576.0,15033511936.0,15048597504.0,6226167.506659229,0.00041403894307209257,8589934592.0,8589934592.0,8589934592.0,0.0,0.0,8589934592.0,8589934592.0,8589934592.0,0.0,0.0,8591659008.0,8591052800.0,8593219584.0,834983.4390807999,9.71834934495244e-05,2.000401496887207
27,basis,cx_product_target,basis0,16777216,direct,3,basis,THIN_BASIS,5,17.793035826995037,15.731085041014012,18.317298512003617,1.0128138419692034,0.05796647846898933,17.77611747701303,15.707910561031897,18.29859013101668,1.0156315433001155,0.05818667647098021,0.0169183499820064,0.012879503017757,0.0231744799821171,0.003729733721745234,0.21076375121269966,1.406497,1.3993589999999998,1.518094,0.05047520941313673,0.03522973770697463,138117120.0,138117120.0,138117120.0,0.0,0.0,384.0,384.0,384.0,0.0,0.0,384.0,384.0,384.0,0.0,0.0,0.120692369131405,0.117238011194321,0.1365121123178147,0.0076390837029000755,0.0619747602376734,0.2413847382628101,0.234476022388642,0.2730242246356295,0.015278167405800154,0.06197476023767341,12884901888.0,12884901888.0,12884901888.0,0.0,0.0,10737418240.0,10737418240.0,10737426432.0,3663.5737743356563,3.4119684391829626e-07,10738630656.0,10738368512.0,10739380224.0,451168.40377313655,4.201295979816497e-05,6442450944.0,6442450944.0,6442450944.0,0.0,0.0,6442450944.0,6442450944.0,6442450944.0,0.0,0.0,6443626496.0,6443282432.0,6444167168.0,375297.3271463574,5.824284393308524e-05,1.5002737045288086
27,product,cx_product_control,plus,16777216,direct,3,main,NAIVE_PRODUCT,5,20.616412464005407,16.36945792500046,21.46799828199437,2.029737427789696,0.10203644942196936,20.603711877018213,16.358507943019504,21.45673645302304,2.0289611705031154,0.10206602925317829,0.0127005869871936,0.010949981980957,0.0179648990160785,0.0028384845262701716,0.21229555295086788,1.550287,1.3631639999999998,1.767318,0.15869012843967334,0.1036825663284153,138117120.0,138117120.0,138117120.0,0.0,0.0,384.0,384.0,384.0,0.0,0.0,512.0,512.0,512.0,0.0,0.0,0.1041637894929262,0.1000318529837566,0.1311884399495128,0.01264949888340534,0.11606439619002314,0.2083275789858524,0.2000637059675132,0.2623768798990257,0.025298997766810712,0.11606439619002326,15032385536.0,15032385536.0,15032385536.0,0.0,0.0,15032516608.0,15032471552.0,15032516608.0,20149.655758846104,1.3404054931683787e-06,15035531264.0,15033724928.0,15041310720.0,3077975.1682242015,0.00020470480800325471,8589934592.0,8589934592.0,8589934592.0,0.0,0.0,8589934592.0,8589934592.0,8589934592.0,0.0,0.0,8591757312.0,8590884864.0,8592019456.0,471063.15073544014,5.48287615234951e-05,2.000424385070801
27,product,cx_product_control,plus,16777216,direct,3,main,PRODUCT_FUSED,5,10.62589049100643,7.527437971992185,13.942041924019575,2.298895148316742,0.218626415481267,10.617473076999886,7.518297049973626,13.93675137500395,2.300365496796837,0.2189369808569294,0.0087174229847732,0.0052905490156263,0.0094340970099437,0.001672440586989401,0.20395415429963293,0.6975069999999999,0.6645319999999999,0.762853,0.038289844387252386,0.05428279279122204,138117120.0,138117120.0,138117120.0,0.0,0.0,128.0,128.0,128.0,0.0,0.0,256.0,256.0,256.0,0.0,0.0,0.2020991699300489,0.1540293494814615,0.2852874584938831,0.04734432713534854,0.22301736095238203,0.4041983398600979,0.3080586989629231,0.5705749169877662,0.09468865427069705,0.22301736095238192,6442450944.0,6442450944.0,6442450944.0,0.0,0.0,6442582016.0,6442582016.0,6442586112.0,1831.7868871678277,2.843249258914593e-07,6443491328.0,6442999808.0,6481068032.0,16736968.724912167,0.0025931679376660385,4294967296.0,4294967296.0,4294967296.0,0.0,0.0,4294967296.0,4294967296.0,4294967296.0,0.0,0.0,4295876608.0,4295385088.0,4300611584.0,2183420.815380489,0.0005081572410170988,1.0002117156982422
27,product,cx_product_control,random_seeded,16777216,direct,3,main,NAIVE_PRODUCT,5,17.53547720098868,15.282174503983695,21.77981935100979,2.569177562146251,0.13905404563018822,17.52419614599785,15.270483265980149,21.767958525015278,2.5690662091264245,0.13914210961560844,0.0118608259945176,0.0112810549908317,0.0143679470056667,0.0012872725183608023,0.10303177765904366,1.467872,1.365522,1.4996230000000002,0.05517722438923514,0.038074485381529355,138117120.0,138117120.0,138117120.0,0.0,0.0,384.0,384.0,384.0,0.0,0.0,512.0,512.0,512.0,0.0,0.0,0.1224650816961469,0.0985996997215881,0.1405221257904235,0.016425157781532963,0.1391407627994725,0.2449301633922938,0.1971993994431762,0.281044251580847,0.032850315563065925,0.1391407627994725,15032385536.0,15032385536.0,15032385536.0,0.0,0.0,15032385536.0,15032385536.0,15032385536.0,0.0,0.0,15035412480.0,15033528320.0,15097663488.0,27883585.298256263,0.0018529805634858087,8589934592.0,8589934592.0,8589934592.0,0.0,0.0,8589934592.0,8589934592.0,8589934592.0,0.0,0.0,8591306752.0,8591077376.0,8592662528.0,642412.9106548218,7.477283615211209e-05,2.000319480895996
27,product,cx_product_control,random_seeded,16777216,direct,3,main,PRODUCT_FUSED,5,9.39246759499656,8.858830134005984,11.403622811980313,1.0784195911219767,0.10929300353645124,9.383806130994344,8.838241473014932,11.394322354986798,1.081241985816604,0.10970261656062215,0.0092696530045941,0.0077551340218633,0.0205886609910521,0.005332838425394309,0.47978434692208805,0.6981729999999999,0.679794,0.7086429999999999,0.011591028241704862,0.016613583749120822,138117120.0,138117120.0,138117120.0,0.0,0.0,128.0,128.0,128.0,0.0,0.0,256.0,256.0,256.0,0.0,0.0,0.2286389201006113,0.1883159135835251,0.2424116520483391,0.022922256586051567,0.10436349220516374,0.4572778402012227,0.3766318271670502,0.4848233040966782,0.04584451317210313,0.10436349220516372,6442450944.0,6442450944.0,6442450944.0,0.0,0.0,6442450944.0,6442450944.0,6442450944.0,0.0,0.0,6443462656.0,6442868736.0,6443802624.0,345261.459075872,5.358358508071851e-05,4294967296.0,4294967296.0,4294967296.0,0.0,0.0,4294967296.0,4294967296.0,4294967296.0,0.0,0.0,4295921664.0,4295385088.0,4296318976.0,334432.81905937404,7.784928114849628e-05,1.0002222061157227
27,product,cx_product_target,plus,16777216,direct,3,main,NAIVE_PRODUCT,5,20.119461205002157,18.57951203000266,22.265661279001502,1.528988287298726,0.07564881779944008,20.09912903301301,18.5685659260198,22.251538295997307,1.527771793723123,0.0756402248671543,0.0127129859756678,0.0108183990232646,0.0203321719891391,0.0039047710528303907,0.28323090684285407,1.446792,1.402734,1.528253,0.05131421593281926,0.03512051756231977,138117120.0,138117120.0,138117120.0,0.0,0.0,384.0,384.0,384.0,0.0,0.0,512.0,512.0,512.0,0.0,0.0,0.1067366380301519,0.0964482312512886,0.1155834256858947,0.007972184513096347,0.07469374848990472,0.2134732760603039,0.1928964625025772,0.2311668513717895,0.015944369026192704,0.07469374848990475,15032385536.0,15032385536.0,15032385536.0,0.0,0.0,15032385536.0,15032385536.0,15032385536.0,0.0,0.0,15033708544.0,15033331712.0,15093325824.0,26689403.26940599,0.0017739028182462606,8589934592.0,8589934592.0,8589934592.0,0.0,0.0,8589934592.0,8589934592.0,8589934592.0,0.0,0.0,8591183872.0,8590880768.0,8591417344.0,199475.6205334376,2.3218721453689284e-05,2.000290870666504
27,product,cx_product_target,plus,16777216,direct,3,main,PRODUCT_FUSED,5,7.468735192989698,4.700604714977089,11.676004180015298,2.6389792096790243,0.32268810890716304,7.460999033995904,4.691430464969017,11.667284098017262,2.638497139005827,0.3229880220936816,0.0087200819980353,0.007714417995885,0.0120870240207295,0.0017924240855486725,0.19726478343955375,0.699676,0.6598879999999999,0.724788,0.024819589424484877,0.03578068846597906,138117120.0,138117120.0,138117120.0,0.0,0.0,128.0,128.0,128.0,0.0,0.0,256.0,256.0,256.0,0.0,0.0,0.2875297613999852,0.1839228228160146,0.4568526345467163,0.10465378375468769,0.3628479733190968,0.5750595227999704,0.3678456456320293,0.9137052690934326,0.20930756750937535,0.3628479733190968,6442450944.0,6442450944.0,6442450944.0,0.0,0.0,6442450944.0,6442450944.0,6442450944.0,0.0,0.0,6443253760.0,6443196416.0,6444711936.0,642536.9493873485,9.971698266341499e-05,4294967296.0,4294967296.0,4294967296.0,0.0,0.0,4294967296.0,4294967296.0,4294967296.0,0.0,0.0,4295753728.0,4295712768.0,4297003008.0,547476.0241369479,0.00012743715884231443,1.00018310546875
27,product,cx_product_target,random_seeded,16777216,direct,3,main,NAIVE_PRODUCT,5,18.404552678985056,18.08244587498484,21.152158621989656,1.270113420270311,0.06703437326747196,18.39258546498604,18.069029156002216,21.14126564899925,1.2707424860910084,0.06710942298208337,0.0114370239898562,0.0108929729904048,0.0134167189826257,0.0009729475830127496,0.08234663407428353,1.4914079999999998,1.417648,1.52827,0.04637381716335199,0.03136913280000411,138117120.0,138117120.0,138117120.0,0.0,0.0,384.0,384.0,384.0,0.0,0.0,512.0,512.0,512.0,0.0,0.0,0.116682197359356,0.1015255079340927,0.1187606844144252,0.0070828169904266795,0.06228289886762214,0.2333643947187121,0.2030510158681855,0.2375213688288504,0.014165633980853331,0.06228289886762199,15032385536.0,15032385536.0,15032385536.0,0.0,0.0,15032385536.0,15032385536.0,15032385536.0,0.0,0.0,15034036224.0,15033282560.0,15038726144.0,2192285.424033285,0.00014581347981444125,8589934592.0,8589934592.0,8589934592.0,0.0,0.0,8589934592.0,8589934592.0,8589934592.0,0.0,0.0,8591523840.0,8590831616.0,8591826944.0,373920.15856222564,4.3522518804154396e-05,2.0003700256347656
27,product,cx_product_target,random_seeded,16777216,direct,3,main,PRODUCT_FUSED,5,8.161157977010589,7.231775318010477,10.93882758799009,1.4874176051118713,0.17352088800731802,8.15254148101667,7.219883679004852,10.814433923980689,1.4437019302887788,0.16909540661636904,0.0118916390056256,0.0086164959939196,0.1243936640094034,0.05053009659670671,1.4781340107177492,0.7142419999999999,0.6932809999999999,0.7425959999999999,0.02271612803714575,0.03170513668491663,138117120.0,138117120.0,138117120.0,0.0,0.0,128.0,128.0,128.0,0.0,0.0,256.0,256.0,256.0,0.0,0.0,0.263134674521595,0.196317533184064,0.2969511017096686,0.04018433525550825,0.15693181528299555,0.52626934904319,0.3926350663681281,0.5939022034193372,0.08036867051101647,0.1569318152829955,6442450944.0,6442450944.0,6442450944.0,0.0,0.0,6442450944.0,6442450944.0,6442450944.0,0.0,0.0,6443601920.0,6442872832.0,6455971840.0,5603954.940365314,0.0008693688526597522,4294967296.0,4294967296.0,4294967296.0,0.0,0.0,4294967296.0,4294967296.0,4294967296.0,0.0,0.0,4295876608.0,4295380992.0,4296097792.0,282169.51283085137,6.568506810352924e-05,1.0002117156982422
27,product,cz,plus,16777216,direct,3,main,NAIVE_PRODUCT,5,18.197709018015303,15.624291593005182,21.090710243996,2.2550172210076935,0.12650136206302137,18.1864863979863,15.60979142796714,21.075024968973597,2.2542709740796636,0.1265506838944609,0.0115359330084174,0.0112226200290024,0.0156852750224061,0.002098152989371095,0.16335239780708946,1.440224,1.379997,1.507297,0.05293300859860513,0.0369640455868675,138117120.0,138117120.0,138117120.0,0.0,0.0,384.0,384.0,384.0,0.0,0.0,512.0,512.0,512.0,0.0,0.0,0.1180084617175734,0.1018213053593742,0.1374451849683478,0.014989436299898259,0.12288494879464949,0.2360169234351469,0.2036426107187485,0.2748903699366957,0.029978872599796515,0.12288494879464944,15032385536.0,15032385536.0,15032385536.0,0.0,0.0,15032434688.0,15032385536.0,15032524800.0,67204.3640487729,4.470619421225436e-06,15034097664.0,15033974784.0,15085535232.0,22754229.76552402,0.0015124227413878776,8589934592.0,8589934592.0,8589934592.0,0.0,0.0,8589934592.0,8589934592.0,8589934592.0,0.0,0.0,8591351808.0,8591179776.0,8591523840.0,144769.12042006748,1.6850573283380236e-05,2.0003299713134766
27,product,cz,plus,16777216,direct,3,main,PRODUCT_FUSED,5,10.315096658014228,5.889036221982678,12.616525318007916,3.084363943843231,0.3271513768628488,10.3067992660217,5.881033022975316,12.607846691011218,3.085026904577304,0.32756859159004187,0.0086786269966978,0.0080031990073621,0.0139942069945391,0.0025240145185358993,0.2528005024570499,0.6751959999999999,0.655013,0.70707,0.02058478699671193,0.030464938092284535,138117120.0,138117120.0,138117120.0,0.0,0.0,128.0,128.0,128.0,0.0,0.0,256.0,256.0,256.0,0.0,0.0,0.2081884173457096,0.1702119715112715,0.3646579112527517,0.09035564085056783,0.3596705660036137,0.4163768346914192,0.3404239430225431,0.7293158225055035,0.18071128170113565,0.35967056600361363,6442450944.0,6442450944.0,6442450944.0,0.0,0.0,6442450944.0,6442450944.0,6442582016.0,71791.09105731713,1.1143353274818036e-05,6443155456.0,6442815488.0,6462128128.0,8692545.540427336,0.0013478953261358217,4294967296.0,4294967296.0,4294967296.0,0.0,0.0,4294967296.0,4294967296.0,4294967296.0,0.0,0.0,4295475200.0,4295331840.0,4297129984.0,839065.3750548881,0.00019531226141984451,1.0001182556152344
27,product,cz,random_seeded,16777216,direct,3,main,NAIVE_PRODUCT,5,17.91535831798683,13.585795358987523,24.14386656400165,3.9381959376303044,0.21793802104949508,17.90364541998133,13.56957073500962,24.11265064703184,3.931934690406628,0.21779043854119318,0.0118363359943032,0.0115297670126892,0.0312159169698134,0.00845581591643127,0.5123523298583402,1.453747,1.430949,1.513541,0.03390151304883019,0.02319850951016391,138117120.0,138117120.0,138117120.0,0.0,0.0,384.0,384.0,384.0,0.0,0.0,512.0,512.0,512.0,0.0,0.0,0.1198683057231375,0.0889453080063772,0.1580683052596811,0.025541587333821492,0.2073063873450439,0.239736611446275,0.1778906160127544,0.3161366105193623,0.051083174667643026,0.207306387345044,15032385536.0,15032385536.0,15032385536.0,0.0,0.0,15032385536.0,15032385536.0,15032385536.0,0.0,0.0,15033716736.0,15032770560.0,15047675904.0,6362989.731437637,0.0004231737419715045,8589934592.0,8589934592.0,8589934592.0,0.0,0.0,8589934592.0,8589934592.0,8589934592.0,0.0,0.0,8590925824.0,8590319616.0,8591704064.0,533688.5239433203,6.21222223640724e-05,2.0002307891845703
27,product,cz,random_seeded,16777216,direct,3,main,PRODUCT_FUSED,5,10.10258446499938,8.201181796001038,12.067480336001609,1.4107476420161547,0.1382935021173578,10.093549339013409,8.192417110985843,12.058778557984624,1.4107708960246697,0.13841392634293193,0.0087017780169844,0.0084425040113274,0.0090351259859744,0.00022031099972645888,0.025301966669590007,0.6969569999999999,0.674595,0.759249,0.03467221611030942,0.04906026812377257,138117120.0,138117120.0,138117120.0,0.0,0.0,128.0,128.0,128.0,0.0,0.0,256.0,256.0,256.0,0.0,0.0,0.2125677499099367,0.1779562583245558,0.2618505114771545,0.03094311845977879,0.1446572085995433,0.4251354998198734,0.3559125166491116,0.523701022954309,0.06188623691955757,0.14465720859954329,6442450944.0,6442450944.0,6442450944.0,0.0,0.0,6442450944.0,6442450944.0,6442450944.0,0.0,0.0,6443380736.0,6442708992.0,6464172032.0,9170993.576284043,0.0014223013509216905,4294967296.0,4294967296.0,4294967296.0,0.0,0.0,4294967296.0,4294967296.0,4294967296.0,0.0,0.0,4295835648.0,4295225344.0,4295970816.0,302183.77065090707,7.034553937555863e-05,1.0002021789550781
28,basis,cx_product_target,basis0,16777216,direct,3,basis,FUSED_BASIS,5,86.79682675199001,85.76896190698608,91.9176939309982,2.4280814936889605,0.02766337084632833,86.78789189099916,85.75726268600556,91.90099177701632,2.4253058708518362,0.027635609826296294,0.0116992209805175,0.0088363740069326,0.0167021539818961,0.003578104893435448,0.2917160322651843,1.372452,1.339229,1.4226470000000002,0.03436586887160001,0.02504345702144232,138117120.0,138117120.0,138117120.0,0.0,0.0,256.0,256.0,256.0,0.0,0.0,512.0,512.0,512.0,0.0,0.0,0.0494829990533211,0.0467262298728272,0.0500760088557182,0.0013164779632176017,0.0268876858970969,0.0989659981066422,0.0934524597456544,0.1001520177114365,0.002632955926435224,0.026887685897097103,12884901888.0,12884901888.0,12884901888.0,0.0,0.0,12885164032.0,12885164032.0,12885168128.0,1831.7868871678277,1.4216247198399115e-07,12894928896.0,12889726976.0,12915118080.0,10462527.62303198,0.0008112389721768672,8589934592.0,8589934592.0,8589934592.0,0.0,0.0,8589934592.0,8589934592.0,8589934592.0,0.0,0.0,8594432000.0,8593997824.0,8596160512.0,861785.1618755106,0.00010026802475820133,1.000523567199707
28,basis,cx_product_target,basis0,16777216,direct,3,basis,NAIVE_BASIS,5,163.99346148598124,157.3006171140005,165.9786758790142,3.8014774527244177,0.02340773392495661,163.982388739998,157.2901188279793,165.96694604799268,3.8010028217053877,0.0234063584957767,0.0105136969650629,0.0098584000079426,0.0117298310215119,0.0007030640734253486,0.06549518355603326,2.775614,2.6600140000000003,2.886402,0.08576097834796417,0.03082348528269557,138117120.0,138117120.0,138117120.0,0.0,0.0,768.0,768.0,768.0,0.0,0.0,1024.0,1024.0,1024.0,0.0,0.0,0.026189869139186,0.0258766210373355,0.027304198640793,0.0006250791458787896,0.023625229107204538,0.0523797382783721,0.0517532420746711,0.0546083972815861,0.0012501582917575974,0.02362522910720485,30064771072.0,30064771072.0,30064771072.0,0.0,0.0,30065033216.0,30065033216.0,30065037312.0,1831.7868871678274,6.0927484233784e-08,30073946112.0,30072299520.0,30284304384.0,96469137.15641253,0.003200773957526978,17179869184.0,17179869184.0,17179869184.0,0.0,0.0,17179869184.0,17179869184.0,17179869184.0,0.0,0.0,17187930112.0,17186115584.0,17274499072.0,38867050.403479606,0.0022590498583275635,2.0009384155273438
28,basis,cx_product_target,basis0,16777216,direct,3,basis,THIN_BASIS,5,132.43286236398853,130.33432911601267,133.86162495799363,1.5241855644712687,0.011540048123193562,132.4195703110017,130.3060671799758,133.84213025099598,1.5252182816382582,0.011549636567519481,0.0194947069976478,0.0132920529867988,0.0282619360368698,0.006311188659595469,0.3118977009264651,2.862584,2.814279,2.965169,0.056078114891640184,0.01950124206071078,138117120.0,138117120.0,138117120.0,0.0,0.0,768.0,768.0,768.0,0.0,0.0,768.0,768.0,768.0,0.0,0.0,0.032431280418869,0.0320851274392327,0.0329534614949909,0.000375724014145432,0.011552952676589748,0.064862560837738,0.0641702548784654,0.0659069229899818,0.0007514480282908478,0.011552952676589495,25769803776.0,25769803776.0,25769803776.0,0.0,0.0,21475123200.0,21475098624.0,21475127296.0,15049.664979659847,7.007955475001406e-07,21483204608.0,21480960000.0,21569556480.0,38301531.12589902,0.0017813330706630002,12884901888.0,12884901888.0,12884901888.0,0.0,0.0,12884901888.0,12884901888.0,12884901888.0,0.0,0.0,12891799552.0,12889964544.0,12892876800.0,1118684.264875483,8.677696807851654e-05,1.500802993774414
28,product,cx_product_control,plus,1048576,direct,3,chunk,NAIVE_PRODUCT,3,143.42218478600262,138.88623121700948,143.8568920950056,2.7529170827991227,0.019379219968083044,143.4100738610141,138.87460534501588,143.84934737102594,2.7541330790153644,0.019389203212459356,0.0116258719936013,0.0075447239796631,0.0121109249885194,0.002508028348219341,0.24052810775569688,4.212256,4.159377,4.37087,0.11006352611560287,0.025912536834153278,138117120.0,138117120.0,138117120.0,0.0,0.0,12288.0,12288.0,12288.0,0.0,0.0,16384.0,16384.0,16384.0,0.0,0.0,0.0299463245690228,0.0298558326504337,0.0309243562761028,0.00059251969671857,0.019592498616655366,0.0598926491380456,0.0597116653008675,0.0618487125522057,0.001185039393437162,0.01959249861665571,30064771072.0,30064771072.0,30064771072.0,0.0,0.0,30065033216.0,30065033216.0,30065037312.0,2364.8267026007074,7.865704249244311e-08,30071373824.0,30071300096.0,30074159104.0,1629782.5642524627,5.419551461595527e-05,17179869184.0,17179869184.0,17179869184.0,0.0,0.0,17179869184.0,17179869184.0,17179869184.0,0.0,0.0,17186197504.0,17186119680.0,17188319232.0,1248052.8355311458,7.261660768468661e-05,2.000736713409424
28,product,cx_product_control,plus,1048576,direct,3,chunk,PRODUCT_FUSED,3,82.12113401299575,71.00198045599973,82.31333979801275,6.475844462976709,0.08251709978140166,82.11187904299004,70.98520824001753,82.30446113101789,6.480295479744348,0.08258606016065924,0.0092549700057134,0.0088786669948603,0.0167722159822005,0.004452690322388031,0.3826885701305225,2.081688,2.049898,2.2084200000000003,0.08386579398857046,0.03968409209166542,138117120.0,138117120.0,138117120.0,0.0,0.0,4096.0,4096.0,4096.0,0.0,0.0,8192.0,8192.0,8192.0,0.0,0.0,0.0523003895114297,0.0521782654736078,0.0604908098114476,0.004764386850024388,0.08664124944398618,0.1046007790228595,0.1043565309472157,0.1209816196228952,0.00952877370004872,0.08664124944398563,12884901888.0,12884901888.0,12884901888.0,0.0,0.0,12885164032.0,12885164032.0,12885164032.0,0.0,0.0,12889550848.0,12888473600.0,12890406912.0,968762.4506678612,7.515917377010412e-05,8589934592.0,8589934592.0,8589934592.0,0.0,0.0,8589934592.0,8589934592.0,8589934592.0,0.0,0.0,8593453056.0,8593244160.0,8595177472.0,1061048.4884628663,0.00012346446889178978,1.0004096031188965
28,product,cx_product_control,plus,4194304,direct,3,chunk,NAIVE_PRODUCT,3,151.6255055090005,148.5864558639878,154.1034813110018,2.763263668296233,0.018246773554327227,151.61364522197982,148.57140987098683,154.09217315897695,2.7651740134310474,0.018260924220688472,0.0118602870206814,0.011308152024867,0.0150459930009674,0.0020176318961036208,0.15839292550372303,3.040535,2.976313,3.179775,0.10401043884149298,0.033928901567942815,138117120.0,138117120.0,138117120.0,0.0,0.0,3072.0,3072.0,3072.0,0.0,0.0,4096.0,4096.0,4096.0,0.0,0.0,0.0283261531863123,0.0278706701461998,0.0289055100683705,0.0005186541656275058,0.018283429310369304,0.0566523063726247,0.0557413402923996,0.0578110201367411,0.0010373083312550614,0.018283429310370157,30064771072.0,30064771072.0,30064771072.0,0.0,0.0,30065033216.0,30065033216.0,30065033216.0,0.0,0.0,30072066048.0,30070673408.0,30073286656.0,1307567.4086363579,4.3481212761900836e-05,17179869184.0,17179869184.0,17179869184.0,0.0,0.0,17179869184.0,17179869184.0,17179869184.0,0.0,0.0,17186893824.0,17185505280.0,17188106240.0,1301473.5186569619,7.572502499580787e-05,2.0008177757263184
28,product,cx_product_control,plus,4194304,direct,3,chunk,PRODUCT_FUSED,3,69.70298167399596,63.67872327199439,70.40907773299841,3.6988271138606,0.05445035931316372,69.69838148899726,63.66524820798077,70.40049398099654,3.7025935675968435,0.05451293634175308,0.0085837520018685,0.0046001849987078,0.0134750640136189,0.004445169977894994,0.5002254182962138,1.5330589999999995,1.5187149999999998,1.5497469999999998,0.015530747481474701,0.010125400371838815,138117120.0,138117120.0,138117120.0,0.0,0.0,1024.0,1024.0,1024.0,0.0,0.0,2048.0,2048.0,2048.0,0.0,0.0,0.0616181287062834,0.0610001925076642,0.0674474467343616,0.003557383890860174,0.05614978324493945,0.1232362574125669,0.1220003850153285,0.1348948934687233,0.007114767781720351,0.05614978324493943,12884901888.0,12884901888.0,12884901888.0,0.0,0.0,12885164032.0,12885164032.0,12885164032.0,0.0,0.0,12889141248.0,12888608768.0,12891369472.0,1464582.0632631003,0.000113624159224851,8589934592.0,8589934592.0,8589934592.0,0.0,0.0,8589934592.0,8589934592.0,8589934592.0,0.0,0.0,8593747968.0,8593375232.0,8596140032.0,1500278.9377196939,0.00017456428120289383,1.000443935394287
28,product,cx_product_control,plus,16777216,buffered,3,buffered,NAIVE_PRODUCT,3,150.59755615598988,147.57543921499746,150.98833001899766,1.8678739543963043,0.012475744340462882,120.9040018550004,119.5200829290261,129.72381261500414,5.535045813427637,0.04486081795132304,28.05535628597136,21.264517403993523,29.69355430098949,4.469299879330668,0.16969140535868119,12.440525,11.850203999999998,12.73043,0.4485758210050273,0.036350225097358024,138117120.0,138117120.0,138117120.0,0.0,0.0,768.0,768.0,768.0,0.0,0.0,1024.0,1024.0,1024.0,0.0,0.0,0.0285195019469721,0.0284456904415036,0.029103537274538,0.0003603951206472142,0.01256188358042259,0.0570390038939442,0.0568913808830073,0.058207074549076,0.0007207902412943954,0.012561883580422008,30064771072.0,30064771072.0,30064771072.0,0.0,0.0,30064816128.0,30064812032.0,30064816128.0,2364.8267026007074,7.865761759281679e-08,30073954304.0,30072451072.0,30223421440.0,86732093.69906826,0.0028792384611623155,17179869184.0,17179869184.0,17179869184.0,0.0,0.0,17179869184.0,17179869184.0,17179869184.0,0.0,0.0,17188171776.0,17186873344.0,17299542016.0,64677721.478058435,0.0037549049772474855,2.0009665489196777
28,product,cx_product_control,plus,16777216,buffered,3,buffered,PRODUCT_FUSED,3,67.57329555301112,61.93804836901836,71.63039611201384,4.867540113543118,0.07259865773338668,56.11044151501847,50.43355471501127,60.5317240160075,5.062078063490503,0.09089432125809856,11.462854037992656,11.09867209600634,11.504493654007092,0.22325377243132719,0.019660685969829388,6.072968,6.016883,10.97711,2.8477361235116216,0.3703655791733842,138117120.0,138117120.0,138117120.0,0.0,0.0,256.0,256.0,256.0,0.0,0.0,512.0,512.0,512.0,0.0,0.0,0.0635601277228014,0.0599601220867693,0.0693429549218467,0.004733544883849162,0.07363060606258923,0.1271202554456029,0.1199202441735387,0.1386859098436934,0.009467089767698266,0.07363060606258871,12884901888.0,12884901888.0,12884901888.0,0.0,0.0,12884942848.0,12884942848.0,12884942848.0,0.0,0.0,12889292800.0,12888883200.0,12895879168.0,3926227.7028645873,0.00030456291840685423,8589934592.0,8589934592.0,8589934592.0,0.0,0.0,8589934592.0,8589934592.0,8589934592.0,0.0,0.0,8593887232.0,8593559552.0,8595054592.0,785837.9978935437,9.14385287641313e-05,1.000460147857666
28,product,cx_product_control,plus,16777216,direct,3,main,NAIVE_PRODUCT,5,159.19121546600945,117.3151054030168,171.5615581739985,21.122793754839428,0.13718806070197853,159.1800373249862,117.30223562402534,171.54855332701118,21.122897418795304,0.13719983695150254,0.012869778991444,0.0111781410232651,0.0130048469873145,0.0007588051890124211,0.06089890971222035,2.715285,2.699878,2.751792,0.019500432938783698,0.0071695472552691505,138117120.0,138117120.0,138117120.0,0.0,0.0,768.0,768.0,768.0,0.0,0.0,1024.0,1024.0,1024.0,0.0,0.0,0.0269799265206129,0.0250345551865647,0.0366105224152111,0.004657682569446921,0.16397524619464546,0.0539598530412259,0.0500691103731294,0.0732210448304222,0.009315365138893826,0.16397524619464507,30064771072.0,30064771072.0,30064771072.0,0.0,0.0,30065033216.0,30065033216.0,30065037312.0,1831.7868871678274,6.0927484233784e-08,30072139776.0,30071103488.0,30109122560.0,16456144.521134956,0.0005470818055164733,17179869184.0,17179869184.0,17179869184.0,0.0,0.0,17179869184.0,17179869184.0,17179869184.0,0.0,0.0,17186779136.0,17185910784.0,17191632896.0,2407100.401220356,0.0001400462803215491,2.0008044242858887
28,product,cx_product_control,plus,16777216,direct,3,main,PRODUCT_FUSED,5,83.6546471020265,27.653442698996518,91.63851139097824,26.13035921534316,0.35326290909246777,83.64214788802201,27.643002778000664,91.6294737260032,26.13002673459718,0.35331255181466087,0.0104399209958501,0.0080253450141754,0.0166683989809826,0.0034217417250990744,0.3018977307574333,1.34717,1.313089,1.380994,0.026910665872475203,0.01995950484480716,138117120.0,138117120.0,138117120.0,0.0,0.0,256.0,256.0,256.0,0.0,0.0,512.0,512.0,512.0,0.0,0.0,0.0513416462179535,0.0468685842972219,0.1553140179597188,0.04701110326081858,0.6594089155150257,0.1026832924359071,0.0937371685944439,0.3106280359194376,0.09402220652163712,0.659408915515025,12884901888.0,12884901888.0,12884901888.0,0.0,0.0,12885164032.0,12885164032.0,12885168128.0,1831.7868871678277,1.4216247198399115e-07,12889808896.0,12887179264.0,12945833984.0,25433361.90213665,0.0019715202635329373,8589934592.0,8589934592.0,8589934592.0,0.0,0.0,8589934592.0,8589934592.0,8589934592.0,0.0,0.0,8594108416.0,8591949824.0,8596639744.0,1695955.217763488,0.00019733785630502622,1.000485897064209
28,product,cx_product_control,plus,16777216,direct,18,target,NAIVE_PRODUCT,3,159.85244293999858,159.5619724749995,163.85316775902174,2.3980731547848824,0.014886617093379675,159.83328044996597,159.55296285400982,163.82913849203032,2.3920401868883494,0.014850770134826781,0.0191624900326132,0.0090096209896728,0.0240292669914197,0.007663289478499197,0.4404073093522838,2.401604,2.328552,2.516935,0.09497893534358028,0.03931740418752032,138117120.0,138117120.0,138117120.0,0.0,0.0,768.0,768.0,768.0,0.0,0.0,1024.0,1024.0,1024.0,0.0,0.0,0.0268683244184897,0.0262122933278689,0.0269172361646064,0.00039363975786599884,0.01476188692402075,0.0537366488369794,0.0524245866557379,0.0538344723292129,0.0007872795157319749,0.014761886924020305,30064771072.0,30064771072.0,30064771072.0,0.0,0.0,30065037312.0,30065033216.0,30065041408.0,4096.0,1.3623798159615602e-07,30114734080.0,30073655296.0,30197899264.0,63298865.06230784,0.002100944712347507,17179869184.0,17179869184.0,17179869184.0,0.0,0.0,17179869184.0,17179869184.0,17179869184.0,0.0,0.0,17187311616.0,17186136064.0,17193615360.0,4022001.5659257686,0.0002339866571113007,2.000866413116455
28,product,cx_product_control,plus,16777216,direct,18,target,PRODUCT_FUSED,3,97.35961900599068,94.65326374600409,114.71983681098207,10.888593998630688,0.10649591619189908,97.34991893498228,94.64442952699028,114.71067166797002,10.88859863996227,0.10650557955017236,0.0091651430120691,0.0088342190138064,0.0097000710084103,0.00043691309785343936,0.0473200766217096,1.332487,1.241837,1.373329,0.06729987311528403,0.051144216410574095,138117120.0,138117120.0,138117120.0,0.0,0.0,256.0,256.0,256.0,0.0,0.0,512.0,512.0,512.0,0.0,0.0,0.0441144628527739,0.0374387500487522,0.0453757971571404,0.004265224153350063,0.10080967663842993,0.0882289257055478,0.0748775000975044,0.0907515943142809,0.008530448306700161,0.1008096766384303,12884901888.0,12884901888.0,12884901888.0,0.0,0.0,12885164032.0,12885164032.0,12885164032.0,0.0,0.0,12892659712.0,12892250112.0,13052649472.0,92488599.08607402,0.007144264528662056,8589934592.0,8589934592.0,8589934592.0,0.0,0.0,8589934592.0,8589934592.0,8589934592.0,0.0,0.0,8595853312.0,8594685952.0,8674353152.0,45662622.14188464,0.005296285954814695,1.0006890296936035
28,product,cx_product_control,plus,67108864,direct,3,chunk,NAIVE_PRODUCT,3,159.4359201240004,150.0477697669994,161.95023606700124,6.273327875611762,0.03992072396697202,159.42126435603132,150.02269111198257,161.93693470297148,6.2797422540478465,0.03996603840963924,0.0146557679690886,0.0133013640297576,0.0250786550168413,0.006444320075791928,0.36452669631653195,2.45967,2.137007,2.6241060000000003,0.24779562999442376,0.1029510082193678,272560128.0,272523264.0,272564224.0,22559.008961683874,8.2770408132703e-05,192.0,192.0,192.0,0.0,0.0,256.0,256.0,256.0,0.0,0.0,0.026938517321941,0.0265202904318281,0.0286239995614024,0.0011136543608774067,0.04070234915094948,0.0538770346438821,0.0530405808636562,0.0572479991228048,0.002227308721754795,0.04070234915094911,30064771072.0,30064771072.0,30064771072.0,0.0,0.0,30065033216.0,30065029120.0,30065033216.0,2364.8267026007074,7.865704963649554e-08,30074986496.0,30074523648.0,30077779968.0,1761691.1396102703,5.857510972866855e-05,17179869184.0,17179869184.0,17179869184.0,0.0,0.0,17179869184.0,17179869184.0,17179869184.0,0.0,0.0,17189650432.0,17189355520.0,17190875136.0,805823.1570694238,4.687754596686091e-05,2.001138687133789
28,product,cx_product_control,plus,67108864,direct,3,chunk,PRODUCT_FUSED,3,71.93729411100503,68.51456289598718,89.52451632299926,11.272707580032531,0.14705042196474769,71.92900261998875,68.50260503299069,89.5147987829987,11.273218361075932,0.14707624966795857,0.0097175400005653,0.0082914910162799,0.0119578629964962,0.0018481948999403627,0.185023669698722,1.174074,1.173833,1.28927,0.06657812136380335,0.05491466708697708,272564224.0,272539648.0,272662528.0,65021.98422072338,0.00023853505434090976,64.0,64.0,64.0,0.0,0.0,128.0,128.0,128.0,0.0,0.0,0.059704320951696,0.0479753197493299,0.062686925442701,0.007777068222581242,0.1369470853105107,0.1194086419033921,0.0959506394986599,0.1253738508854021,0.01555413644516248,0.13694708531051053,12884901888.0,12884901888.0,12884901888.0,0.0,0.0,12885164032.0,12885164032.0,12885164032.0,0.0,0.0,12888981504.0,12888031232.0,12923043840.0,19945878.72891935,0.0015461898891348548,8589934592.0,8589934592.0,8589934592.0,0.0,0.0,8589934592.0,8589934592.0,8589934592.0,0.0,0.0,8593752064.0,8592797696.0,8595496960.0,1368789.3965067575,0.00015927238958630946,1.0004444122314453
28,product,cx_product_control,random_seeded,16777216,direct,3,main,NAIVE_PRODUCT,5,54.52726942699519,41.45308912999462,60.43886872997973,7.402042063715722,0.139405430683046,54.51722410300863,41.44193605799228,60.4251889489824,7.401702605986631,0.13943052739755507,0.0111530720023438,0.0100453239865601,0.0141293460037559,0.0018022787011787334,0.1502925264699919,2.624971,2.567316,2.958979,0.16150885793881395,0.059549237342872915,138117120.0,138117120.0,138117120.0,0.0,0.0,768.0,768.0,768.0,0.0,0.0,1024.0,1024.0,1024.0,0.0,0.0,0.0787673276350357,0.0710629994612978,0.1036103071240654,0.012875827960489635,0.15641860777191788,0.1575346552700715,0.1421259989225956,0.2072206142481308,0.025751655920979263,0.15641860777191782,30064771072.0,30064771072.0,30064771072.0,0.0,0.0,30064771072.0,30064771072.0,30064771072.0,0.0,0.0,30067494912.0,30067085312.0,30070706176.0,1509463.530704866,5.0201560149627755e-05,17179869184.0,17179869184.0,17179869184.0,0.0,0.0,17179869184.0,17179869184.0,17179869184.0,0.0,0.0,17182281728.0,17182003200.0,17184833536.0,1154231.4331592256,6.717339822356185e-05,2.0002808570861816
28,product,cx_product_control,random_seeded,16777216,direct,3,main,PRODUCT_FUSED,5,29.727033945993757,25.746071416011542,33.696077856991906,3.0542539319942317,0.10331905682718805,29.719559129996924,25.73731318701175,33.665515930973925,3.046881813425493,0.10311514093543185,0.0090631209895946,0.0074748159968294,0.030561926017981,0.009823539386773437,0.7536405050384535,1.365822,1.229854,1.4400579999999998,0.09400721627460301,0.07023227187739389,138117120.0,138117120.0,138117120.0,0.0,0.0,256.0,256.0,256.0,0.0,0.0,512.0,512.0,512.0,0.0,0.0,0.1444801827118989,0.127461935309744,0.1668202976135982,0.015153145057351176,0.10340778330703132,0.2889603654237979,0.254923870619488,0.3336405952271964,0.030306290114702334,0.10340778330703122,12884901888.0,12884901888.0,12884901888.0,0.0,0.0,12884901888.0,12884901888.0,12884901888.0,0.0,0.0,12887113728.0,12886163456.0,12887982080.0,756694.2905961429,5.8716910296234934e-05,8589934592.0,8589934592.0,8589934592.0,0.0,0.0,8589934592.0,8589934592.0,8589934592.0,0.0,0.0,8591937536.0,8591196160.0,8592920576.0,729740.0769391798,8.49313078591081e-05,1.0002331733703613
28,product,cx_product_target,plus,16777216,direct,3,main,NAIVE_PRODUCT,5,45.9900171260233,37.86843885699636,58.016249909996986,8.125357110933003,0.17774836302246605,45.978464178042486,37.857063457980985,58.0054592009692,8.12538894347953,0.1777957070731636,0.0115120399859733,0.0107907090277876,0.014736373006599,0.0015634894552631294,0.13036146771772958,2.944022,2.788576,3.003654,0.08196821163719507,0.028002593511877557,138117120.0,138117120.0,138117120.0,0.0,0.0,768.0,768.0,768.0,0.0,0.0,1024.0,1024.0,1024.0,0.0,0.0,0.0933891214745755,0.0740304191095246,0.1134181240536269,0.016124651419792625,0.16756632454452244,0.1867782429491511,0.1480608382190493,0.2268362481072539,0.03224930283958525,0.16756632454452236,30064771072.0,30064771072.0,30064771072.0,0.0,0.0,30064771072.0,30064771072.0,30064775168.0,1831.7868871678274,6.092801547927241e-08,30091829248.0,30068285440.0,30133972992.0,26646162.833006274,0.0008855122343521389,17179869184.0,17179869184.0,17179869184.0,0.0,0.0,17179869184.0,17179869184.0,17179869184.0,0.0,0.0,17183174656.0,17182007296.0,17184657408.0,969037.7708287742,5.639436442695593e-05,2.00038480758667
28,product,cx_product_target,plus,16777216,direct,3,main,PRODUCT_FUSED,5,23.79974376800237,20.984054088999983,27.155432223982643,2.366645129858433,0.09989266904362577,23.78607571599423,20.97781703699729,27.143629550002515,2.364773947078511,0.09985501240401648,0.0087712740059942,0.0062370520026888,0.0136680520081426,0.0029285027839274546,0.29869035588785525,1.425652,1.40202,1.439794,0.016078720253801235,0.011305630169451159,138117120.0,138117120.0,138117120.0,0.0,0.0,256.0,256.0,256.0,0.0,0.0,512.0,512.0,512.0,0.0,0.0,0.180462753627389,0.1581623617909807,0.2046776699003772,0.017833724170764325,0.09760962255409039,0.360925507254778,0.3163247235819615,0.4093553398007545,0.03566744834152866,0.09760962255409038,12884901888.0,12884901888.0,12884901888.0,0.0,0.0,12884901888.0,12884901888.0,12884901888.0,0.0,0.0,12886429696.0,12885663744.0,12903542784.0,7696394.572424883,0.0005970918587728177,8589934592.0,8589934592.0,8589934592.0,0.0,0.0,8589934592.0,8589934592.0,8589934592.0,0.0,0.0,8591364096.0,8590528512.0,8592035840.0,646749.1910680677,7.527881530797316e-05,1.000166416168213
28,product,cx_product_target,random_seeded,16777216,direct,3,main,NAIVE_PRODUCT,5,167.4547627629945,140.99753987198346,187.82013923602065,17.076569991898573,0.1037507856385664,167.4405742480012,140.98930943696178,187.80747274201715,17.074842157438745,0.10374966584450251,0.0141885149932932,0.0082304350216872,0.0220905980095267,0.0051725353470281005,0.3476774148928508,2.833336,2.679251,2.900175,0.08775015797307728,0.031163342703418234,138117120.0,138117120.0,138117120.0,0.0,0.0,768.0,768.0,768.0,0.0,0.0,1024.0,1024.0,1024.0,0.0,0.0,0.025648522771961,0.0228674481526329,0.0304612924445316,0.0027861428136085192,0.1058377767733105,0.0512970455439221,0.0457348963052658,0.0609225848890633,0.005572285627217076,0.10583777677331108,30064771072.0,30064771072.0,30064771072.0,0.0,0.0,30065033216.0,30065033216.0,30065037312.0,1831.7868871678277,6.092748423378401e-08,30124826624.0,30072709120.0,30137577472.0,32744743.952179145,0.0010875614451460128,17179869184.0,17179869184.0,17179869184.0,0.0,0.0,17179869184.0,17179869184.0,17179869184.0,0.0,0.0,17186865152.0,17185714176.0,17189941248.0,1737043.5290748472,0.00010106634004800734,2.000814437866211
28,product,cx_product_target,random_seeded,16777216,direct,3,main,PRODUCT_FUSED,5,85.87726924402523,81.7217709920078,104.08957017000648,9.001595335094164,0.1008700655423147,85.86826839001151,81.7072791220271,104.07041831398963,8.998480160027176,0.10084881687184732,0.0092039399896748,0.0085862049891147,0.0191518560168333,0.0046310767626856104,0.38314700393262524,1.3682849999999998,1.301175,1.428971,0.04578820519740865,0.033492842167706496,138117120.0,138117120.0,138117120.0,0.0,0.0,256.0,256.0,256.0,0.0,0.0,512.0,512.0,512.0,0.0,0.0,0.0500128536201541,0.0412622253025462,0.0525559742999211,0.004509916879257789,0.09300384599478675,0.1000257072403083,0.0825244506050924,0.1051119485998422,0.00901983375851558,0.09300384599478674,12884901888.0,12884901888.0,12884901888.0,0.0,0.0,12885164032.0,12885164032.0,12885168128.0,1831.7868871678274,1.4216247198399115e-07,12909989888.0,12890804224.0,12938567680.0,22112873.99532817,0.0017125175260542707,8589934592.0,8589934592.0,8589934592.0,0.0,0.0,8589934592.0,8589934592.0,8589934592.0,0.0,0.0,8595558400.0,8594550784.0,8643309568.0,21054647.16974941,0.0024457613195510855,1.000654697418213
28,product,cz,plus,16777216,direct,3,main,NAIVE_PRODUCT,5,68.9141595090041,52.94353687900002,84.39294771500863,11.582326585645436,0.17000155565506433,68.90220618899912,52.93204735397012,84.38170492800418,11.582397151548006,0.17003142794179188,0.0114895250299014,0.0112427870044484,0.0119533200049772,0.00025815677284795886,0.022342234622252887,2.770888,2.618223,2.82586,0.08247378991352343,0.030162926413859575,138117120.0,138117120.0,138117120.0,0.0,0.0,768.0,768.0,768.0,0.0,0.0,1024.0,1024.0,1024.0,0.0,0.0,0.0623234372529615,0.0508924905728369,0.0811235431024555,0.011204307553521517,0.1735919990504271,0.124646874505923,0.1017849811456739,0.162247086204911,0.022408615107043006,0.17359199905042685,30064771072.0,30064771072.0,30064771072.0,0.0,0.0,30064771072.0,30064771072.0,30064963584.0,86093.9836968879,2.8636131382716752e-06,30075633664.0,30068039680.0,30088065024.0,8210537.796474772,0.0002729976225226651,17179869184.0,17179869184.0,17179869184.0,0.0,0.0,17179869184.0,17179869184.0,17179869184.0,0.0,0.0,17183068160.0,17182515200.0,17184956416.0,932272.4552558656,5.4254396225696085e-05,2.0003724098205566
28,product,cz,plus,16777216,direct,3,main,PRODUCT_FUSED,5,40.11083235399565,38.25314272998367,88.94339632199262,21.49497702586942,0.4190321225035635,40.10211923299357,38.24844769696938,88.9247822209727,21.490057352777836,0.4190157289741789,0.0087131210020743,0.0046950330142863,0.0186141010199207,0.00525490403433811,0.5398451887397456,1.2899309999999995,1.224246,1.4873539999999998,0.10498155961262907,0.08031050865725631,138117120.0,138117120.0,138117120.0,0.0,0.0,256.0,256.0,256.0,0.0,0.0,512.0,512.0,512.0,0.0,0.0,0.1070774911399253,0.0482887709892634,0.1122775016504332,0.026574914262799634,0.28727824963928583,0.2141549822798507,0.0965775419785269,0.2245550033008665,0.05314982852559927,0.2872782496392857,12884901888.0,12884901888.0,12884901888.0,0.0,0.0,12884901888.0,12884901888.0,12885176320.0,122729.72144024445,9.525039438555624e-06,12888911872.0,12887334912.0,12908158976.0,8833699.439049078,0.0006851864896294529,8589934592.0,8589934592.0,8589934592.0,0.0,0.0,8589934592.0,8589934592.0,8589934592.0,0.0,0.0,8593412096.0,8591925248.0,8593739776.0,826547.02199645,9.618869557011123e-05,1.0004048347473145
28,product,cz,random_seeded,16777216,direct,3,main,NAIVE_PRODUCT,5,158.9271119130135,155.466146509978,162.55946831600158,3.0741207821140053,0.01929147513062093,158.9142076559947,155.4516243749822,162.54803474000073,3.0730840825538923,0.019286969590330928,0.0145221349957864,0.0114335760008543,0.0247714419965632,0.005412157149662076,0.32749388608320906,2.695185,2.673491,2.915709,0.10021024711475375,0.03649671152174185,138117120.0,138117120.0,138117120.0,0.0,0.0,768.0,768.0,768.0,0.0,0.0,1024.0,1024.0,1024.0,0.0,0.0,0.0270247615041969,0.0264208990130981,0.0276263829291243,0.0005207593556924428,0.0193153791310853,0.0540495230083938,0.0528417980261962,0.0552527658582486,0.0010415187113848776,0.01931537913108514,30064771072.0,30064771072.0,30064771072.0,0.0,0.0,30065037312.0,30065037312.0,30065037312.0,0.0,0.0,30084026368.0,30073884672.0,30161321984.0,41233296.74503579,0.0013695543665666594,17179869184.0,17179869184.0,17179869184.0,0.0,0.0,17179869184.0,17179869184.0,17179869184.0,0.0,0.0,17187934208.0,17186140160.0,17209692160.0,10080201.242273053,0.0005863390017083071,2.000938892364502
28,product,cz,random_seeded,16777216,direct,3,main,PRODUCT_FUSED,5,86.87020974399638,83.90816506798728,89.25191269101924,2.0253275300846596,0.023307079983939494,86.84022233900032,83.89976168097928,89.24315571802435,2.0248285681986657,0.02330498305869256,0.0089731189946178,0.008403387008002,0.0299874049960635,0.009267254154810892,0.6818535267835316,1.3598869999999998,1.290678,1.3870319999999998,0.03861963228333482,0.028729646750926336,138117120.0,138117120.0,138117120.0,0.0,0.0,256.0,256.0,256.0,0.0,0.0,512.0,512.0,512.0,0.0,0.0,0.0494411986417107,0.0481218515828195,0.0511865238921619,0.001162886542510007,0.023517678064032443,0.0988823972834214,0.0962437031656391,0.1023730477843239,0.002325773085020013,0.023517678064032415,12884901888.0,12884901888.0,12884901888.0,0.0,0.0,12885164032.0,12885159936.0,12885176320.0,6730.414786623482,5.223381757741637e-07,12890910720.0,12888346624.0,13033074688.0,65878197.44642529,0.005092810358635225,8589934592.0,8589934592.0,8589934592.0,0.0,0.0,8589934592.0,8589934592.0,8589934592.0,0.0,0.0,8595677184.0,8593100800.0,8635465728.0,17845913.443632387,0.0020741629614673585,1.0006685256958008
