config_id,q_old,policy,study,io_mode,status,reason,required_bytes,budget_bytes,guest_free_bytes,host_free_bytes
529a229772114de3183b,29,PRODUCT_FUSED,main,direct,SKIPPED,combined input/output exceeds 70% guest/host free-space budget,26038239232,21019162214,814754091008,30027374592
190ced0aed6f8825360d,29,NAIVE_PRODUCT,main,direct,SKIPPED,combined input/output exceeds 70% guest/host free-space budget,26038239232,21019162214,814754091008,30027374592
40c92b65823a2d52cdf3,29,NAIVE_PRODUCT,main,direct,SKIPPED,combined input/output exceeds 70% guest/host free-space budget,26038239232,21019162214,814754091008,30027374592
5a1ce1e371e18a307c58,29,PRODUCT_FUSED,main,direct,SKIPPED,combined input/output exceeds 70% guest/host free-space budget,26038239232,21019162214,814754091008,30027374592
05cfaab202a8fa68bb97,29,PRODUCT_FUSED,main,direct,SKIPPED,combined input/output exceeds 70% guest/host free-space budget,26038239232,21019162214,814754091008,30027374592
6b5a0ccbc72d93228d98,29,NAIVE_PRODUCT,main,direct,SKIPPED,combined input/output exceeds 70% guest/host free-space budget,26038239232,21019162214,814754091008,30027374592
548d02b21908c71f5788,29,NAIVE_PRODUCT,main,direct,SKIPPED,combined input/output exceeds 70% guest/host free-space budget,26038239232,21019162214,814754091008,30027374592
840edfa10785d60edd80,29,PRODUCT_FUSED,main,direct,SKIPPED,combined input/output exceeds 70% guest/host free-space budget,26038239232,21019162214,814754091008,30027374592
008633b2dce991ca304f,29,NAIVE_PRODUCT,main,direct,SKIPPED,combined input/output exceeds 70% guest/host free-space budget,26038239232,21019162214,814754091008,30027374592
adbe9865eec5359ece7d,29,PRODUCT_FUSED,main,direct,SKIPPED,combined input/output exceeds 70% guest/host free-space budget,26038239232,21019162214,814754091008,30027374592
e3977de614d7486ed628,29,NAIVE_PRODUCT,main,direct,SKIPPED,combined input/output exceeds 70% guest/host free-space budget,26038239232,21019162214,814754091008,30027374592
5db7e55655f521b80aba,29,PRODUCT_FUSED,main,direct,SKIPPED,combined input/output exceeds 70% guest/host free-space budget,26038239232,21019162214,814754091008,30027374592
c225c204faf51554ae73,29,PRODUCT_FUSED,main,direct,SKIPPED,combined input/output exceeds 70% guest/host free-space budget,26038239232,21019162214,814754091008,30027374592
d7a388e39319817d884f,29,NAIVE_PRODUCT,main,direct,SKIPPED,combined input/output exceeds 70% guest/host free-space budget,26038239232,21019162214,814754091008,30027374592
7df5c2e20dac9ac7b6e3,29,PRODUCT_FUSED,main,direct,SKIPPED,combined input/output exceeds 70% guest/host free-space budget,26038239232,21019162214,814754091008,30027374592
20ddd83c02fa21d19267,29,NAIVE_PRODUCT,main,direct,SKIPPED,combined input/output exceeds 70% guest/host free-space budget,26038239232,21019162214,814754091008,30027374592
96b458c3f09ccfcb31f4,29,PRODUCT_FUSED,main,direct,SKIPPED,combined input/output exceeds 70% guest/host free-space budget,26038239232,21019162214,814754091008,30027374592
6a824bd3308dd6a8b339,29,NAIVE_PRODUCT,main,direct,SKIPPED,combined input/output exceeds 70% guest/host free-space budget,26038239232,21019162214,814754091008,30027374592
d482a921fb0d04d6502a,29,PRODUCT_FUSED,main,direct,SKIPPED,combined input/output exceeds 70% guest/host free-space budget,26038239232,21019162214,814754091008,30027374592
47908aa2d69b64f28a62,29,NAIVE_PRODUCT,main,direct,SKIPPED,combined input/output exceeds 70% guest/host free-space budget,26038239232,21019162214,814754091008,30027374592
97cd33c6cbd082b927e7,29,PRODUCT_FUSED,main,direct,SKIPPED,combined input/output exceeds 70% guest/host free-space budget,26038239232,21019162214,814754091008,30027374592
a3ae54274574ce038ce0,29,NAIVE_PRODUCT,main,direct,SKIPPED,combined input/output exceeds 70% guest/host free-space budget,26038239232,21019162214,814754091008,30027374592
81b65823cee4a2a6d0ef,29,PRODUCT_FUSED,main,direct,SKIPPED,combined input/output exceeds 70% guest/host free-space budget,26038239232,21019162214,814754091008,30027374592
e1f58e1af811e450a3f2,29,NAIVE_PRODUCT,main,direct,SKIPPED,combined input/output exceeds 70% guest/host free-space budget,26038239232,21019162214,814754091008,30027374592
03991b9de994d6ffcca5,29,NAIVE_PRODUCT,main,direct,SKIPPED,combined input/output exceeds 70% guest/host free-space budget,26038239232,21019162214,814754091008,30027374592
c98c5fe0ad367398886b,29,PRODUCT_FUSED,main,direct,SKIPPED,combined input/output exceeds 70% guest/host free-space budget,26038239232,21019162214,814754091008,30027374592
43485125f3afb56a59ee,29,PRODUCT_FUSED,main,direct,SKIPPED,combined input/output exceeds 70% guest/host free-space budget,26038239232,21019162214,814754091008,30027374592
69fc1f76ce4b7d178ff2,29,NAIVE_PRODUCT,main,direct,SKIPPED,combined input/output exceeds 70% guest/host free-space budget,26038239232,21019162214,814754091008,30027374592
802a809be63d0146c0d0,29,NAIVE_PRODUCT,main,direct,SKIPPED,combined input/output exceeds 70% guest/host free-space budget,26038239232,21019162214,814754091008,30027374592
a6a2972bb33333dba23f,29,PRODUCT_FUSED,main,direct,SKIPPED,combined input/output exceeds 70% guest/host free-space budget,26038239232,21019162214,814754091008,30027374592
9099759d39e39a69e4e4,29,PRODUCT_FUSED,main,direct,SKIPPED,combined input/output exceeds 70% guest/host free-space budget,26038239232,21019162214,814754091008,30027374592
13da22d61c0ea7dbbab8,29,NAIVE_PRODUCT,main,direct,SKIPPED,combined input/output exceeds 70% guest/host free-space budget,26038239232,21019162214,814754091008,30027374592
637b00835ca167156934,29,NAIVE_PRODUCT,main,direct,SKIPPED,combined input/output exceeds 70% guest/host free-space budget,26038239232,21019162214,814754091008,30027374592
40eed2594c24634ed804,29,PRODUCT_FUSED,main,direct,SKIPPED,combined input/output exceeds 70% guest/host free-space budget,26038239232,21019162214,814754091008,30027374592
662998e57e897ccca4b9,29,PRODUCT_FUSED,main,direct,SKIPPED,combined input/output exceeds 70% guest/host free-space budget,26038239232,21019162214,814754091008,30027374592
187381ee93faa75206ee,29,NAIVE_PRODUCT,main,direct,SKIPPED,combined input/output exceeds 70% guest/host free-space budget,26038239232,21019162214,814754091008,30027374592
415d643f50f2b7faf14a,29,FUSED_BASIS,basis,direct,SKIPPED,combined input/output exceeds 70% guest/host free-space budget,26038239232,21019162214,814754091008,30027374592
aae0247d4e90f3d1842d,29,THIN_BASIS,basis,direct,SKIPPED,combined input/output exceeds 70% guest/host free-space budget,26038239232,21019162214,814754091008,30027374592
8db75d20a5dc24d0d287,29,NAIVE_BASIS,basis,direct,SKIPPED,combined input/output exceeds 70% guest/host free-space budget,26038239232,21019162214,814754091008,30027374592
14d43d6866953d93ccc2,29,FUSED_BASIS,basis,direct,SKIPPED,combined input/output exceeds 70% guest/host free-space budget,26038239232,21019162214,814754091008,30027374592
04a3af94fe067dc1fcd5,29,NAIVE_BASIS,basis,direct,SKIPPED,combined input/output exceeds 70% guest/host free-space budget,26038239232,21019162214,814754091008,30027374592
0e963bb39eb9dcc6187a,29,THIN_BASIS,basis,direct,SKIPPED,combined input/output exceeds 70% guest/host free-space budget,26038239232,21019162214,814754091008,30027374592
8c363079d732582aa601,29,THIN_BASIS,basis,direct,SKIPPED,combined input/output exceeds 70% guest/host free-space budget,26038239232,21019162214,814754091008,30027374592
156f168d2e5bbb5bb6ac,29,NAIVE_BASIS,basis,direct,SKIPPED,combined input/output exceeds 70% guest/host free-space budget,26038239232,21019162214,814754091008,30027374592
29502a5b22aec5f1393a,29,FUSED_BASIS,basis,direct,SKIPPED,combined input/output exceeds 70% guest/host free-space budget,26038239232,21019162214,814754091008,30027374592
b831e2d3625619f251b2,29,PRODUCT_FUSED,chunk,direct,SKIPPED,combined input/output exceeds 70% guest/host free-space budget,26038239232,21019162214,814754091008,30027374592
1aa1669638da02030566,29,NAIVE_PRODUCT,chunk,direct,SKIPPED,combined input/output exceeds 70% guest/host free-space budget,26038239232,21019162214,814754091008,30027374592
871440dd567f3e7e18f7,29,NAIVE_PRODUCT,chunk,direct,SKIPPED,combined input/output exceeds 70% guest/host free-space budget,26038239232,21019162214,814754091008,30027374592
f1807962925c742e0787,29,PRODUCT_FUSED,chunk,direct,SKIPPED,combined input/output exceeds 70% guest/host free-space budget,26038239232,21019162214,814754091008,30027374592
7f7644eb81b23e7bc36b,29,NAIVE_PRODUCT,chunk,direct,SKIPPED,combined input/output exceeds 70% guest/host free-space budget,26038239232,21019162214,814754091008,30027374592
4e655102f0c454e2f19c,29,PRODUCT_FUSED,chunk,direct,SKIPPED,combined input/output exceeds 70% guest/host free-space budget,26038239232,21019162214,814754091008,30027374592
3c97bcd911a3f07da9d7,29,PRODUCT_FUSED,chunk,direct,SKIPPED,combined input/output exceeds 70% guest/host free-space budget,26038239232,21019162214,814754091008,30027374592
f1cf2e11a00375576f09,29,NAIVE_PRODUCT,chunk,direct,SKIPPED,combined input/output exceeds 70% guest/host free-space budget,26038239232,21019162214,814754091008,30027374592
4afa8c2e597063258f33,29,PRODUCT_FUSED,chunk,direct,SKIPPED,combined input/output exceeds 70% guest/host free-space budget,26038239232,21019162214,814754091008,30027374592
25e94de46adeaa1a5514,29,NAIVE_PRODUCT,chunk,direct,SKIPPED,combined input/output exceeds 70% guest/host free-space budget,26038239232,21019162214,814754091008,30027374592
f20b8d111824b4fbfe4f,29,PRODUCT_FUSED,chunk,direct,SKIPPED,combined input/output exceeds 70% guest/host free-space budget,26038239232,21019162214,814754091008,30027374592
69fdd96eb420682941b8,29,NAIVE_PRODUCT,chunk,direct,SKIPPED,combined input/output exceeds 70% guest/host free-space budget,26038239232,21019162214,814754091008,30027374592
68aab8055c08e6e11c8a,29,NAIVE_PRODUCT,chunk,direct,SKIPPED,combined input/output exceeds 70% guest/host free-space budget,26038239232,21019162214,814754091008,30027374592
e79041b5fdefdee2a213,29,PRODUCT_FUSED,chunk,direct,SKIPPED,combined input/output exceeds 70% guest/host free-space budget,26038239232,21019162214,814754091008,30027374592
21555b9b518d39f85dfa,29,NAIVE_PRODUCT,chunk,direct,SKIPPED,combined input/output exceeds 70% guest/host free-space budget,26038239232,21019162214,814754091008,30027374592
ad2ba473767bd2f2fb53,29,PRODUCT_FUSED,chunk,direct,SKIPPED,combined input/output exceeds 70% guest/host free-space budget,26038239232,21019162214,814754091008,30027374592
9dc6943b4b33bab924de,29,PRODUCT_FUSED,chunk,direct,SKIPPED,combined input/output exceeds 70% guest/host free-space budget,26038239232,21019162214,814754091008,30027374592
d37481c5a4bd159f3b46,29,NAIVE_PRODUCT,chunk,direct,SKIPPED,combined input/output exceeds 70% guest/host free-space budget,26038239232,21019162214,814754091008,30027374592
94f2d9b3a50cd2bf1732,30,PRODUCT_FUSED,main,direct,SKIPPED,combined input/output exceeds 70% guest/host free-space budget,51808043008,21019162214,814754078720,30027374592
62db7af9b5fa6f81b95e,30,NAIVE_PRODUCT,main,direct,SKIPPED,combined input/output exceeds 70% guest/host free-space budget,51808043008,21019162214,814754078720,30027374592
cbb56dbc6634d5d524da,30,NAIVE_PRODUCT,main,direct,SKIPPED,combined input/output exceeds 70% guest/host free-space budget,51808043008,21019162214,814754078720,30027374592
26e2301dc879e198fdf7,30,PRODUCT_FUSED,main,direct,SKIPPED,combined input/output exceeds 70% guest/host free-space budget,51808043008,21019162214,814754078720,30027374592
4b5d36b83339fbe3bc9d,30,PRODUCT_FUSED,main,direct,SKIPPED,combined input/output exceeds 70% guest/host free-space budget,51808043008,21019162214,814754078720,30027374592
301698caf957a5cdb811,30,NAIVE_PRODUCT,main,direct,SKIPPED,combined input/output exceeds 70% guest/host free-space budget,51808043008,21019162214,814754078720,30027374592
efa3aba49af1dcd6620e,30,PRODUCT_FUSED,main,direct,SKIPPED,combined input/output exceeds 70% guest/host free-space budget,51808043008,21019162214,814754078720,30027374592
d2f2c88dbf4db084b572,30,NAIVE_PRODUCT,main,direct,SKIPPED,combined input/output exceeds 70% guest/host free-space budget,51808043008,21019162214,814754078720,30027374592
1fe8af5b6a0d43c663b6,30,NAIVE_PRODUCT,main,direct,SKIPPED,combined input/output exceeds 70% guest/host free-space budget,51808043008,21019162214,814754078720,30027374592
36e5f6c073c4a9b588f9,30,PRODUCT_FUSED,main,direct,SKIPPED,combined input/output exceeds 70% guest/host free-space budget,51808043008,21019162214,814754078720,30027374592
c7165d0941b6ee06eccb,30,NAIVE_PRODUCT,main,direct,SKIPPED,combined input/output exceeds 70% guest/host free-space budget,51808043008,21019162214,814754078720,30027374592
30bf712920aa1002a38c,30,PRODUCT_FUSED,main,direct,SKIPPED,combined input/output exceeds 70% guest/host free-space budget,51808043008,21019162214,814754078720,30027374592
36bea3f4617ef5c0d375,30,NAIVE_PRODUCT,main,direct,SKIPPED,combined input/output exceeds 70% guest/host free-space budget,51808043008,21019162214,814754078720,30027374592
84fad0db3f2b7359b4d5,30,PRODUCT_FUSED,main,direct,SKIPPED,combined input/output exceeds 70% guest/host free-space budget,51808043008,21019162214,814754078720,30027374592
99dae316890d89441e14,30,PRODUCT_FUSED,main,direct,SKIPPED,combined input/output exceeds 70% guest/host free-space budget,51808043008,21019162214,814754078720,30027374592
8271d249c6fd240bda2f,30,NAIVE_PRODUCT,main,direct,SKIPPED,combined input/output exceeds 70% guest/host free-space budget,51808043008,21019162214,814754078720,30027374592
d496f0e360d1ba07be21,30,NAIVE_PRODUCT,main,direct,SKIPPED,combined input/output exceeds 70% guest/host free-space budget,51808043008,21019162214,814754078720,30027374592
f6018e42786ebac3b6d9,30,PRODUCT_FUSED,main,direct,SKIPPED,combined input/output exceeds 70% guest/host free-space budget,51808043008,21019162214,814754078720,30027374592
8028f1305627d57a9850,30,PRODUCT_FUSED,main,direct,SKIPPED,combined input/output exceeds 70% guest/host free-space budget,51808043008,21019162214,814754078720,30027374592
ff3074fdb5f0cb0d24b8,30,NAIVE_PRODUCT,main,direct,SKIPPED,combined input/output exceeds 70% guest/host free-space budget,51808043008,21019162214,814754078720,30027374592
10b109928ea8ab542494,30,NAIVE_PRODUCT,main,direct,SKIPPED,combined input/output exceeds 70% guest/host free-space budget,51808043008,21019162214,814754078720,30027374592
58c794995d4da08e59ba,30,PRODUCT_FUSED,main,direct,SKIPPED,combined input/output exceeds 70% guest/host free-space budget,51808043008,21019162214,814754078720,30027374592
129c907fd6718387607f,30,NAIVE_PRODUCT,main,direct,SKIPPED,combined input/output exceeds 70% guest/host free-space budget,51808043008,21019162214,814754078720,30027374592
4d7653bb609d4d0e923c,30,PRODUCT_FUSED,main,direct,SKIPPED,combined input/output exceeds 70% guest/host free-space budget,51808043008,21019162214,814754078720,30027374592
fbab270f6cf59d1e371b,30,NAIVE_PRODUCT,main,direct,SKIPPED,combined input/output exceeds 70% guest/host free-space budget,51808043008,21019162214,814754078720,30027374592
32cb467d97c60063be2b,30,PRODUCT_FUSED,main,direct,SKIPPED,combined input/output exceeds 70% guest/host free-space budget,51808043008,21019162214,814754078720,30027374592
1ebabd44fbe3e6024355,30,NAIVE_PRODUCT,main,direct,SKIPPED,combined input/output exceeds 70% guest/host free-space budget,51808043008,21019162214,814754078720,30027374592
166a956b4fb2f2cdab60,30,PRODUCT_FUSED,main,direct,SKIPPED,combined input/output exceeds 70% guest/host free-space budget,51808043008,21019162214,814754078720,30027374592
04ddbf8612eb1de67f35,30,NAIVE_PRODUCT,main,direct,SKIPPED,combined input/output exceeds 70% guest/host free-space budget,51808043008,21019162214,814754078720,30027374592
8a8a1b78abf5c027cb67,30,PRODUCT_FUSED,main,direct,SKIPPED,combined input/output exceeds 70% guest/host free-space budget,51808043008,21019162214,814754078720,30027374592
4a70a52e342d14dfcbcf,30,PRODUCT_FUSED,main,direct,SKIPPED,combined input/output exceeds 70% guest/host free-space budget,51808043008,21019162214,814754078720,30027374592
33f1b2ad0e6df9147c1d,30,NAIVE_PRODUCT,main,direct,SKIPPED,combined input/output exceeds 70% guest/host free-space budget,51808043008,21019162214,814754078720,30027374592
043bbf4d30e62149683c,30,PRODUCT_FUSED,main,direct,SKIPPED,combined input/output exceeds 70% guest/host free-space budget,51808043008,21019162214,814754078720,30027374592
3ba0da263dc330ebb8eb,30,NAIVE_PRODUCT,main,direct,SKIPPED,combined input/output exceeds 70% guest/host free-space budget,51808043008,21019162214,814754078720,30027374592
c99fedb8a26d15cb56f9,30,PRODUCT_FUSED,main,direct,SKIPPED,combined input/output exceeds 70% guest/host free-space budget,51808043008,21019162214,814754078720,30027374592
43d4fad0336ba533a0ed,30,NAIVE_PRODUCT,main,direct,SKIPPED,combined input/output exceeds 70% guest/host free-space budget,51808043008,21019162214,814754078720,30027374592
312de2f02322b5824fbb,30,THIN_BASIS,basis,direct,SKIPPED,combined input/output exceeds 70% guest/host free-space budget,51808043008,21019162214,814754078720,30027374592
025343ec731edfb6cb42,30,NAIVE_BASIS,basis,direct,SKIPPED,combined input/output exceeds 70% guest/host free-space budget,51808043008,21019162214,814754078720,30027374592
f0df31206b388a88bcd0,30,FUSED_BASIS,basis,direct,SKIPPED,combined input/output exceeds 70% guest/host free-space budget,51808043008,21019162214,814754078720,30027374592
99559b69cef468c278b3,30,FUSED_BASIS,basis,direct,SKIPPED,combined input/output exceeds 70% guest/host free-space budget,51808043008,21019162214,814754078720,30027374592
22b28ea8e89d57ee44b4,30,NAIVE_BASIS,basis,direct,SKIPPED,combined input/output exceeds 70% guest/host free-space budget,51808043008,21019162214,814754078720,30027374592
96068c380f61726957c8,30,THIN_BASIS,basis,direct,SKIPPED,combined input/output exceeds 70% guest/host free-space budget,51808043008,21019162214,814754078720,30027374592
e2ef7d6d151a1cc99bf5,30,FUSED_BASIS,basis,direct,SKIPPED,combined input/output exceeds 70% guest/host free-space budget,51808043008,21019162214,814754078720,30027374592
4edf422fa87ba3eda239,30,NAIVE_BASIS,basis,direct,SKIPPED,combined input/output exceeds 70% guest/host free-space budget,51808043008,21019162214,814754078720,30027374592
ef328f5fd750d0454a3f,30,THIN_BASIS,basis,direct,SKIPPED,combined input/output exceeds 70% guest/host free-space budget,51808043008,21019162214,814754078720,30027374592
