family,n,system,wall_time_s,algorithmic_total_bytes
cdkm_superposed,20,GBSA reproduction,1.801959156000521,184549376.0
cdkm_superposed,20,QDAO,1.5342413050238974,117440512.0
cdkm_superposed,20,QThin,1.098595845018281,50593824.0
cdkm_superposed,22,GBSA reproduction,8.629972566996003,1006632960.0
cdkm_superposed,22,QDAO,7.346294977993239,738197504.0
cdkm_superposed,22,QThin,4.692504092992749,352387104.0
cdkm_superposed,24,GBSA reproduction,37.55149573198287,4563402752.0
cdkm_superposed,24,QDAO,28.510004974988988,2952790016.0
cdkm_superposed,24,QThin,19.438320478977403,1346388000.0
cdkm_superposed,26,GBSA reproduction,232.93682789598824,26843545600.0
cdkm_superposed,26,QDAO,148.65438607300166,16106127360.0
cdkm_superposed,26,QThin,89.10787965700729,7785680928.0
cdkm_superposed,28,GBSA reproduction,1557.8334323129966,124554051584.0
cdkm_superposed,28,QDAO,1003.764567182021,81604378624.0
cdkm_superposed,28,QThin,552.4863153120386,39795819552.0
qaoa,20,GBSA reproduction,2.1094674000050877,285212672.0
qaoa,20,QDAO,2.108906631998252,285212672.0
qaoa,20,QThin,1.7512247360136826,203423776.0
qaoa,22,GBSA reproduction,12.525168437015964,2080374784.0
qaoa,22,QDAO,8.667196227004752,1275068416.0
qaoa,22,QThin,7.107718878018204,891289632.0
qaoa,24,GBSA reproduction,54.17965753900353,8858370048.0
qaoa,24,QDAO,41.40401303398539,6710886400.0
qaoa,24,QThin,33.72715006800718,4716494880.0
qaoa,26,GBSA reproduction,325.0434742750076,48318382080.0
qaoa,26,QDAO,223.05943579997984,31138512896.0
qaoa,26,QThin,176.18158500400023,21627928608.0
