workload_id,system,family,n,repetitions,wall_time_s,user_cpu_s,system_cpu_s,algorithmic_total_bytes,proc_total_bytes,device_total_bytes,peak_rss_bytes,compute_unit_count,state_traversals,sync_time_s,algorithmic_read_bytes,algorithmic_write_bytes,proc_read_bytes,proc_write_bytes,proc_cancelled_write_bytes,device_read_bytes,device_write_bytes,fdatasync_calls,time_min_s,time_max_s,time_std_s,time_cv
cdkm_superposed_26,GBSA reproduction,cdkm_superposed,26,3,232.93682789598824,139.144656,43.068224,26843545600.0,14831513600.0,13801930752.0,446369792.0,12288.0,12.0,18.324019376013894,12884901888.0,13958643712.0,454656.0,14831058944.0,1140850688.0,454656.0,13801472000.0,16384.0,222.37759345798983,236.3161440550175,7.270951363303938,0.03153830264429217
cdkm_superposed_26,QDAO,cdkm_superposed,26,3,148.65438607300166,104.683115,24.65727,16106127360.0,9127034880.0,8053530624.0,339202048.0,7168.0,7.0,18.08659707001061,7516192768.0,8589934592.0,229376.0,9126805504.0,1140850688.0,233472.0,8053329920.0,16384.0,148.52327339100884,150.38329962600255,1.0381096766073101,0.0069584465905025
cdkm_superposed_26,QThin,cdkm_superposed,26,3,89.10787965700729,57.629482,14.024426,7785680928.0,4707188736.0,3972960256.0,259461120.0,4226.0,7.0,17.95679274300346,3355969552.0,4429711376.0,94208.0,4707094528.0,815083520.0,94208.0,3972866048.0,16384.0,87.41368226500344,90.94041802099672,1.7638200376440103,0.019783971217365436
qaoa_26,GBSA reproduction,qaoa,26,3,325.0434742750076,201.682091,57.599105,48318382080.0,26240036864.0,25457418240.0,472100864.0,22528.0,22.0,17.9107407219999,23622320128.0,24696061952.0,471040.0,26239565824.0,1140850688.0,180502528.0,25276915712.0,16384.0,317.2582205290091,326.5057167299965,4.970991096250849,0.01539312469249104
qaoa_26,QDAO,qaoa,26,3,223.05943579997984,142.790068,36.284993,31138512896.0,17113133056.0,16240947200.0,480325632.0,14336.0,14.0,17.868955512996763,15032385536.0,16106127360.0,372736.0,17112760320.0,1140850688.0,380928.0,16240566272.0,16384.0,222.81629361299565,224.6587529729877,1.000965370379325,0.0044783619485947515
qaoa_26,QThin,qaoa,26,3,176.18158500400023,102.775091,37.661639,21627928608.0,12060471296.0,11331039232.0,389505024.0,10825.0,14.0,19.06704764001188,10277093392.0,11350835216.0,204800.0,12060266496.0,858984448.0,249856.0,11330834432.0,16384.0,175.5372537559888,178.295621199999,1.442965854951324,0.00816750842077171
cdkm_superposed_28,GBSA reproduction,cdkm_superposed,28,3,1557.8334323129966,642.61629,147.94821399999998,124554051584.0,68451504128.0,69470855168.0,707637248.0,57344.0,14.0,76.45135754800867,60129542144.0,64424509440.0,462848.0,68451041280.0,0.0,1454080.0,69470359552.0,65536.0,1486.1112006579642,1602.7791252739844,58.84385901622882,0.0379905469386805
cdkm_superposed_28,QDAO,cdkm_superposed,28,3,1003.764567182021,502.329883,95.139074,81604378624.0,45634420736.0,46353059840.0,711700480.0,36864.0,9.0,79.74384830897907,38654705664.0,42949672960.0,393216.0,45634027520.0,0.0,6864896.0,46351495168.0,65536.0,998.993969187024,1103.261241414002,58.86992843847855,0.05686048317486654
cdkm_superposed_28,QThin,cdkm_superposed,28,3,552.4863153120386,270.885273,63.448455,39795819552.0,23425601536.0,23928041472.0,498049024.0,21026.0,9.0,75.52075476304162,17750426128.0,22045393424.0,131072.0,23425470464.0,348860416.0,3629056.0,23770796032.0,65536.0,491.5776588759909,591.5967549179913,50.4038862391818,0.09244683572013797
