workload_id,system,repetition,compute_unit_count,state_traversals,algorithmic_read_bytes,algorithmic_write_bytes,file_read_bytes,file_write_bytes,sync_time_s
cdkm_basis_20,QDAO,0,48,3,50331648,67108864,50429952,67239936,0.3476832270098384
cdkm_basis_20,QDAO,1,48,3,50331648,67108864,50429952,67239936,0.3444014499837067
cdkm_basis_20,QDAO,2,48,3,50331648,67108864,50429952,67239936,0.3163650429924018
cdkm_basis_20,QThin,0,0,0,0,16,0,144,0.0064274710020981
cdkm_basis_20,QThin,1,0,0,0,16,0,144,0.0068284580192994
cdkm_basis_20,QThin,2,0,0,0,16,0,144,0.0064820949919521
cdkm_basis_22,QDAO,0,320,5,335544320,402653184,336199680,403439616,1.1498027539928444
cdkm_basis_22,QDAO,1,320,5,335544320,402653184,336199680,403439616,1.176676992996363
cdkm_basis_22,QDAO,2,320,5,335544320,402653184,336199680,403439616,1.12012323300587
cdkm_basis_22,QThin,0,0,0,0,16,0,144,0.0069689250085502
cdkm_basis_22,QThin,1,0,0,0,16,0,144,0.0073059610149357
cdkm_basis_22,QThin,2,0,0,0,16,0,144,0.0064270250150002
cdkm_basis_24,QDAO,0,1280,5,1342177280,1610612736,1344798720,1613758464,4.436828924983274
cdkm_basis_24,QDAO,1,1280,5,1342177280,1610612736,1344798720,1613758464,4.888821516011376
cdkm_basis_24,QDAO,2,1280,5,1342177280,1610612736,1344798720,1613758464,4.232596342015313
cdkm_basis_24,QThin,0,0,0,0,16,0,144,0.0068112550070509
cdkm_basis_24,QThin,1,0,0,0,16,0,144,0.0078759230091236
cdkm_basis_24,QThin,2,0,0,0,16,0,144,0.0080662200052756
cdkm_superposed_20,QDAO,0,48,3,50331648,67108864,50429952,67239936,0.3643287119921297
cdkm_superposed_20,QDAO,1,48,3,50331648,67108864,50429952,67239936,0.3572408950130921
cdkm_superposed_20,QDAO,2,48,3,50331648,67108864,50429952,67239936,0.3494637030235026
cdkm_superposed_20,QThin,0,33,3,16908304,33685520,16943248,33753232,0.3038096179952845
cdkm_superposed_20,QThin,1,33,3,16908304,33685520,16943248,33753232,0.3174326129956171
cdkm_superposed_20,QThin,2,33,3,16908304,33685520,16943248,33753232,0.2858047299960162
cdkm_superposed_22,QDAO,0,320,5,335544320,402653184,336199680,403439616,1.0782994279870763
cdkm_superposed_22,QDAO,1,320,5,335544320,402653184,336199680,403439616,1.2365510470117442
cdkm_superposed_22,QDAO,2,320,5,335544320,402653184,336199680,403439616,1.2918092400068415
cdkm_superposed_22,QThin,0,201,5,142639120,209747984,142936208,210176144,1.2406991220195778
cdkm_superposed_22,QThin,1,201,5,142639120,209747984,142936208,210176144,1.2416590159991756
cdkm_superposed_22,QThin,2,201,5,142639120,209747984,142936208,210176144,1.193333247996634
cdkm_superposed_24,QDAO,0,1280,5,1342177280,1610612736,1344798720,1613758464,4.567526099999668
cdkm_superposed_24,QDAO,1,1280,5,1342177280,1610612736,1344798720,1613758464,4.518290167005034
cdkm_superposed_24,QDAO,2,1280,5,1342177280,1610612736,1344798720,1613758464,4.280372890993021
cdkm_superposed_24,QThin,0,771,5,538976272,807411728,540059792,809019536,4.408059148991015
cdkm_superposed_24,QThin,1,771,5,538976272,807411728,540059792,809019536,4.8488341409829445
cdkm_superposed_24,QThin,2,771,5,538976272,807411728,540059792,809019536,4.549606704997132
comparator_20,QDAO,0,96,6,100663296,117440512,100859904,117669888,0.3603017440182157
comparator_20,QDAO,1,96,6,100663296,117440512,100859904,117669888,0.3799643850070424
comparator_20,QDAO,2,96,6,100663296,117440512,100859904,117669888,0.3438929179974366
comparator_20,QThin,0,66,6,51396624,68173840,51513488,68323472,0.3384568179899361
comparator_20,QThin,1,66,6,51396624,68173840,51513488,68323472,0.3737491949868854
comparator_20,QThin,2,66,6,51396624,68173840,51513488,68323472,0.3572744510020129
comparator_22,QDAO,0,448,7,469762048,536870912,470679552,537919488,1.255508194997674
comparator_22,QDAO,1,448,7,469762048,536870912,470679552,537919488,1.2595932539843488
comparator_22,QDAO,2,448,7,469762048,536870912,470679552,537919488,1.1837592340016272
comparator_22,QThin,0,322,7,268701712,335810576,269244560,336484496,1.1783749110181816
comparator_22,QThin,1,322,7,268701712,335810576,269244560,336484496,1.1876837720046751
comparator_22,QThin,2,322,7,268701712,335810576,269244560,336484496,1.1377464899851475
comparator_24,QDAO,0,2304,9,2415919104,2684354560,2420637696,2689597440,4.435069450002629
comparator_24,QDAO,1,2304,9,2415919104,2684354560,2420637696,2689597440,4.304771399998572
comparator_24,QDAO,2,2304,9,2415919104,2684354560,2420637696,2689597440,4.774926954996772
comparator_24,QThin,0,1542,9,1346438160,1614873616,1349134480,1618094224,4.480079986009514
comparator_24,QThin,1,1542,9,1346438160,1614873616,1349134480,1618094224,4.406089863012312
comparator_24,QThin,2,1542,9,1346438160,1614873616,1349134480,1618094224,4.2969650339800864
grover_oracle_20,QDAO,0,1536,96,1610612736,1627389952,1613758464,1630568448,0.331364065001253
grover_oracle_20,QDAO,1,1536,96,1610612736,1627389952,1613758464,1630568448,0.3637717680248897
grover_oracle_20,QDAO,2,1536,96,1610612736,1627389952,1613758464,1630568448,0.3642732219886966
grover_oracle_20,QThin,0,1133,95,1163921424,1180698640,1166381200,1183191184,0.3745795770082623
grover_oracle_20,QThin,1,1133,95,1163921424,1180698640,1166381200,1183191184,0.3534503160044551
grover_oracle_20,QThin,2,1133,95,1163921424,1180698640,1166381200,1183191184,0.3544381949759554
grover_oracle_22,QDAO,0,12544,196,13153337344,13220446208,13179027456,13246267392,1.1596039489959369
grover_oracle_22,QDAO,1,12544,196,13153337344,13220446208,13179027456,13246267392,1.2601335149956867
grover_oracle_22,QDAO,2,12544,196,13153337344,13220446208,13179027456,13246267392,1.1947869019932114
grover_oracle_22,QThin,0,9238,195,9618589712,9685698576,9639071888,9706311824,1.2369840639876202
grover_oracle_22,QThin,1,9238,195,9618589712,9685698576,9639071888,9706311824,1.1836560149968136
grover_oracle_22,QThin,2,9238,195,9618589712,9685698576,9639071888,9706311824,1.2268509939895011
grover_oracle_24,QDAO,0,49664,194,52076478464,52344913920,52178190336,52447150080,4.395488202018896
grover_oracle_24,QDAO,1,49664,194,52076478464,52344913920,52178190336,52447150080,4.5192395559861325
grover_oracle_24,QDAO,2,49664,194,52076478464,52344913920,52178190336,52447150080,4.462724007025827
grover_oracle_24,QThin,0,39943,192,41609625936,41878061392,41690928592,41959888336,4.40436639401014
grover_oracle_24,QThin,1,39943,192,41609625936,41878061392,41690928592,41959888336,4.50339623799664
grover_oracle_24,QThin,2,39943,192,41609625936,41878061392,41690928592,41959888336,4.808208917005686
hea_20,QDAO,0,128,8,134217728,150994944,134479872,151289856,0.3065174999937881
hea_20,QDAO,1,128,8,134217728,150994944,134479872,151289856,0.3933694029983599
hea_20,QDAO,2,128,8,134217728,150994944,134479872,151289856,0.3591051549883559
hea_20,QThin,0,67,8,53477392,70254608,53581968,70391952,0.3449520480062347
hea_20,QThin,1,67,8,53477392,70254608,53581968,70391952,0.338362512004096
hea_20,QThin,2,67,8,53477392,70254608,53581968,70391952,0.3536264279973693
hea_22,QDAO,0,704,11,738197504,805306368,739639296,806879232,1.2441496929968707
hea_22,QDAO,1,704,11,738197504,805306368,739639296,806879232,1.340378773980774
hea_22,QDAO,2,704,11,738197504,805306368,739639296,806879232,1.1114838820067234
hea_22,QThin,0,275,11,221249552,288358416,221681808,288921744,1.275069789000554
hea_22,QThin,1,275,11,221249552,288358416,221681808,288921744,1.25288786899182
hea_22,QThin,2,275,11,221249552,288358416,221681808,288921744,1.2727108039835002
hea_24,QDAO,0,3584,14,3758096384,4026531840,3765436416,4034396160,4.615704744996037
hea_24,QDAO,1,3584,14,3758096384,4026531840,3765436416,4034396160,4.456831232004333
hea_24,QDAO,2,3584,14,3758096384,4026531840,3765436416,4034396160,4.245042672002455
hea_24,QThin,0,1107,14,892338192,1160773648,894081168,1163040912,4.49594091399922
hea_24,QThin,1,1107,14,892338192,1160773648,894081168,1163040912,4.452279847988393
hea_24,QThin,2,1107,14,892338192,1160773648,894081168,1163040912,4.370290497987298
mcx_oracle_20,QDAO,0,1312,82,1375731712,1392508928,1378418688,1395228672,0.3601170409820042
mcx_oracle_20,QDAO,1,1312,82,1375731712,1392508928,1378418688,1395228672,0.3792115180112887
mcx_oracle_20,QDAO,2,1312,82,1375731712,1392508928,1378418688,1395228672,0.3295676560082938
mcx_oracle_20,QThin,0,909,81,929040400,945817616,931041424,947851408,0.3178002809872851
mcx_oracle_20,QThin,1,909,81,929040400,945817616,931041424,947851408,0.3781485520012211
mcx_oracle_20,QThin,2,909,81,929040400,945817616,931041424,947851408,0.3901211830088869
mcx_oracle_22,QDAO,0,11136,174,11676942336,11744051200,11699748864,11766988800,1.24917276299675
mcx_oracle_22,QDAO,1,11136,174,11676942336,11744051200,11699748864,11766988800,1.188223786011804
mcx_oracle_22,QDAO,2,11136,174,11676942336,11744051200,11699748864,11766988800,1.1430329410068223
mcx_oracle_22,QThin,0,7830,173,8142194704,8209303568,8159793296,8227033232,1.169195029011462
mcx_oracle_22,QThin,1,7830,173,8142194704,8209303568,8159793296,8227033232,1.2556608709855936
mcx_oracle_22,QThin,2,7830,173,8142194704,8209303568,8159793296,8227033232,1.2924734609841837
mcx_oracle_24,QDAO,0,41984,164,44023414784,44291850240,44109398016,44378357760,4.428250028984621
mcx_oracle_24,QDAO,1,41984,164,44023414784,44291850240,44109398016,44378357760,4.398729620996164
mcx_oracle_24,QDAO,2,41984,164,44023414784,44291850240,44109398016,44378357760,4.631811380997533
mcx_oracle_24,QThin,0,32263,162,33556562256,33824997712,33622136272,33891096016,4.432513634994393
mcx_oracle_24,QThin,1,32263,162,33556562256,33824997712,33622136272,33891096016,4.454871260997606
mcx_oracle_24,QThin,2,32263,162,33556562256,33824997712,33622136272,33891096016,4.693440455012024
qaoa_20,QDAO,0,128,8,134217728,150994944,134479872,151289856,0.4023766850004904
qaoa_20,QDAO,1,128,8,134217728,150994944,134479872,151289856,0.3820709010178689
qaoa_20,QDAO,2,128,8,134217728,150994944,134479872,151289856,0.3844689649995416
qaoa_20,QThin,0,105,8,93323280,110100496,93505680,110315664,0.3611450340249575
qaoa_20,QThin,1,105,8,93323280,110100496,93505680,110315664,0.3660289040126372
qaoa_20,QThin,2,105,8,93323280,110100496,93505680,110315664,0.3096172740042675
qaoa_22,QDAO,0,576,9,603979776,671088640,605159424,672399360,1.189741762005724
qaoa_22,QDAO,1,576,9,603979776,671088640,605159424,672399360,1.1945956670097075
qaoa_22,QDAO,2,576,9,603979776,671088640,605159424,672399360,1.2212787689932156
qaoa_22,QThin,0,457,9,412090384,479199248,412895376,480135312,1.4038084799831267
qaoa_22,QThin,1,457,9,412090384,479199248,412895376,480135312,1.177392128010979
qaoa_22,QThin,2,457,9,412090384,479199248,412895376,480135312,1.2164354039996397
qaoa_24,QDAO,0,3072,12,3221225472,3489660928,3227516928,3496476672,4.547707527002785
qaoa_24,QDAO,1,3072,12,3221225472,3489660928,3227516928,3496476672,4.702383040974382
qaoa_24,QDAO,2,3072,12,3221225472,3489660928,3227516928,3496476672,4.80643287600833
qaoa_24,QThin,0,2377,12,2224029712,2492465168,2228373648,2497333392,4.515098599018529
qaoa_24,QThin,1,2377,12,2224029712,2492465168,2228373648,2497333392,4.380466336006066
qaoa_24,QThin,2,2377,12,2224029712,2492465168,2228373648,2497333392,4.388052597991191
qft_20,QDAO,0,592,37,620756992,637534208,621969408,638779392,0.3580812939908355
qft_20,QDAO,1,592,37,620756992,637534208,621969408,638779392,0.375736498972401
qft_20,QDAO,2,592,37,620756992,637534208,621969408,638779392,0.3809508499980438
qft_20,QThin,0,134,37,100666640,117443856,101676432,118486416,0.3388839089893736
qft_20,QThin,1,134,37,100666640,117443856,101676432,118486416,0.3451241879956797
qft_20,QThin,2,134,37,100666640,117443856,101676432,118486416,0.3313840810151305
qft_22,QDAO,0,4480,70,4697620480,4764729344,4706795520,4774035456,1.133369433984626
qft_22,QDAO,1,4480,70,4697620480,4764729344,4706795520,4774035456,1.2263800890068524
qft_22,QDAO,2,4480,70,4697620480,4764729344,4706795520,4774035456,1.1963139819854405
qft_22,QThin,0,739,70,671079696,738188560,678610320,745850256,1.1421129959926477
qft_22,QThin,1,739,70,671079696,738188560,678610320,745850256,1.1040034829929937
qft_22,QThin,2,739,70,671079696,738188560,678610320,745850256,1.1020254920003936
qft_24,QDAO,0,20736,81,21743271936,22011707392,21785739264,22054699008,4.330142854014412
qft_24,QDAO,1,20736,81,21743271936,22011707392,21785739264,22054699008,4.42097238500719
qft_24,QDAO,2,20736,81,21743271936,22011707392,21785739264,22054699008,4.395649933983805
qft_24,QThin,0,3109,81,2952879376,3221314832,2984527248,3253486992,4.351791939989198
qft_24,QThin,1,3109,81,2952879376,3221314832,2984527248,3253486992,4.260164044011617
qft_24,QThin,2,3109,81,2952879376,3221314832,2984527248,3253486992,4.304960652982118
