workload_id,family,n,source,input_file,hash,gate_count,depth,representation,m,t,threads,precision
cdkm_basis_20,cdkm_basis,20,existing CDKMRippleCarryAdder; width=9; prep=basis,results/qdao_end_to_end/inputs/cdkm_basis_20.qpy,ad6cef6d262fd64ccfa24c1362dd510b885034cbac839ce595ab03ba836d9755,308,219,lowered_u_cx_optimization_0,16,12,1,complex128
cdkm_superposed_20,cdkm_superposed,20,existing CDKMRippleCarryAdder; width=9; prep=superposed,results/qdao_end_to_end/inputs/cdkm_superposed_20.qpy,e1db4372855039db1057c94931b87ee9cd4be44395e7e608426e056dc76ff400,317,220,lowered_u_cx_optimization_0,16,12,1,complex128
comparator_20,comparator,20,existing IntegerComparator width=10; superposed input,results/qdao_end_to_end/inputs/comparator_20.qpy,54afcb76bd5d4971cb88ced3cbeed57fa5a2f64d85bbd95421c1dbd3d44c4b8a,348,198,lowered_u_cx_optimization_0,16,12,1,complex128
qft_20,qft,20,existing workload_generators.generate: qiskit.synthesis.synth_qft_full,results/qdao_end_to_end/inputs/qft_20.qpy,25b12227c93736b616af32d6e647ceace65de3dc9b5cbabb7e32aa918163edea,1000,154,lowered_u_cx_optimization_0,16,12,1,complex128
qaoa_20,qaoa,20,existing workload_generators.generate: QAOA MaxCut ring p=3 gamma=.355 beta=.185,results/qdao_end_to_end/inputs/qaoa_20.qpy,978499d77c25807c00c69f5f4a80f8f77ccba074896d681ddd24fb7e818836ae,260,184,lowered_u_cx_optimization_0,16,12,1,complex128
hea_20,hea,20,existing workload_generators.generate: RY/RZ linear-CX hardware-efficient ansatz reps=4,results/qdao_end_to_end/inputs/hea_20.qpy,762500c4125ecf024ca71498ec91a2078f24637fd9cf1834ff1bd7601abdf0f2,236,33,lowered_u_cx_optimization_0,16,12,1,complex128
grover_oracle_20,grover_oracle,20,existing workload_generators.generate: single marked-state Grover iteration with phase-kickback ancilla,results/qdao_end_to_end/inputs/grover_oracle_20.qpy,4d74830c516953b381e45a641d9dde8a8aed81541a41a395fc5053144cff6e49,5884,4623,lowered_u_cx_optimization_0,16,12,1,complex128
mcx_oracle_20,mcx_oracle,20,existing Grover generator oracle prefix; no diffusion,results/qdao_end_to_end/inputs/mcx_oracle_20.qpy,6f98db876ac08dc580831e1ec26b793941e5af2994d8294b45da25ff48986b44,5158,4187,lowered_u_cx_optimization_0,16,12,1,complex128
cdkm_basis_22,cdkm_basis,22,existing CDKMRippleCarryAdder; width=10; prep=basis,results/qdao_end_to_end/inputs/cdkm_basis_22.qpy,7b74b05768b85d8c64e796e8665fe516550e06e6e2ae9f4cc14baa74b5988a4f,342,243,lowered_u_cx_optimization_0,16,12,1,complex128
cdkm_superposed_22,cdkm_superposed,22,existing CDKMRippleCarryAdder; width=10; prep=superposed,results/qdao_end_to_end/inputs/cdkm_superposed_22.qpy,2f85de7c849c40e2a215afbf5712ccf11d79850cadef82eaab405d38a1c10fdd,352,244,lowered_u_cx_optimization_0,16,12,1,complex128
comparator_22,comparator,22,existing IntegerComparator width=11; superposed input,results/qdao_end_to_end/inputs/comparator_22.qpy,d7b90b4ac78871a2818aed29a437738e99d8023ef464cc6babe5296c595d1c14,389,221,lowered_u_cx_optimization_0,16,12,1,complex128
qft_22,qft,22,existing workload_generators.generate: qiskit.synthesis.synth_qft_full,results/qdao_end_to_end/inputs/qft_22.qpy,b08ca09f18596140c8a2b8c78bb6b07c69fb26ab999f2efa90d5ede3afe33018,1210,170,lowered_u_cx_optimization_0,16,12,1,complex128
qaoa_22,qaoa,22,existing workload_generators.generate: QAOA MaxCut ring p=3 gamma=.355 beta=.185,results/qdao_end_to_end/inputs/qaoa_22.qpy,7e8ef490f9d2e10f417de5f65d5022a77160b8129d679fd3e4b7192ec65aac8d,286,202,lowered_u_cx_optimization_0,16,12,1,complex128
hea_22,hea,22,existing workload_generators.generate: RY/RZ linear-CX hardware-efficient ansatz reps=4,results/qdao_end_to_end/inputs/hea_22.qpy,57d0cdf38519d15e99701db371847703e656e2feabc985ea7ac005a63637303d,260,35,lowered_u_cx_optimization_0,16,12,1,complex128
grover_oracle_22,grover_oracle,22,existing workload_generators.generate: single marked-state Grover iteration with phase-kickback ancilla,results/qdao_end_to_end/inputs/grover_oracle_22.qpy,2e7543b37549c7f32bf260017af64a267aa8cebb99606e0d3e336b14f7c621c4,6740,5118,lowered_u_cx_optimization_0,16,12,1,complex128
mcx_oracle_22,mcx_oracle,22,existing Grover generator oracle prefix; no diffusion,results/qdao_end_to_end/inputs/mcx_oracle_22.qpy,973ca19fe97b4a7d7bbc64e94de22a87f428c55640f324735cc7e2bbdc7c3c29,5926,4630,lowered_u_cx_optimization_0,16,12,1,complex128
cdkm_basis_24,cdkm_basis,24,existing CDKMRippleCarryAdder; width=11; prep=basis,results/qdao_end_to_end/inputs/cdkm_basis_24.qpy,4a1d57daf79bbe12b6c94f2ec5c4e3b6a421460a255a3501e3db9bfcee97c1a9,376,267,lowered_u_cx_optimization_0,16,12,1,complex128
cdkm_superposed_24,cdkm_superposed,24,existing CDKMRippleCarryAdder; width=11; prep=superposed,results/qdao_end_to_end/inputs/cdkm_superposed_24.qpy,9797d7bd092a67d5fdecd2c02b172c9b3ffd3ecc82fc96461a694b1f5501dad8,387,268,lowered_u_cx_optimization_0,16,12,1,complex128
comparator_24,comparator,24,existing IntegerComparator width=12; superposed input,results/qdao_end_to_end/inputs/comparator_24.qpy,67d8afa178f8c08a95dd6aaebbd4f3d93bab109c63272fd8052e8ebf56495c44,430,244,lowered_u_cx_optimization_0,16,12,1,complex128
qft_24,qft,24,existing workload_generators.generate: qiskit.synthesis.synth_qft_full,results/qdao_end_to_end/inputs/qft_24.qpy,3448bee7b25584e6e5903a416d3c09f18881ba3823414729934edfdb7a6c29fe,1440,186,lowered_u_cx_optimization_0,16,12,1,complex128
qaoa_24,qaoa,24,existing workload_generators.generate: QAOA MaxCut ring p=3 gamma=.355 beta=.185,results/qdao_end_to_end/inputs/qaoa_24.qpy,13b2af70997bcb7ed1959ed612b6cc52a491f5c2bc5343cf98d961ab0dc3dac7,312,220,lowered_u_cx_optimization_0,16,12,1,complex128
hea_24,hea,24,existing workload_generators.generate: RY/RZ linear-CX hardware-efficient ansatz reps=4,results/qdao_end_to_end/inputs/hea_24.qpy,3d5dc591cad7234ef8a5591207518b7ca596df4a35d0e510a34d2f8323161d9b,284,37,lowered_u_cx_optimization_0,16,12,1,complex128
grover_oracle_24,grover_oracle,24,existing workload_generators.generate: single marked-state Grover iteration with phase-kickback ancilla,results/qdao_end_to_end/inputs/grover_oracle_24.qpy,770aa65972b7220d4cf641d5d90c30feab0924b19771e00fc1d5c58d1ea112c9,6966,4823,lowered_u_cx_optimization_0,16,12,1,complex128
mcx_oracle_24,mcx_oracle,24,existing Grover generator oracle prefix; no diffusion,results/qdao_end_to_end/inputs/mcx_oracle_24.qpy,6ecf9d3eecb64d98754179ec6afc79d74a674a35ac2c06538d7d5ec19df8d75d,6064,4281,lowered_u_cx_optimization_0,16,12,1,complex128
cdkm_basis_26,cdkm_basis,26,existing CDKMRippleCarryAdder; width=12; prep=basis,results/qdao_end_to_end/inputs/cdkm_basis_26.qpy,eb0983114eae194a715d12ce23db440acb75299ae2360c1d3b131ba6441bc92c,410,291,lowered_u_cx_optimization_0,16,12,1,complex128
cdkm_superposed_26,cdkm_superposed,26,existing CDKMRippleCarryAdder; width=12; prep=superposed,results/qdao_end_to_end/inputs/cdkm_superposed_26.qpy,ca9a4e9657be2f590e17cc910393b8b5c0f40346e2a00c2e291ba832d639d7ae,422,292,lowered_u_cx_optimization_0,16,12,1,complex128
comparator_26,comparator,26,existing IntegerComparator width=13; superposed input,results/qdao_end_to_end/inputs/comparator_26.qpy,eac92f98a6e038fab0e93bbc6c8996c66d4d82ef4172a600478e3a46b247f09b,471,267,lowered_u_cx_optimization_0,16,12,1,complex128
qft_26,qft,26,existing workload_generators.generate: qiskit.synthesis.synth_qft_full,results/qdao_end_to_end/inputs/qft_26.qpy,0e531092899e6a7fe3616feea11825e9e8fd89dbb6e434e5a4825a1cbbab1f73,1690,202,lowered_u_cx_optimization_0,16,12,1,complex128
qaoa_26,qaoa,26,existing workload_generators.generate: QAOA MaxCut ring p=3 gamma=.355 beta=.185,results/qdao_end_to_end/inputs/qaoa_26.qpy,605d1cf91d8ea6c113da43035edc7e37453481536171662fb83d8f5fe75abdbf,338,238,lowered_u_cx_optimization_0,16,12,1,complex128
hea_26,hea,26,existing workload_generators.generate: RY/RZ linear-CX hardware-efficient ansatz reps=4,results/qdao_end_to_end/inputs/hea_26.qpy,affdf5eaf58dc8d7ffdd77a669cfa2c3f3241803694aa2c4c57ad78e5205943f,308,39,lowered_u_cx_optimization_0,16,12,1,complex128
grover_oracle_26,grover_oracle,26,existing workload_generators.generate: single marked-state Grover iteration with phase-kickback ancilla,results/qdao_end_to_end/inputs/grover_oracle_26.qpy,4216702ae8409468a0e3c9c0ab2d8ab8c01eac5410ad260a538bd9d7b5d1d1e8,7596,5259,lowered_u_cx_optimization_0,16,12,1,complex128
mcx_oracle_26,mcx_oracle,26,existing Grover generator oracle prefix; no diffusion,results/qdao_end_to_end/inputs/mcx_oracle_26.qpy,7ea73567e78d6549d0459edca4e0b6b8822c185294285bd7a06175f01a8cb855,6606,4665,lowered_u_cx_optimization_0,16,12,1,complex128
