workload_id,n,family,gate_blocks,search_s,measured_performance
cdkm_basis_20,20,cdkm_basis,3,0.0005315540183801204,False
cdkm_superposed_20,20,cdkm_superposed,3,0.0005866999854333699,False
comparator_20,20,comparator,3,0.00047842299682088196,False
qft_20,20,qft,3,0.0018396179948467761,False
qaoa_20,20,qaoa,4,0.0004984099941793829,False
hea_20,20,hea,2,0.00030279200291261077,False
grover_oracle_20,20,grover_oracle,28,0.0419027809984982,False
mcx_oracle_20,20,mcx_oracle,20,0.02890585400746204,False
cdkm_basis_22,22,cdkm_basis,3,0.0005226760113146156,False
cdkm_superposed_22,22,cdkm_superposed,3,0.00047952900058589876,False
comparator_22,22,comparator,3,0.0005003879778087139,False
qft_22,22,qft,4,0.00207083101850003,False
qaoa_22,22,qaoa,5,0.000512425001943484,False
hea_22,22,hea,2,0.00028058799216523767,False
grover_oracle_22,22,grover_oracle,52,0.14082200598204508,False
mcx_oracle_22,22,mcx_oracle,44,0.08769008499803022,False
cdkm_basis_24,24,cdkm_basis,3,0.0005723430076614022,False
cdkm_superposed_24,24,cdkm_superposed,3,0.0005334229790605605,False
comparator_24,24,comparator,4,0.0006828120094724,False
qft_24,24,qft,4,0.0026831510185729712,False
qaoa_24,24,qaoa,5,0.0005743599904235452,False
hea_24,24,hea,2,0.00032314000418409705,False
grover_oracle_24,24,grover_oracle,63,0.17555426401668228,False
mcx_oracle_24,24,mcx_oracle,55,0.1308438690030016,False
