workload_id,n,system,repetition,reason
cdkm_basis_26,26,QDAO,ALL,NOT_IN_REQUIRED_CORE_SEE_SCALING_SUBSET
cdkm_basis_26,26,QThin,ALL,NOT_IN_REQUIRED_CORE_SEE_SCALING_SUBSET
cdkm_basis_26,26,GBSA reproduction,ALL,NOT_IN_REQUIRED_CORE_SEE_SCALING_SUBSET
cdkm_superposed_26,26,QDAO,ALL,NOT_IN_REQUIRED_CORE_SEE_SCALING_SUBSET
cdkm_superposed_26,26,QThin,ALL,NOT_IN_REQUIRED_CORE_SEE_SCALING_SUBSET
cdkm_superposed_26,26,GBSA reproduction,ALL,NOT_IN_REQUIRED_CORE_SEE_SCALING_SUBSET
comparator_26,26,QDAO,ALL,NOT_IN_REQUIRED_CORE_SEE_SCALING_SUBSET
comparator_26,26,QThin,ALL,NOT_IN_REQUIRED_CORE_SEE_SCALING_SUBSET
comparator_26,26,GBSA reproduction,ALL,NOT_IN_REQUIRED_CORE_SEE_SCALING_SUBSET
qft_26,26,QDAO,ALL,NOT_IN_REQUIRED_CORE_SEE_SCALING_SUBSET
qft_26,26,QThin,ALL,NOT_IN_REQUIRED_CORE_SEE_SCALING_SUBSET
qft_26,26,GBSA reproduction,ALL,NOT_IN_REQUIRED_CORE_SEE_SCALING_SUBSET
qaoa_26,26,QDAO,ALL,NOT_IN_REQUIRED_CORE_SEE_SCALING_SUBSET
qaoa_26,26,QThin,ALL,NOT_IN_REQUIRED_CORE_SEE_SCALING_SUBSET
qaoa_26,26,GBSA reproduction,ALL,NOT_IN_REQUIRED_CORE_SEE_SCALING_SUBSET
hea_26,26,QDAO,ALL,NOT_IN_REQUIRED_CORE_SEE_SCALING_SUBSET
hea_26,26,QThin,ALL,NOT_IN_REQUIRED_CORE_SEE_SCALING_SUBSET
hea_26,26,GBSA reproduction,ALL,NOT_IN_REQUIRED_CORE_SEE_SCALING_SUBSET
grover_oracle_26,26,QDAO,ALL,NOT_IN_REQUIRED_CORE_SEE_SCALING_SUBSET
grover_oracle_26,26,QThin,ALL,NOT_IN_REQUIRED_CORE_SEE_SCALING_SUBSET
grover_oracle_26,26,GBSA reproduction,ALL,NOT_IN_REQUIRED_CORE_SEE_SCALING_SUBSET
mcx_oracle_26,26,QDAO,ALL,NOT_IN_REQUIRED_CORE_SEE_SCALING_SUBSET
mcx_oracle_26,26,QThin,ALL,NOT_IN_REQUIRED_CORE_SEE_SCALING_SUBSET
mcx_oracle_26,26,GBSA reproduction,ALL,NOT_IN_REQUIRED_CORE_SEE_SCALING_SUBSET
