workload_id,family,n,qdao_repetitions,qdao_wall_time_s,qdao_user_cpu_s,qdao_system_cpu_s,qdao_algorithmic_read_bytes,qdao_algorithmic_write_bytes,qdao_proc_read_bytes,qdao_proc_write_bytes,qdao_proc_cancelled_write_bytes,qdao_device_read_bytes,qdao_device_write_bytes,qdao_final_q_physical,qdao_compute_unit_count,qdao_state_traversals,qdao_materialization_event_count,qdao_materialization_bytes_read,qdao_materialization_bytes_written,qdao_sync_time_s,qdao_algorithmic_total_bytes,qdao_proc_total_bytes,qdao_device_total_bytes,qdao_time_min_s,qdao_time_max_s,qdao_time_std_s,qdao_time_cv,qdao_proc_write_minus_cancelled_bytes,qthin_repetitions,qthin_wall_time_s,qthin_user_cpu_s,qthin_system_cpu_s,qthin_algorithmic_read_bytes,qthin_algorithmic_write_bytes,qthin_proc_read_bytes,qthin_proc_write_bytes,qthin_proc_cancelled_write_bytes,qthin_device_read_bytes,qthin_device_write_bytes,qthin_final_q_physical,qthin_compute_unit_count,qthin_state_traversals,qthin_materialization_event_count,qthin_materialization_bytes_read,qthin_materialization_bytes_written,qthin_sync_time_s,qthin_algorithmic_total_bytes,qthin_proc_total_bytes,qthin_device_total_bytes,qthin_time_min_s,qthin_time_max_s,qthin_time_std_s,qthin_time_cv,qthin_proc_write_minus_cancelled_bytes,speedup,algorithmic_traffic_reduction,proc_traffic_reduction,device_traffic_reduction
cdkm_basis_20,cdkm_basis,20,3,1.523887935007224,0.999394,0.187906,50331648.0,67108864.0,0.0,71303168.0,17825792.0,0.0,53796864.0,20.0,48.0,3.0,0.0,0.0,0.0,0.3444014499837067,117440512.0,71303168.0,53796864.0,1.4879177020047791,1.525113442010479,0.021130083625946018,0.013972092024064936,53477376.0,3,0.0935489910189062,0.087138,0.000132,0.0,16.0,0.0,4096.0,0.0,0.0,86016.0,0.0,0.0,0.0,0.0,0.0,0.0,0.0064820949919521,16.0,4096.0,86016.0,0.0928122689947485,0.0952628999948501,0.0012573673301359421,0.013394099392232232,4096.0,16.28973138469497,7340032.0,17408.0,625.4285714285714
cdkm_superposed_20,cdkm_superposed,20,3,1.5342413050238974,1.044866,0.136121,50331648.0,67108864.0,0.0,71303168.0,17825792.0,0.0,53776384.0,20.0,48.0,3.0,0.0,0.0,0.0,0.3572408950130921,117440512.0,71303168.0,53776384.0,1.5237375999859069,1.5456643950019495,0.010966609502237053,0.0071464764671552985,53477376.0,3,1.098595845018281,0.674906,0.112471,16908304.0,33685520.0,0.0,35852288.0,18026496.0,0.0,18132992.0,20.0,33.0,3.0,2.0,131088.0,16908288.0,0.3038096179952845,50593824.0,35852288.0,18132992.0,1.0762007010052912,1.1059377130004575,0.015490509907848548,0.014164978341577183,17825792.0,1.3965475219855463,2.321242055156772,1.9888038386838798,2.9656652360515023
comparator_20,comparator,20,3,2.0080216559872497,1.400972,0.269652,100663296.0,117440512.0,0.0,124780544.0,17825792.0,0.0,107298816.0,20.0,96.0,6.0,0.0,0.0,0.0,0.3603017440182157,218103808.0,124780544.0,107298816.0,1.9872511620051228,2.025355641002534,0.019078049238307984,0.009506341091255234,106954752.0,3,1.3892269879870582,0.8658880000000002,0.1717119999999999,51396624.0,68173840.0,0.0,72945664.0,19468288.0,0.0,53854208.0,20.0,66.0,6.0,3.0,1064976.0,17842176.0,0.3572744510020129,119570464.0,72945664.0,53854208.0,1.364366419002181,1.4108175250003114,0.023244728532228757,0.01674527003591615,53477376.0,1.4454237308597089,1.824060898517547,1.7105957661856366,1.9923942804989352
grover_oracle_20,grover_oracle,20,3,26.6108192599786,22.834705,3.534262,1610612736.0,1627389952.0,12288.0,1729101824.0,17825792.0,12288.0,1713373184.0,20.0,1536.0,96.0,0.0,0.0,0.0,0.3637717680248897,3238002688.0,1729114112.0,1713385472.0,26.596912200009683,26.75621105200844,0.08823104494710468,0.0033101561344552645,1711276032.0,3,21.52330406298279,17.46382,3.662577,1163921424.0,1180698640.0,4096.0,1260457984.0,27856896.0,4096.0,1234972672.0,20.0,1133.0,95.0,4.0,8914960.0,25692160.0,0.3544381949759554,2344620064.0,1260462080.0,1234976768.0,21.24712809600169,21.61308745201677,0.1907268867339487,0.008887067119954052,1232601088.0,1.2363724074198097,1.3810351355928685,1.3718097033113443,1.3873827560131073
hea_20,hea,20,3,2.0208743550174404,1.33607,0.3312609999999999,134217728.0,150994944.0,0.0,160432128.0,17825792.0,0.0,142938112.0,20.0,128.0,8.0,0.0,0.0,0.0,0.3591051549883559,285212672.0,160432128.0,142938112.0,1.964659566001501,2.067683675995795,0.05158356048632425,0.025565028677523687,142606336.0,3,1.133926156006055,0.5603319999999999,0.2218249999999999,53477392.0,70254608.0,0.0,74649600.0,34541568.0,0.0,40439808.0,20.0,67.0,8.0,5.0,15728656.0,32505856.0,0.3449520480062347,123732000.0,74649600.0,40439808.0,1.1245467220142018,1.1358524240204133,0.006048459698192111,0.005345798495997812,40108032.0,1.7821922038869076,2.3050841496136814,2.149135802469136,3.5345892839056012
mcx_oracle_20,mcx_oracle,20,3,22.859289079991868,19.433429,2.918624,1375731712.0,1392508928.0,4096.0,1479540736.0,17825792.0,4096.0,1464504320.0,20.0,1312.0,82.0,0.0,0.0,0.0,0.3601170409820042,2768240640.0,1479544832.0,1464508416.0,22.730106778995832,23.11969016498188,0.19844059001413936,0.008664382027068976,1461714944.0,3,17.215512731985655,14.412192,2.667249,929040400.0,945817616.0,4096.0,1010896896.0,27856896.0,12288.0,985235456.0,20.0,909.0,81.0,4.0,8914960.0,25692160.0,0.3781485520012211,1874858016.0,1010900992.0,985251840.0,17.19212583900662,17.535439044004306,0.19181751250031484,0.011078522180880644,983040000.0,1.3278308602171534,1.476506816183354,1.4635902464323627,1.4864305313045647
qaoa_20,qaoa,20,3,2.108906631998252,1.452681,0.270858,134217728.0,150994944.0,0.0,160432128.0,17825792.0,0.0,142958592.0,20.0,128.0,8.0,0.0,0.0,0.0,0.3844689649995416,285212672.0,160432128.0,142958592.0,2.099063447007211,2.121884921012679,0.011446571191788654,0.005425039527014053,142606336.0,3,1.7512247360136826,1.106801,0.304592,93323280.0,110100496.0,0.0,116985856.0,27856896.0,0.0,89468928.0,20.0,105.0,8.0,3.0,9437200.0,26214400.0,0.3611450340249575,203423776.0,116985856.0,89468928.0,1.7157321530103218,1.794523670017952,0.03946015772590593,0.022499460341876325,89128960.0,1.2042467129597323,1.402061635115848,1.3713805539021744,1.5978574371652245
qft_20,qft,20,3,7.862857019994408,5.562428,2.01021,620756992.0,637534208.0,0.0,677380096.0,17825792.0,0.0,660697088.0,20.0,592.0,37.0,0.0,0.0,0.0,0.375736498972401,1258291200.0,677380096.0,660697088.0,7.811720908008283,8.05624818400247,0.12897585883321228,0.016304850689706687,659554304.0,3,2.7669892240082845,1.84782,0.5280159999999999,100666640.0,117443856.0,0.0,148705280.0,47124480.0,0.0,102002688.0,20.0,134.0,37.0,17.0,16776976.0,33554176.0,0.3388839089893736,218110496.0,148705280.0,102002688.0,2.703386328998022,2.8792803210089915,0.08906300685924894,0.032000003905461226,101580800.0,2.841665212054641,5.769053865248191,4.555185236193362,6.477251736738546
cdkm_basis_22,cdkm_basis,22,3,7.143342046998441,5.011339,1.017376,335544320.0,402653184.0,0.0,427819008.0,71303168.0,0.0,357556224.0,22.0,320.0,5.0,0.0,0.0,0.0,1.1498027539928444,738197504.0,427819008.0,357556224.0,7.104052385024261,7.157302636012901,0.027610881955095024,0.0038698349993928206,356515840.0,3,0.102466850017663,0.095596,0.000257,0.0,16.0,0.0,4096.0,0.0,0.0,483328.0,0.0,0.0,0.0,0.0,0.0,0.0,0.0069689250085502,16.0,4096.0,483328.0,0.1001509880006779,0.1053765800024848,0.0026184141904224416,0.02550449654816853,4096.0,69.7136883369313,46137344.0,104448.0,739.7796610169491
cdkm_superposed_22,cdkm_superposed,22,3,7.346294977993239,5.110535,1.06682,335544320.0,402653184.0,0.0,427819008.0,71303168.0,0.0,358522880.0,22.0,320.0,5.0,0.0,0.0,0.0,1.2365510470117442,738197504.0,427819008.0,358522880.0,7.322388972999761,7.411493049003184,0.04611908841717966,0.0062661302602584614,356515840.0,3,4.692504092992749,2.943758,0.5051840000000001,142639120.0,209747984.0,0.0,223416320.0,80809984.0,0.0,143273984.0,22.0,201.0,5.0,3.0,8421392.0,75530240.0,1.2406991220195778,352387104.0,223416320.0,143273984.0,4.596779398998478,4.704357210022863,0.058986861317337054,0.012645785876619041,142606336.0,1.5655383207791675,2.0948482382601608,1.9148959574663122,2.502358557991938
comparator_22,comparator,22,3,8.57550830100081,6.314801999999999,1.012871,469762048.0,536870912.0,0.0,570425344.0,71303168.0,0.0,500162560.0,22.0,448.0,7.0,0.0,0.0,0.0,1.255508194997674,1006632960.0,570425344.0,500162560.0,8.485991883004317,8.576174821006134,0.051875806253139825,0.0060702625619912815,499122176.0,3,6.017141438002,3.996896,0.909256,268701712.0,335810576.0,4096.0,357109760.0,71897088.0,4096.0,286502912.0,22.0,322.0,7.0,3.0,266256.0,67375104.0,1.1783749110181816,604512288.0,357113856.0,286507008.0,5.798605716001475,6.080908717995044,0.14805354477495777,0.024818079841375077,285212672.0,1.425179778364711,1.6651985079251193,1.597320670749891,1.7457253960084633
grover_oracle_22,grover_oracle,22,3,163.0692289089784,132.308236,28.074996,13153337344.0,13220446208.0,102400.0,14046724096.0,71303168.0,114688.0,13997166592.0,22.0,12544.0,196.0,0.0,0.0,0.0,1.1947869019932114,26373783552.0,14046826496.0,13997785088.0,161.84522304599523,171.93152179798926,5.504117369716754,0.03323434823155149,13975420928.0,3,125.87486047498533,101.636374,21.204032,9618589712.0,9685698576.0,57344.0,10345320448.0,132190208.0,57344.0,10231496704.0,22.0,9238.0,195.0,6.0,53479440.0,120588288.0,1.2268509939895011,19304288288.0,10345381888.0,10231554048.0,124.1367900519981,130.77563685999485,3.4426923793057305,0.027122956779334906,10213130240.0,1.295486869209953,1.3662137219736075,1.3577871409748001,1.368099608557138
hea_22,hea,22,3,9.523362193023786,6.402292,1.877007,738197504.0,805306368.0,4096.0,855638016.0,71303168.0,4096.0,785739776.0,22.0,704.0,11.0,0.0,0.0,0.0,1.2441496929968707,1543503872.0,855642112.0,785739776.0,9.327712569007415,10.036052262003068,0.3658039098754284,0.037989646000906624,784334848.0,3,4.01635690202238,1.9761850000000003,0.7878599999999999,221249552.0,288358416.0,0.0,306384896.0,141496320.0,0.0,165576704.0,22.0,275.0,11.0,7.0,66060304.0,133169152.0,1.2727108039835002,509607968.0,306384896.0,165576704.0,3.994906717009144,4.0291998620086815,0.017325664259854122,0.004316859800406283,164888576.0,2.371144404081328,3.0288063941731775,2.7927033061055333,4.745472986344746
mcx_oracle_22,mcx_oracle,22,3,143.64059634300065,116.389812,25.791024,11676942336.0,11744051200.0,73728.0,12478054400.0,71303168.0,102400.0,12427362304.0,22.0,11136.0,174.0,0.0,0.0,0.0,1.188223786011804,23420993536.0,12478128128.0,12427448320.0,142.67749487099354,144.4107777950121,0.8684290039202105,0.006048554436935492,12406751232.0,3,104.82414269298896,86.090726,17.656809,8142194704.0,8209303568.0,57344.0,8776650752.0,132190208.0,57344.0,8659517440.0,22.0,7830.0,173.0,6.0,53479440.0,120588288.0,1.2556608709855936,16351498272.0,8776708096.0,8659578880.0,104.718680416001,106.12427049299004,0.782851417653562,0.007439971731491099,8644460544.0,1.3703007022313372,1.4323454124143273,1.4217321564661503,1.4351100084903898
qaoa_22,qaoa,22,3,8.667196227004752,6.214823,1.245429,603979776.0,671088640.0,4096.0,713031680.0,71303168.0,4096.0,643100672.0,22.0,576.0,9.0,0.0,0.0,0.0,1.1945956670097075,1275068416.0,713035776.0,643104768.0,8.559557609987678,8.770505972002866,0.10548158348088883,0.012172234795806198,641728512.0,3,7.107718878018204,4.519719,1.317607,412090384.0,479199248.0,0.0,509153280.0,81334272.0,0.0,428933120.0,22.0,457.0,9.0,3.0,9437200.0,76546048.0,1.2164354039996397,891289632.0,509153280.0,428933120.0,7.0680369840119965,9.773333995020948,1.5505757276185859,0.19423398595192062,427819008.0,1.219406166134326,1.4305881839316628,1.4004344153493424,1.4993124522536287
qft_22,qft,22,3,54.97252931701951,35.953402999999994,14.754248,4697620480.0,4764729344.0,28672.0,5062524928.0,71303168.0,28672.0,4999458816.0,22.0,4480.0,70.0,0.0,0.0,0.0,1.1963139819854405,9462349824.0,5062553600.0,4999483392.0,53.22110761399381,81.24768027800019,15.699998998380984,0.24862578918397618,4991221760.0,3,15.22949099499965,9.8804,3.766195,671079696.0,738188560.0,12288.0,966594560.0,188682240.0,12288.0,781086720.0,22.0,739.0,70.0,19.0,67108624.0,134217472.0,1.1040034829929937,1409268256.0,966606848.0,781086720.0,14.743117668986088,16.010238254006254,0.639233899769308,0.041704718777592104,777912320.0,3.6096104154149877,6.714370939467184,5.237448514331237,6.400676472901754
cdkm_basis_24,cdkm_basis,24,3,28.35551473699161,20.479254,3.168253,1342177280.0,1610612736.0,0.0,1711276032.0,285212672.0,0.0,1433387008.0,24.0,1280.0,5.0,0.0,0.0,0.0,4.436828924983274,2952790016.0,1711276032.0,1433387008.0,27.5671115280129,28.46902443500585,0.4912417875940652,0.01746292850723934,1426063360.0,3,0.1150629049807321,0.1033149999999999,0.0,0.0,16.0,0.0,4096.0,0.0,0.0,1306624.0,0.0,0.0,0.0,0.0,0.0,0.0,0.0078759230091236,16.0,4096.0,1306624.0,0.1099338619969785,0.1162728549970779,0.0033653601398799453,0.029583882565397776,4096.0,246.43489351967858,184549376.0,417792.0,1097.0156739811912
cdkm_superposed_24,cdkm_superposed,24,3,28.510004974988988,21.142234,2.931375,1342177280.0,1610612736.0,0.0,1711276032.0,285212672.0,0.0,1435111424.0,24.0,1280.0,5.0,0.0,0.0,0.0,4.518290167005034,2952790016.0,1711276032.0,1435115520.0,28.30286524700932,28.619675674010068,0.1608847288110658,0.005649535330723981,1426063360.0,3,19.438320478977403,12.841326,2.090822,538976272.0,807411728.0,0.0,858853376.0,288428032.0,0.0,576577536.0,24.0,771.0,5.0,3.0,2105360.0,270540800.0,4.549606704997132,1346388000.0,858853376.0,576675840.0,19.27704796398757,19.723464705981318,0.22605455160835186,0.011604674807530505,570425344.0,1.4666907568389274,2.1931196772401416,1.9925124355568697,2.488600042616663
comparator_24,comparator,24,3,40.90221805399051,29.200067,7.196555,2415919104.0,2684354560.0,4096.0,2852126720.0,285212672.0,4096.0,2579808256.0,24.0,2304.0,9.0,0.0,0.0,0.0,4.435069450002629,5100273664.0,2852130816.0,2579816448.0,40.64987003500573,41.32494859499275,0.3411040152054616,0.008327935578786002,2566914048.0,3,25.82489215899841,17.032476999999997,4.489204,1346438160.0,1614873616.0,4096.0,1717866496.0,291803136.0,4096.0,1434570752.0,24.0,1542.0,9.0,4.0,4260880.0,272696320.0,4.406089863012312,2961311776.0,1717870592.0,1434578944.0,24.619175347994315,26.29444285199861,0.8641712881529561,0.03378373977199711,1426063360.0,1.5838291909280469,1.7223021585687976,1.6602710525939313,1.798309154605855
grover_oracle_24,grover_oracle,24,3,668.0437014740019,535.94812,118.980377,52076478464.0,52344913920.0,237568.0,55616471040.0,285212672.0,253952.0,55524614144.0,24.0,49664.0,194.0,0.0,0.0,0.0,4.462724007025827,104421392384.0,55616708608.0,55524868096.0,666.8664051310043,668.3112098999845,0.7686620689738833,0.0011511390119115204,55331258368.0,3,566.726619722991,433.623858,116.731685,41609625936.0,41878061392.0,131072.0,44496490496.0,431116288.0,135168.0,44221333504.0,24.0,39943.0,192.0,6.0,136347856.0,404783296.0,4.50339623799664,83487687328.0,44496621568.0,44221468672.0,558.4272984770068,568.2563263890042,5.288801460364367,0.009369498284182133,44065374208.0,1.1787759357422338,1.250740027972715,1.2499085694181573,1.255608865183554
hea_24,hea,24,3,46.4152601849928,30.836391,10.780422,3758096384.0,4026531840.0,24576.0,4278190080.0,285212672.0,24576.0,4008325120.0,24.0,3584.0,14.0,0.0,0.0,0.0,4.456831232004333,7784628224.0,4278214656.0,4008349696.0,45.65683162800269,47.95907044198248,1.1732339594925727,0.025135132936116127,3992977408.0,3,15.3823681739741,7.767615999999999,3.219799,892338192.0,1160773648.0,0.0,1233326080.0,569315328.0,0.0,669265920.0,24.0,1107.0,14.0,9.0,267386896.0,535822336.0,4.452279847988393,2053111840.0,1233326080.0,669265920.0,15.308930529979987,15.443382031022338,0.06732134931289162,0.004377705550816966,664010752.0,3.0174326644660736,3.7916240471342273,3.468843094601551,5.989173475320542
mcx_oracle_24,mcx_oracle,24,3,578.1489086460206,461.467226,105.524915,44023414784.0,44291850240.0,159744.0,47060090880.0,285212672.0,212992.0,46943084544.0,24.0,41984.0,164.0,0.0,0.0,0.0,4.428250028984621,88315265024.0,47060254720.0,46943260672.0,573.1332817079965,579.6774620090146,3.4234311437792386,0.005933294526719415,46774878208.0,3,465.7507006530068,358.108637,96.780207,33556562256.0,33824997712.0,110592.0,35940110336.0,431116288.0,126976.0,35635425280.0,24.0,32263.0,162.0,6.0,136347856.0,404783296.0,4.454871260997606,67381559968.0,35940225024.0,35635535872.0,464.1886639379954,468.3465090559912,2.100232367671476,0.004506014987179282,35508994048.0,1.2413269756447507,1.3106740934157888,1.3094034522202995,1.3173159747229968
qaoa_24,qaoa,24,3,41.40401303398539,29.871848,6.770749,3221225472.0,3489660928.0,12288.0,3707764736.0,285212672.0,16384.0,3435868160.0,24.0,3072.0,12.0,0.0,0.0,0.0,4.702383040974382,6710886400.0,3707777024.0,3438018560.0,41.13079214899335,41.69190664199414,0.28058921807025344,0.00677606001032012,3422552064.0,3,33.72715006800718,21.735265,7.497523999999999,2224029712.0,2492465168.0,12288.0,2648248320.0,366546944.0,12288.0,2292047872.0,24.0,2377.0,12.0,4.0,76546064.0,344981504.0,4.388052597991191,4716494880.0,2648260608.0,2292047872.0,33.30725971600623,33.796857594978064,0.2648499984625251,0.0078799961166919,2281701376.0,1.2276167108842178,1.4228545923917126,1.400080117794812,1.4999767683735359
qft_24,qft,24,3,244.51151071098863,164.569247,68.59007799999999,21743271936.0,22011707392.0,143360.0,23387439104.0,285212672.0,143360.0,23176265728.0,24.0,20736.0,81.0,0.0,0.0,0.0,4.395649933983805,43754979328.0,23387582464.0,23176409088.0,242.59000757199829,244.58961114301928,1.1325994019564798,0.004643760282477292,23102226432.0,3,65.399812106014,41.45248,18.534833,2952879376.0,3221314832.0,12288.0,4183625728.0,754913280.0,12288.0,3459653632.0,24.0,3109.0,81.0,21.0,268435216.0,536870656.0,4.304960652982118,6174194208.0,4183638016.0,3459661824.0,62.994897150987526,66.56141778299934,1.8190204831300698,0.02799122824321667,3428712448.0,3.738718856173961,7.08675138065887,5.590250010769574,6.699038885021382
