workload_id,representation,family,shape
qasmbench_30f0be9eb50d37ab_0,semantic,arithmetic,never_full
qasmbench_30f0be9eb50d37ab_0,lowered,arithmetic,never_full
qasmbench_89af975627593648_0,semantic,arithmetic,never_full
qasmbench_89af975627593648_0,lowered,arithmetic,never_full
qasmbench_e8ad585e5be09f96_0,semantic,arithmetic,never_full
qasmbench_e8ad585e5be09f96_0,lowered,arithmetic,never_full
qasmbench_18ffaae6478e1b9a_0,semantic,arithmetic,never_full
qasmbench_18ffaae6478e1b9a_0,lowered,arithmetic,never_full
qasmbench_606b3ce2308cf7ca_0,semantic,arithmetic,never_full
qasmbench_606b3ce2308cf7ca_0,lowered,arithmetic,never_full
qasmbench_ec67a182baee4a03_0,semantic,arithmetic,never_full
qasmbench_ec67a182baee4a03_0,lowered,arithmetic,never_full
qasmbench_c98cf8b70ed55423_0,semantic,bernstein_vazirani,intermediate
qasmbench_c98cf8b70ed55423_0,lowered,bernstein_vazirani,intermediate
qasmbench_e80db1204270dc9f_0,semantic,bernstein_vazirani,intermediate
qasmbench_e80db1204270dc9f_0,lowered,bernstein_vazirani,intermediate
qasmbench_a9f50bd7aecba85c_0,semantic,bernstein_vazirani,intermediate
qasmbench_a9f50bd7aecba85c_0,lowered,bernstein_vazirani,intermediate
qasmbench_afd134759fa0eefb_0,semantic,grover_oracle,intermediate
qasmbench_afd134759fa0eefb_0,lowered,grover_oracle,intermediate
qasmbench_c10edc4a40eadf4d_0,semantic,ising,immediate_10pct
qasmbench_c10edc4a40eadf4d_0,lowered,ising,intermediate
qasmbench_ac0dc5f6af55575a_0,semantic,ising,immediate_10pct
qasmbench_ac0dc5f6af55575a_0,lowered,ising,late_after_50pct
qasmbench_c4367870578a74cd_0,semantic,ising,immediate_10pct
qasmbench_c4367870578a74cd_0,lowered,ising,late_after_50pct
qasmbench_28cc7db51ac0ddc7_0,semantic,ising,immediate_10pct
qasmbench_28cc7db51ac0ddc7_0,lowered,ising,late_after_50pct
qasmbench_0ab8129a30be0350_0,semantic,phase_estimation,immediate_10pct
qasmbench_0ab8129a30be0350_0,lowered,phase_estimation,immediate_10pct
qasmbench_fde5eff21c334ef0_0,semantic,qaoa,immediate_10pct
qasmbench_fde5eff21c334ef0_0,lowered,qaoa,intermediate
qasmbench_d7b95967326b6505_0,semantic,qec,late_after_50pct
qasmbench_d7b95967326b6505_0,lowered,qec,late_after_50pct
qasmbench_c33b5a03491bceb2_0,semantic,qec,immediate_10pct
qasmbench_c33b5a03491bceb2_0,lowered,qec,intermediate
qasmbench_62c6c8c7ddd95ac2_0,semantic,qft,late_after_50pct
qasmbench_62c6c8c7ddd95ac2_0,lowered,qft,late_after_50pct
qasmbench_5ed6ee804a706716_0,semantic,qft,late_after_50pct
qasmbench_5ed6ee804a706716_0,lowered,qft,late_after_50pct
qasmbench_e17668cbd88ae908_0,semantic,qft,late_after_50pct
qasmbench_e17668cbd88ae908_0,lowered,qft,late_after_50pct
qasmbench_6fad7f3a11b4f50b_0,semantic,qft,late_after_50pct
qasmbench_6fad7f3a11b4f50b_0,lowered,qft,late_after_50pct
qasmbench_2b22f2a0a013cb91_0,semantic,qram,never_full
qasmbench_2b22f2a0a013cb91_0,lowered,qram,never_full
qasmbench_ce0359edb654e5dd_0,semantic,quantum_ml,immediate_10pct
qasmbench_ce0359edb654e5dd_0,lowered,quantum_ml,immediate_10pct
qasmbench_7f1f342a59a7a915_0,semantic,quantum_ml,intermediate
qasmbench_7f1f342a59a7a915_0,lowered,quantum_ml,intermediate
qasmbench_c194be8740c380fc_0,semantic,quantum_ml,intermediate
qasmbench_c194be8740c380fc_0,lowered,quantum_ml,late_after_50pct
qasmbench_50a5f79da7cbb387_0,semantic,quantum_ml,late_after_50pct
qasmbench_50a5f79da7cbb387_0,lowered,quantum_ml,late_after_50pct
qasmbench_df6c9e37a068afe0_0,semantic,quantum_ml,late_after_50pct
qasmbench_df6c9e37a068afe0_0,lowered,quantum_ml,late_after_50pct
qasmbench_dea93828107b2b17_0,semantic,quantum_walk,intermediate
qasmbench_dea93828107b2b17_0,lowered,quantum_walk,intermediate
qasmbench_45093e91e2bd96bf_0,semantic,random,intermediate
qasmbench_45093e91e2bd96bf_0,lowered,random,intermediate
qasmbench_3cd72f83491b25a3_0,semantic,reversible,never_full
qasmbench_3cd72f83491b25a3_0,lowered,reversible,never_full
qasmbench_5ede0e9d4cdc723a_0,semantic,reversible,never_full
qasmbench_5ede0e9d4cdc723a_0,lowered,reversible,never_full
qasmbench_9077432a88fea0f3_0,semantic,state_preparation,late_after_50pct
qasmbench_9077432a88fea0f3_0,lowered,state_preparation,late_after_50pct
qasmbench_caa882935bb73087_0,semantic,state_preparation,late_after_50pct
qasmbench_caa882935bb73087_0,lowered,state_preparation,late_after_50pct
qasmbench_1f3a1115385d87f6_0,semantic,state_preparation,intermediate
qasmbench_1f3a1115385d87f6_0,lowered,state_preparation,late_after_50pct
qasmbench_a7b6a6a5c8339728_0,semantic,state_preparation,late_after_50pct
qasmbench_a7b6a6a5c8339728_0,lowered,state_preparation,late_after_50pct
qasmbench_27e77c753e2993b3_0,semantic,state_preparation,late_after_50pct
qasmbench_27e77c753e2993b3_0,lowered,state_preparation,late_after_50pct
qasmbench_ecd71063a3bf7e3a_0,semantic,state_preparation,late_after_50pct
qasmbench_ecd71063a3bf7e3a_0,lowered,state_preparation,late_after_50pct
qasmbench_f31c4f2beba87afc_0,semantic,state_preparation,late_after_50pct
qasmbench_f31c4f2beba87afc_0,lowered,state_preparation,late_after_50pct
qasmbench_45649f6f4af12870_0,semantic,swap_test,late_after_50pct
qasmbench_45649f6f4af12870_0,lowered,swap_test,late_after_50pct
qasmbench_1637275b83d889f9_0,semantic,swap_test,late_after_50pct
qasmbench_1637275b83d889f9_0,lowered,swap_test,late_after_50pct
qasmbench_56a7b3389495fb49_0,semantic,unknown,late_after_50pct
qasmbench_56a7b3389495fb49_0,lowered,unknown,late_after_50pct
qasmbench_f362ca9ffd7f045f_0,semantic,unknown,intermediate
qasmbench_f362ca9ffd7f045f_0,lowered,unknown,late_after_50pct
qasmbench_9ead0e7d5f41cb66_0,semantic,unknown,immediate_10pct
qasmbench_9ead0e7d5f41cb66_0,lowered,unknown,immediate_10pct
qasmbench_2519fdb644635c9f_0,semantic,unknown,late_after_50pct
qasmbench_2519fdb644635c9f_0,lowered,unknown,late_after_50pct
qasmbench_44d66b3aaca34692_0,semantic,unknown,late_after_50pct
qasmbench_44d66b3aaca34692_0,lowered,unknown,late_after_50pct
qasmbench_7f5af7d17ec13348_0,semantic,unknown,late_after_50pct
qasmbench_7f5af7d17ec13348_0,lowered,unknown,late_after_50pct
qasmbench_4b4358666bd1091c_0,semantic,unknown,late_after_50pct
qasmbench_4b4358666bd1091c_0,lowered,unknown,late_after_50pct
qasmbench_0b62f07ebd93d7a0_0,semantic,unknown,late_after_50pct
qasmbench_0b62f07ebd93d7a0_0,lowered,unknown,late_after_50pct
qasmbench_df4ced794da7fd4c_0,semantic,vqe,late_after_50pct
qasmbench_df4ced794da7fd4c_0,lowered,vqe,late_after_50pct
qasmbench_f6777e4fdd8eadcb_0,semantic,vqe,intermediate
qasmbench_f6777e4fdd8eadcb_0,lowered,vqe,intermediate
qdao_2c2d2f6c4ae451ed_0,semantic,arithmetic,never_full
qdao_2c2d2f6c4ae451ed_0,lowered,arithmetic,never_full
qdao_697fba7b6720fb11_0,semantic,arithmetic,never_full
qdao_697fba7b6720fb11_0,lowered,arithmetic,never_full
qdao_343e13ffc3b8289f_0,semantic,arithmetic,never_full
qdao_343e13ffc3b8289f_0,lowered,arithmetic,never_full
qdao_cad297122798fb1a_0,semantic,arithmetic,never_full
qdao_cad297122798fb1a_0,lowered,arithmetic,never_full
qdao_9ee275ee40744e64_0,semantic,grover_oracle,intermediate
qdao_9ee275ee40744e64_0,lowered,grover_oracle,intermediate
qdao_2fb62c892669b427_0,semantic,grover_oracle,intermediate
qdao_2fb62c892669b427_0,lowered,grover_oracle,intermediate
qdao_514da6b784fc4935_0,semantic,grover_oracle,intermediate
qdao_514da6b784fc4935_0,lowered,grover_oracle,intermediate
qdao_c505cafec9439f15_0,semantic,grover_oracle,intermediate
qdao_c505cafec9439f15_0,lowered,grover_oracle,intermediate
qdao_c185321108d37ad4_0,semantic,hidden_linear_function,intermediate
qdao_c185321108d37ad4_0,lowered,hidden_linear_function,late_after_50pct
qdao_a2fc8598a1183e86_0,semantic,hidden_linear_function,intermediate
qdao_a2fc8598a1183e86_0,lowered,hidden_linear_function,late_after_50pct
qdao_ca61498a8a0b6464_0,semantic,hidden_linear_function,intermediate
qdao_ca61498a8a0b6464_0,lowered,hidden_linear_function,late_after_50pct
qdao_080d8fefef4e8ec6_0,semantic,hidden_linear_function,intermediate
qdao_080d8fefef4e8ec6_0,lowered,hidden_linear_function,late_after_50pct
qdao_71554d5712174071_0,semantic,iqp,late_after_50pct
qdao_71554d5712174071_0,lowered,iqp,late_after_50pct
qdao_8997d0434cc5b186_0,semantic,iqp,late_after_50pct
qdao_8997d0434cc5b186_0,lowered,iqp,late_after_50pct
qdao_693fb492fc348426_0,semantic,iqp,late_after_50pct
qdao_693fb492fc348426_0,lowered,iqp,late_after_50pct
qdao_6869fe31a1fb9b02_0,semantic,iqp,late_after_50pct
qdao_6869fe31a1fb9b02_0,lowered,iqp,late_after_50pct
qdao_5eee812f4d3f4ece_0,semantic,qft,late_after_50pct
qdao_5eee812f4d3f4ece_0,lowered,qft,late_after_50pct
qdao_e614aae2504083a2_0,semantic,qft,late_after_50pct
qdao_e614aae2504083a2_0,lowered,qft,late_after_50pct
qdao_cc0b56cb48e9a0fa_0,semantic,qft,late_after_50pct
qdao_cc0b56cb48e9a0fa_0,lowered,qft,late_after_50pct
qdao_6bb5483bb97a9036_0,semantic,qft,late_after_50pct
qdao_6bb5483bb97a9036_0,lowered,qft,late_after_50pct
qdao_37b0da10d1dac290_0,semantic,qft,late_after_50pct
qdao_37b0da10d1dac290_0,lowered,qft,late_after_50pct
qdao_5e90cda6bec14320_0,semantic,quantum_ml,late_after_50pct
qdao_5e90cda6bec14320_0,lowered,quantum_ml,late_after_50pct
qdao_e409d072248e0f48_0,semantic,quantum_ml,late_after_50pct
qdao_e409d072248e0f48_0,lowered,quantum_ml,late_after_50pct
qdao_73296ffb1575473c_0,semantic,quantum_ml,late_after_50pct
qdao_73296ffb1575473c_0,lowered,quantum_ml,late_after_50pct
qdao_aad48beea6622d6a_0,semantic,quantum_ml,late_after_50pct
qdao_aad48beea6622d6a_0,lowered,quantum_ml,late_after_50pct
qdao_82574df9d8664660_0,semantic,random,never_full
qdao_82574df9d8664660_0,lowered,random,never_full
qdao_8d9a3995f86fcdab_0,semantic,random,never_full
qdao_8d9a3995f86fcdab_0,lowered,random,never_full
qdao_0e5cb99cc94b9f28_0,semantic,random,late_after_50pct
qdao_0e5cb99cc94b9f28_0,lowered,random,late_after_50pct
qdao_4447087f773cc0bd_0,semantic,random,late_after_50pct
qdao_4447087f773cc0bd_0,lowered,random,late_after_50pct
qdao_df0ba413d7169328_0,semantic,random,late_after_50pct
qdao_df0ba413d7169328_0,lowered,random,late_after_50pct
qdao_f582b0405134801e_0,semantic,random,intermediate
qdao_f582b0405134801e_0,lowered,random,intermediate
qdao_28eeaba589be4b5a_0,semantic,random,late_after_50pct
qdao_28eeaba589be4b5a_0,lowered,random,late_after_50pct
qdao_4843a3acf8f5e7f7_0,semantic,random,late_after_50pct
qdao_4843a3acf8f5e7f7_0,lowered,random,late_after_50pct
qdao_b55d2dd9bf5b66fa_0,semantic,state_preparation,late_after_50pct
qdao_b55d2dd9bf5b66fa_0,lowered,state_preparation,late_after_50pct
qdao_8001255ee7284350_0,semantic,state_preparation,late_after_50pct
qdao_8001255ee7284350_0,lowered,state_preparation,late_after_50pct
qdao_02308f38e354ada8_0,semantic,state_preparation,late_after_50pct
qdao_02308f38e354ada8_0,lowered,state_preparation,late_after_50pct
qdao_7bc65596232c0019_0,semantic,state_preparation,intermediate
qdao_7bc65596232c0019_0,lowered,state_preparation,late_after_50pct
qdao_575d11549404487f_0,semantic,unknown,late_after_50pct
qdao_575d11549404487f_0,lowered,unknown,late_after_50pct
qdao_676f0ac76ce96ae9_0,semantic,unknown,immediate_10pct
qdao_676f0ac76ce96ae9_0,lowered,unknown,immediate_10pct
qdao_14c008c4fa7c220d_0,semantic,unknown,late_after_50pct
qdao_14c008c4fa7c220d_0,lowered,unknown,late_after_50pct
qdao_822e275e5ae2169f_0,semantic,unknown,immediate_10pct
qdao_822e275e5ae2169f_0,lowered,unknown,late_after_50pct
qdao_1d096d227f7a0f3b_0,semantic,unknown,immediate_10pct
qdao_1d096d227f7a0f3b_0,lowered,unknown,late_after_50pct
qdao_b43bda71670e1602_0,semantic,unknown,immediate_10pct
qdao_b43bda71670e1602_0,lowered,unknown,late_after_50pct
qdao_8bb3ef63c6970a72_0,semantic,unknown,immediate_10pct
qdao_8bb3ef63c6970a72_0,lowered,unknown,intermediate
qdao_6f0a33e9cac0d6f1_0,semantic,unknown,immediate_10pct
qdao_6f0a33e9cac0d6f1_0,lowered,unknown,intermediate
qdao_f4051593af7e5334_0,semantic,unknown,immediate_10pct
qdao_f4051593af7e5334_0,lowered,unknown,intermediate
qdao_a4e58f31f6a7ebf7_0,semantic,unknown,immediate_10pct
qdao_a4e58f31f6a7ebf7_0,lowered,unknown,intermediate
qdao_c9d98aa765b45c19_0,semantic,vqe,late_after_50pct
qdao_c9d98aa765b45c19_0,lowered,vqe,late_after_50pct
qdao_0deb77367bb9d202_0,semantic,vqe,late_after_50pct
qdao_0deb77367bb9d202_0,lowered,vqe,late_after_50pct
qdao_fa0375829ee1a66b_0,semantic,vqe,late_after_50pct
qdao_fa0375829ee1a66b_0,lowered,vqe,late_after_50pct
qdao_be520119198510ea_0,semantic,vqe,late_after_50pct
qdao_be520119198510ea_0,lowered,vqe,late_after_50pct
veriq_44fa76f0e4837dda_0,semantic,arithmetic,never_full
veriq_44fa76f0e4837dda_0,lowered,arithmetic,never_full
veriq_e78d9b6fe9cbf8b9_0,semantic,arithmetic,never_full
veriq_e78d9b6fe9cbf8b9_0,lowered,arithmetic,never_full
veriq_85da24b927ead997_0,semantic,arithmetic,never_full
veriq_85da24b927ead997_0,lowered,arithmetic,never_full
veriq_22d95e30a2d7554c_0,semantic,arithmetic,never_full
veriq_22d95e30a2d7554c_0,lowered,arithmetic,never_full
veriq_3f7dcb90b2601f3a_0,semantic,arithmetic,never_full
veriq_3f7dcb90b2601f3a_0,lowered,arithmetic,never_full
veriq_287d2130ef74ad48_0,semantic,arithmetic,never_full
veriq_287d2130ef74ad48_0,lowered,arithmetic,never_full
veriq_c3e311dd1776b305_0,semantic,arithmetic,never_full
veriq_c3e311dd1776b305_0,lowered,arithmetic,never_full
veriq_9484132c349abab7_0,semantic,arithmetic,never_full
veriq_9484132c349abab7_0,lowered,arithmetic,never_full
veriq_b8801f07a2b9b4dc_0,semantic,arithmetic,never_full
veriq_b8801f07a2b9b4dc_0,lowered,arithmetic,never_full
veriq_bbd6c58d57912b05_0,semantic,arithmetic,never_full
veriq_bbd6c58d57912b05_0,lowered,arithmetic,never_full
veriq_fe0a1dc62ae636e6_0,semantic,arithmetic,never_full
veriq_fe0a1dc62ae636e6_0,lowered,arithmetic,never_full
veriq_82d67bf24d16b4cd_0,semantic,arithmetic,never_full
veriq_82d67bf24d16b4cd_0,lowered,arithmetic,never_full
veriq_fba59b56e8cd8db6_0,semantic,bernstein_vazirani,intermediate
veriq_fba59b56e8cd8db6_0,lowered,bernstein_vazirani,intermediate
veriq_9bebe62cd8cb1e6b_0,semantic,bernstein_vazirani,intermediate
veriq_9bebe62cd8cb1e6b_0,lowered,bernstein_vazirani,intermediate
veriq_d9571c914fc607f3_0,semantic,bernstein_vazirani,intermediate
veriq_d9571c914fc607f3_0,lowered,bernstein_vazirani,intermediate
veriq_595dd51f1efbe477_0,semantic,bernstein_vazirani,intermediate
veriq_595dd51f1efbe477_0,lowered,bernstein_vazirani,intermediate
veriq_d182a39c63e02d2f_0,semantic,bernstein_vazirani,intermediate
veriq_d182a39c63e02d2f_0,lowered,bernstein_vazirani,intermediate
veriq_de5257553ae46ac2_0,semantic,bernstein_vazirani,intermediate
veriq_de5257553ae46ac2_0,lowered,bernstein_vazirani,intermediate
veriq_3575a0cf156a5f5d_0,semantic,bernstein_vazirani,intermediate
veriq_3575a0cf156a5f5d_0,lowered,bernstein_vazirani,intermediate
veriq_6d406e6d174d184f_0,semantic,bernstein_vazirani,intermediate
veriq_6d406e6d174d184f_0,lowered,bernstein_vazirani,intermediate
veriq_d745416e1e1a62da_0,semantic,bernstein_vazirani,intermediate
veriq_d745416e1e1a62da_0,lowered,bernstein_vazirani,intermediate
veriq_1c04365787069bba_0,semantic,bernstein_vazirani,intermediate
veriq_1c04365787069bba_0,lowered,bernstein_vazirani,intermediate
veriq_43928378d83d41ad_0,semantic,bernstein_vazirani,intermediate
veriq_43928378d83d41ad_0,lowered,bernstein_vazirani,intermediate
veriq_888eb67829875efb_0,semantic,bernstein_vazirani,intermediate
veriq_888eb67829875efb_0,lowered,bernstein_vazirani,intermediate
veriq_d03b8aa69d109a46_0,semantic,clifford,late_after_50pct
veriq_d03b8aa69d109a46_0,lowered,clifford,late_after_50pct
veriq_c245fb5cc9505fe0_0,semantic,clifford,late_after_50pct
veriq_c245fb5cc9505fe0_0,lowered,clifford,late_after_50pct
veriq_c0b2a899a96fea1a_0,semantic,clifford,intermediate
veriq_c0b2a899a96fea1a_0,lowered,clifford,intermediate
veriq_74993ad0c9a479a9_0,semantic,clifford,late_after_50pct
veriq_74993ad0c9a479a9_0,lowered,clifford,intermediate
veriq_89f085f900aa9644_0,semantic,grover_oracle,intermediate
veriq_89f085f900aa9644_0,lowered,grover_oracle,intermediate
veriq_ace41440241ebf83_0,semantic,grover_oracle,intermediate
veriq_ace41440241ebf83_0,lowered,grover_oracle,intermediate
veriq_cef742b4aeaf9347_0,semantic,grover_oracle,intermediate
veriq_cef742b4aeaf9347_0,lowered,grover_oracle,intermediate
veriq_4ec89c1f3bf26994_0,semantic,grover_oracle,intermediate
veriq_4ec89c1f3bf26994_0,lowered,grover_oracle,intermediate
veriq_0caebc7c834b7881_0,semantic,grover_oracle,intermediate
veriq_0caebc7c834b7881_0,lowered,grover_oracle,intermediate
veriq_851f3d8de7f08057_0,semantic,grover_oracle,intermediate
veriq_851f3d8de7f08057_0,lowered,grover_oracle,intermediate
veriq_caf4f6fd0033a07b_0,semantic,grover_oracle,intermediate
veriq_caf4f6fd0033a07b_0,lowered,grover_oracle,intermediate
veriq_02bc74969fc74548_0,semantic,grover_oracle,intermediate
veriq_02bc74969fc74548_0,lowered,grover_oracle,intermediate
veriq_f66877b01090da09_0,semantic,grover_oracle,intermediate
veriq_f66877b01090da09_0,lowered,grover_oracle,intermediate
veriq_643727ab8e80e611_0,semantic,grover_oracle,intermediate
veriq_643727ab8e80e611_0,lowered,grover_oracle,intermediate
veriq_239e79e1472bf67a_0,semantic,grover_oracle,intermediate
veriq_239e79e1472bf67a_0,lowered,grover_oracle,intermediate
veriq_58c13af32fc14a5a_0,semantic,grover_oracle,intermediate
veriq_58c13af32fc14a5a_0,lowered,grover_oracle,intermediate
veriq_d9aba3a52316de2b_0,semantic,hea,late_after_50pct
veriq_d9aba3a52316de2b_0,lowered,hea,late_after_50pct
veriq_4e6b618cc37d3c85_0,semantic,hea,late_after_50pct
veriq_4e6b618cc37d3c85_0,lowered,hea,late_after_50pct
veriq_e223bfc88d36f3a2_0,semantic,hea,late_after_50pct
veriq_e223bfc88d36f3a2_0,lowered,hea,late_after_50pct
veriq_12b301cee566e433_0,semantic,hea,late_after_50pct
veriq_12b301cee566e433_0,lowered,hea,late_after_50pct
veriq_d49832581b08fd02_0,semantic,mapping,never_full
veriq_d49832581b08fd02_0,lowered,mapping,never_full
veriq_5bce743d80c5da5b_0,semantic,mapping,never_full
veriq_5bce743d80c5da5b_0,lowered,mapping,never_full
veriq_8ebbeed28a0616e7_0,semantic,mapping,never_full
veriq_8ebbeed28a0616e7_0,lowered,mapping,never_full
veriq_909a351ce58a299d_0,semantic,mapping,never_full
veriq_909a351ce58a299d_0,lowered,mapping,never_full
veriq_9cffa3addee84fc2_0,semantic,mapping,never_full
veriq_9cffa3addee84fc2_0,lowered,mapping,never_full
veriq_c89018c96958b8fe_0,semantic,mapping,never_full
veriq_c89018c96958b8fe_0,lowered,mapping,never_full
veriq_a818867739b41d78_0,semantic,mapping,never_full
veriq_a818867739b41d78_0,lowered,mapping,never_full
veriq_cdb7b06510c368a3_0,semantic,mapping,never_full
veriq_cdb7b06510c368a3_0,lowered,mapping,never_full
veriq_7d2f63fd4b551b61_0,semantic,mapping,never_full
veriq_7d2f63fd4b551b61_0,lowered,mapping,never_full
veriq_ae0fc1682d42ed13_0,semantic,mapping,never_full
veriq_ae0fc1682d42ed13_0,lowered,mapping,never_full
veriq_1053a56203dbdc0f_0,semantic,mapping,never_full
veriq_1053a56203dbdc0f_0,lowered,mapping,never_full
veriq_f310e075c8212c19_0,semantic,mapping,never_full
veriq_f310e075c8212c19_0,lowered,mapping,never_full
veriq_7a121e1055b05cae_0,semantic,phase_estimation,never_full
veriq_7a121e1055b05cae_0,lowered,phase_estimation,never_full
veriq_7f7e1dfa7d5fc0b7_0,semantic,phase_estimation,never_full
veriq_7f7e1dfa7d5fc0b7_0,lowered,phase_estimation,never_full
veriq_fd197b825ed78319_0,semantic,phase_estimation,never_full
veriq_fd197b825ed78319_0,lowered,phase_estimation,never_full
veriq_8d4bc9481cb5f5b7_0,semantic,phase_estimation,never_full
veriq_8d4bc9481cb5f5b7_0,lowered,phase_estimation,never_full
veriq_5e086a7c02c33f07_0,semantic,phase_estimation,never_full
veriq_5e086a7c02c33f07_0,lowered,phase_estimation,never_full
veriq_c7e3262928d1680a_0,semantic,phase_estimation,never_full
veriq_c7e3262928d1680a_0,lowered,phase_estimation,never_full
veriq_0e7f38fafadda78f_0,semantic,qaoa,immediate_10pct
veriq_0e7f38fafadda78f_0,lowered,qaoa,late_after_50pct
veriq_7ea21e4c999454e6_0,semantic,qaoa,immediate_10pct
veriq_7ea21e4c999454e6_0,lowered,qaoa,late_after_50pct
veriq_932cad109a4493e9_0,semantic,qaoa,immediate_10pct
veriq_932cad109a4493e9_0,lowered,qaoa,late_after_50pct
veriq_4892d365ac4839c5_0,semantic,qaoa,immediate_10pct
veriq_4892d365ac4839c5_0,lowered,qaoa,late_after_50pct
veriq_5b3c3d4a683ce73b_0,semantic,qaoa,immediate_10pct
veriq_5b3c3d4a683ce73b_0,lowered,qaoa,late_after_50pct
veriq_1e3f14dad487dc42_0,semantic,qaoa,immediate_10pct
veriq_1e3f14dad487dc42_0,lowered,qaoa,late_after_50pct
veriq_8b22a3d4354f5421_0,semantic,qaoa,immediate_10pct
veriq_8b22a3d4354f5421_0,lowered,qaoa,late_after_50pct
veriq_254bb23b86da5e75_0,semantic,qaoa,immediate_10pct
veriq_254bb23b86da5e75_0,lowered,qaoa,late_after_50pct
veriq_854377329d47a830_0,semantic,qaoa,immediate_10pct
veriq_854377329d47a830_0,lowered,qaoa,late_after_50pct
veriq_f9ef83fd86adbf9f_0,semantic,qaoa,immediate_10pct
veriq_f9ef83fd86adbf9f_0,lowered,qaoa,late_after_50pct
veriq_a1228d330763b051_0,semantic,qaoa,immediate_10pct
veriq_a1228d330763b051_0,lowered,qaoa,late_after_50pct
veriq_ed6b79f6949a84a0_0,semantic,qft,late_after_50pct
veriq_ed6b79f6949a84a0_0,lowered,qft,late_after_50pct
veriq_378630179d722f74_0,semantic,qft,late_after_50pct
veriq_378630179d722f74_0,lowered,qft,late_after_50pct
veriq_5e16a094a742e96c_0,semantic,qft,late_after_50pct
veriq_5e16a094a742e96c_0,lowered,qft,late_after_50pct
veriq_14e976ebb36acde9_0,semantic,qft,late_after_50pct
veriq_14e976ebb36acde9_0,lowered,qft,late_after_50pct
veriq_d89dfd6b11cd9d5c_0,semantic,qft,late_after_50pct
veriq_d89dfd6b11cd9d5c_0,lowered,qft,late_after_50pct
veriq_ed800c398368239b_0,semantic,qft,late_after_50pct
veriq_ed800c398368239b_0,lowered,qft,late_after_50pct
veriq_ccaffaea9dbd4720_0,semantic,qft,late_after_50pct
veriq_ccaffaea9dbd4720_0,lowered,qft,late_after_50pct
veriq_f15730ab684b063f_0,semantic,random,immediate_10pct
veriq_f15730ab684b063f_0,lowered,random,immediate_10pct
veriq_b17d038b8a975453_0,semantic,random,intermediate
veriq_b17d038b8a975453_0,lowered,random,intermediate
veriq_432cb422b580b73f_0,semantic,random,immediate_10pct
veriq_432cb422b580b73f_0,lowered,random,intermediate
veriq_0d48acb0a2cb40d7_0,semantic,random,intermediate
veriq_0d48acb0a2cb40d7_0,lowered,random,late_after_50pct
veriq_4a16f6e4beb78709_0,semantic,random,immediate_10pct
veriq_4a16f6e4beb78709_0,lowered,random,immediate_10pct
veriq_35446be94f506751_0,semantic,random,immediate_10pct
veriq_35446be94f506751_0,lowered,random,intermediate
veriq_582c218e88ed448c_0,semantic,random,immediate_10pct
veriq_582c218e88ed448c_0,lowered,random,intermediate
veriq_bcc9faaaa845cf45_0,semantic,random,immediate_10pct
veriq_bcc9faaaa845cf45_0,lowered,random,intermediate
veriq_994399d8aa283b43_0,semantic,reversible,never_full
veriq_994399d8aa283b43_0,lowered,reversible,never_full
veriq_bba9435f26e33dab_0,semantic,reversible,never_full
veriq_bba9435f26e33dab_0,lowered,reversible,late_after_50pct
veriq_8f158bf7bbdc0024_0,semantic,reversible,never_full
veriq_8f158bf7bbdc0024_0,lowered,reversible,intermediate
veriq_f89948a1859e3d94_0,semantic,reversible,never_full
veriq_f89948a1859e3d94_0,lowered,reversible,never_full
veriq_669dd2eda7e5efa3_0,semantic,reversible,immediate_10pct
veriq_669dd2eda7e5efa3_0,lowered,reversible,immediate_10pct
veriq_24a439a2639e1cb7_0,semantic,reversible,immediate_10pct
veriq_24a439a2639e1cb7_0,lowered,reversible,immediate_10pct
veriq_e7bac99e6acfa4fc_0,semantic,reversible,immediate_10pct
veriq_e7bac99e6acfa4fc_0,lowered,reversible,immediate_10pct
veriq_a21938288fc131d0_0,semantic,reversible,never_full
veriq_a21938288fc131d0_0,lowered,reversible,never_full
veriq_4863c09f5501995c_0,semantic,reversible,never_full
veriq_4863c09f5501995c_0,lowered,reversible,never_full
veriq_cbda8d7badbf32c6_0,semantic,reversible,never_full
veriq_cbda8d7badbf32c6_0,lowered,reversible,never_full
veriq_173d272bf1c4ac9b_0,semantic,reversible,never_full
veriq_173d272bf1c4ac9b_0,lowered,reversible,never_full
veriq_1ad74a6b385762f2_0,semantic,reversible,never_full
veriq_1ad74a6b385762f2_0,lowered,reversible,never_full
veriq_b8b63d8ef94cadb3_0,semantic,reversible,never_full
veriq_b8b63d8ef94cadb3_0,lowered,reversible,never_full
veriq_db8adbea09057360_0,semantic,reversible,never_full
veriq_db8adbea09057360_0,lowered,reversible,never_full
veriq_2fa05f4d077098e7_0,semantic,reversible,never_full
veriq_2fa05f4d077098e7_0,lowered,reversible,never_full
veriq_e5a4638d60970fa7_0,semantic,unknown,immediate_10pct
veriq_e5a4638d60970fa7_0,lowered,unknown,late_after_50pct
veriq_ae512ee3bfcece87_0,semantic,unknown,immediate_10pct
veriq_ae512ee3bfcece87_0,lowered,unknown,late_after_50pct
veriq_b65fc58597a8fdba_0,semantic,vqe,intermediate
veriq_b65fc58597a8fdba_0,lowered,vqe,intermediate
veriq_04d344f02e13a87e_0,semantic,vqe,late_after_50pct
veriq_04d344f02e13a87e_0,lowered,vqe,late_after_50pct
veriq_9159af3d6b2d74e0_0,semantic,vqe,late_after_50pct
veriq_9159af3d6b2d74e0_0,lowered,vqe,late_after_50pct
veriq_8aba5a7b2b75521f_0,semantic,vqe,intermediate
veriq_8aba5a7b2b75521f_0,lowered,vqe,intermediate
