workload_id,source,source_path,source_sha256,family,synthetic_control,generator,input_path,circuit_index,error_type,error_message,unsupported_dynamic
qasmbench_601bbadb96700150_0,qasmbench,medium/square_root_n18/square_root_n18.qasm,601bbadb967001504c15a00bc6740e7b91f4f125343af0bb2c3166f51515b650,arithmetic,False,,/home/audrey/code_and_papers/2026/FAST2027/final/hilbert_thin_provisioning/external/QASMBench/medium/square_root_n18/square_root_n18.qasm,0,UnsupportedDynamic,Nonunitary/dynamic operation: reset,True
qasmbench_1ab43276437fe600_0,qasmbench,large/square_root_n45/square_root_n45.qasm,1ab43276437fe6002f2464cbb8756e30a7a7f8d57b84c5df990b39fadf8f8cc6,arithmetic,False,,/home/audrey/code_and_papers/2026/FAST2027/final/hilbert_thin_provisioning/external/QASMBench/large/square_root_n45/square_root_n45.qasm,0,UnsupportedDynamic,Nonunitary/dynamic operation: reset,True
qasmbench_78a11d6fadec00a0_0,qasmbench,small/ipea_n2/ipea_n2.qasm,78a11d6fadec00a0a119d9e40641124a40fd8b4eebacfb36e81ed525775e4ee8,phase_estimation,False,,/home/audrey/code_and_papers/2026/FAST2027/final/hilbert_thin_provisioning/external/QASMBench/small/ipea_n2/ipea_n2.qasm,0,UnsupportedDynamic,Nonunitary/dynamic operation: measure,True
qasmbench_4dc17a12b187cc3c_0,qasmbench,small/qaoa_n3/qaoa_n3.qasm,4dc17a12b187cc3cf02962cf023a36de4cc48ed3923343ab9ef84e3daf89f5c7,qaoa,False,,/home/audrey/code_and_papers/2026/FAST2027/final/hilbert_thin_provisioning/external/QASMBench/small/qaoa_n3/qaoa_n3.qasm,0,UnsupportedDynamic,Nonunitary/dynamic operation: measure,True
qasmbench_dcf8d069188a5cf9_0,qasmbench,small/qec_sm_n5/qec_sm_n5.qasm,dcf8d069188a5cf96a04aaaed23ff6f78e3663523c429609676e066a90332598,qec,False,,/home/audrey/code_and_papers/2026/FAST2027/final/hilbert_thin_provisioning/external/QASMBench/small/qec_sm_n5/qec_sm_n5.qasm,0,UnsupportedDynamic,Nonunitary/dynamic operation: measure,True
qasmbench_27399092d22b1605_0,qasmbench,medium/qec9xz_n17/qec9xz_n17.qasm,27399092d22b16052641827cf12c87f524342ec308d8a2f6589a2d9f815682d3,qec,False,,/home/audrey/code_and_papers/2026/FAST2027/final/hilbert_thin_provisioning/external/QASMBench/medium/qec9xz_n17/qec9xz_n17.qasm,0,UnsupportedDynamic,Nonunitary/dynamic operation: measure,True
qasmbench_2b950bb566ea5479_0,qasmbench,small/inverseqft_n4/inverseqft_n4.qasm,2b950bb566ea547918adcea27b13defb3ad31fb10bf3b4ccb25d51e91b5527b1,qft,False,,/home/audrey/code_and_papers/2026/FAST2027/final/hilbert_thin_provisioning/external/QASMBench/small/inverseqft_n4/inverseqft_n4.qasm,0,UnsupportedDynamic,Nonunitary/dynamic operation: measure,True
qasmbench_32cb8b0b9a82ab79_0,qasmbench,small/bb84_n8/bb84_n8.qasm,32cb8b0b9a82ab794e99a69e24cce92fd313f37a4725cc61be2f1d761df4fd82,unknown,False,,/home/audrey/code_and_papers/2026/FAST2027/final/hilbert_thin_provisioning/external/QASMBench/small/bb84_n8/bb84_n8.qasm,0,UnsupportedDynamic,Nonunitary/dynamic operation: measure,True
qasmbench_46a3b2997c7aa44c_0,qasmbench,medium/qf21_n15/qf21_n15.qasm,46a3b2997c7aa44c97396a55cd4f0c71004cce4fbb52bee55b4c8ffe4fc8c7f3,unknown,False,,/home/audrey/code_and_papers/2026/FAST2027/final/hilbert_thin_provisioning/external/QASMBench/medium/qf21_n15/qf21_n15.qasm,0,UnsupportedDynamic,Nonunitary/dynamic operation: measure,True
qasmbench_0f67ec718f5663c1_0,qasmbench,large/cc_n32/cc_n32.qasm,0f67ec718f5663c1e55bbfc5ad930418266151bfa4bbe5b77d67529c22e7051a,unknown,False,,/home/audrey/code_and_papers/2026/FAST2027/final/hilbert_thin_provisioning/external/QASMBench/large/cc_n32/cc_n32.qasm,0,UnsupportedDynamic,Nonunitary/dynamic operation: measure,True
qasmbench_eb67f8cf6f308aed_0,qasmbench,large/cc_n64/cc_n64.qasm,eb67f8cf6f308aed40b78eb84561f07cdc5987e4ec1eba8e1a9b37f8f40185cb,unknown,False,,/home/audrey/code_and_papers/2026/FAST2027/final/hilbert_thin_provisioning/external/QASMBench/large/cc_n64/cc_n64.qasm,0,UnsupportedDynamic,Nonunitary/dynamic operation: measure,True
qdao_8001ec9967912f6c_0,qdao,benchmarks/qasm/for_qvm_test_shor_n5.qasm,8001ec9967912f6c15648b37d3cd2bd3cdd2f683a9367424709c7eb0145ab04b,factoring,False,,/home/audrey/code_and_papers/2026/FAST2027/final/hilbert_thin_provisioning/external/qcs/benchmarks/qasm/for_qvm_test_shor_n5.qasm,0,UnsupportedDynamic,Nonunitary/dynamic operation: measure,True
qdao_e4dace5c3769f934_0,qdao,benchmarks/qasm/shor_n5.qasm,e4dace5c3769f934e9c94786e9e12e5b2106960792a0812816cce36bc3b1a615,factoring,False,,/home/audrey/code_and_papers/2026/FAST2027/final/hilbert_thin_provisioning/external/qcs/benchmarks/qasm/shor_n5.qasm,0,UnsupportedDynamic,Nonunitary/dynamic operation: measure,True
veriq_9cf5e856627326c1_0,veriq,dynamic/pe/dqc_pe_7.qasm,9cf5e856627326c142039e137e2b4c6081d08733df535884e1b7c20541058ec1,phase_estimation,False,,/home/audrey/code_and_papers/2026/FAST2027/final/hilbert_thin_provisioning/external/veriq-benchmark/dynamic/pe/dqc_pe_7.qasm,0,UnsupportedDynamic,Nonunitary/dynamic operation: measure,True
veriq_03821b9ab83191bd_0,veriq,dynamic/pe/dqc_pe_18.qasm,03821b9ab83191bdeca0e677dff63584c1d4f882afbbb104d6f922341a098655,phase_estimation,False,,/home/audrey/code_and_papers/2026/FAST2027/final/hilbert_thin_provisioning/external/veriq-benchmark/dynamic/pe/dqc_pe_18.qasm,0,UnsupportedDynamic,Nonunitary/dynamic operation: measure,True
veriq_e51375b1cc76a535_0,veriq,dynamic/pe/dqc_pe_25.qasm,e51375b1cc76a53547cb60701a9c57d2b8782d95766ed7720868d098cadb1fa7,phase_estimation,False,,/home/audrey/code_and_papers/2026/FAST2027/final/hilbert_thin_provisioning/external/veriq-benchmark/dynamic/pe/dqc_pe_25.qasm,0,UnsupportedDynamic,Nonunitary/dynamic operation: measure,True
veriq_81dbb134d527375f_0,veriq,dynamic/pe/dqc_pe_32.qasm,81dbb134d527375f537f15c0a5c5fe0fcabd030e6f1ab77d5e8b9383d555abf8,phase_estimation,False,,/home/audrey/code_and_papers/2026/FAST2027/final/hilbert_thin_provisioning/external/veriq-benchmark/dynamic/pe/dqc_pe_32.qasm,0,UnsupportedDynamic,Nonunitary/dynamic operation: measure,True
veriq_c519dd24e733ebb1_0,veriq,dynamic/pe/dqc_pe_39.qasm,c519dd24e733ebb135c3c6bb6d155412d09a31b189d57216fa43707b00673097,phase_estimation,False,,/home/audrey/code_and_papers/2026/FAST2027/final/hilbert_thin_provisioning/external/veriq-benchmark/dynamic/pe/dqc_pe_39.qasm,0,UnsupportedDynamic,Nonunitary/dynamic operation: measure,True
veriq_af9acea8a2589cba_0,veriq,dynamic/pe/dqc_pe_40.qasm,af9acea8a2589cbac10851fb74c3f82cacfad4186e452bd533cec679d00b0438,phase_estimation,False,,/home/audrey/code_and_papers/2026/FAST2027/final/hilbert_thin_provisioning/external/veriq-benchmark/dynamic/pe/dqc_pe_40.qasm,0,UnsupportedDynamic,Nonunitary/dynamic operation: measure,True
veriq_325e56308e1c4435_0,veriq,dynamic/pe/dqc_pe_42.qasm,325e56308e1c44352038f085802808f7adef09e28ea469e45396b45cd5bb2c66,phase_estimation,False,,/home/audrey/code_and_papers/2026/FAST2027/final/hilbert_thin_provisioning/external/veriq-benchmark/dynamic/pe/dqc_pe_42.qasm,0,UnsupportedDynamic,Nonunitary/dynamic operation: measure,True
veriq_a5fdcc329e64888d_0,veriq,dynamic/pe/dqc_pe_49.qasm,a5fdcc329e64888dcf592a24059b0878764654414bbbdb6667082b00545789b4,phase_estimation,False,,/home/audrey/code_and_papers/2026/FAST2027/final/hilbert_thin_provisioning/external/veriq-benchmark/dynamic/pe/dqc_pe_49.qasm,0,UnsupportedDynamic,Nonunitary/dynamic operation: measure,True
veriq_2e79d9ed55502d03_0,veriq,dynamic/pe/dqc_pe_56.qasm,2e79d9ed55502d03b1f21878435ff039f5e0e58b71faaa81e9ab6c8cdd1bfae8,phase_estimation,False,,/home/audrey/code_and_papers/2026/FAST2027/final/hilbert_thin_provisioning/external/veriq-benchmark/dynamic/pe/dqc_pe_56.qasm,0,UnsupportedDynamic,Nonunitary/dynamic operation: measure,True
veriq_6fb6cf96bf1ec474_0,veriq,dynamic/pe/dqc_pe_63.qasm,6fb6cf96bf1ec47418db93127d477eb337acf1a1ff66b52cd202486616a4ca82,phase_estimation,False,,/home/audrey/code_and_papers/2026/FAST2027/final/hilbert_thin_provisioning/external/veriq-benchmark/dynamic/pe/dqc_pe_63.qasm,0,UnsupportedDynamic,Nonunitary/dynamic operation: measure,True
veriq_e3e8811ec6039009_0,veriq,dynamic/pe/dqc_pe_100.qasm,e3e8811ec6039009680f659f4eac1e702568a6be6bbd0a84b75c3a80419deb79,phase_estimation,False,,/home/audrey/code_and_papers/2026/FAST2027/final/hilbert_thin_provisioning/external/veriq-benchmark/dynamic/pe/dqc_pe_100.qasm,0,UnsupportedDynamic,Nonunitary/dynamic operation: measure,True
veriq_4000d91c9c653c13_0,veriq,dynamic/qft/dqc_qft_7.qasm,4000d91c9c653c13a27f3294c8ed768c8e4890a6695ab572d7bed644dc354ca2,qft,False,,/home/audrey/code_and_papers/2026/FAST2027/final/hilbert_thin_provisioning/external/veriq-benchmark/dynamic/qft/dqc_qft_7.qasm,0,UnsupportedDynamic,Nonunitary/dynamic operation: measure,True
veriq_1cd9f205b70986a0_0,veriq,dynamic/qft/dqc_qft_13.qasm,1cd9f205b70986a09883068ca9aacf5fdcecf7c059d0aee4c01eeab7223fce72,qft,False,,/home/audrey/code_and_papers/2026/FAST2027/final/hilbert_thin_provisioning/external/veriq-benchmark/dynamic/qft/dqc_qft_13.qasm,0,UnsupportedDynamic,Nonunitary/dynamic operation: measure,True
veriq_2062f8fc8aee0ca7_0,veriq,dynamic/qft/dqc_qft_19.qasm,2062f8fc8aee0ca750443a7df51d5f33d91d1501919fbda180959d0ddd87a124,qft,False,,/home/audrey/code_and_papers/2026/FAST2027/final/hilbert_thin_provisioning/external/veriq-benchmark/dynamic/qft/dqc_qft_19.qasm,0,UnsupportedDynamic,Nonunitary/dynamic operation: measure,True
veriq_f94c336ff4764835_0,veriq,dynamic/qft/dqc_qft_26.qasm,f94c336ff4764835623717cfd1f49068da743cfa1b66618dd6756776118bebf3,qft,False,,/home/audrey/code_and_papers/2026/FAST2027/final/hilbert_thin_provisioning/external/veriq-benchmark/dynamic/qft/dqc_qft_26.qasm,0,UnsupportedDynamic,Nonunitary/dynamic operation: measure,True
veriq_a2307425391932ad_0,veriq,dynamic/qft/dqc_qft_33.qasm,a2307425391932ad7b7523ea546d219c330439e64089303304bd0737ae3ddf9b,qft,False,,/home/audrey/code_and_papers/2026/FAST2027/final/hilbert_thin_provisioning/external/veriq-benchmark/dynamic/qft/dqc_qft_33.qasm,0,UnsupportedDynamic,Nonunitary/dynamic operation: measure,True
veriq_8b14ccd141f818a5_0,veriq,dynamic/qft/dqc_qft_40.qasm,8b14ccd141f818a5c5456e4b360d48342c423f41ddb54264ed4ad2fef33e3e00,qft,False,,/home/audrey/code_and_papers/2026/FAST2027/final/hilbert_thin_provisioning/external/veriq-benchmark/dynamic/qft/dqc_qft_40.qasm,0,UnsupportedDynamic,Nonunitary/dynamic operation: measure,True
veriq_b922346dd95083e2_0,veriq,dynamic/qft/dqc_qft_44.qasm,b922346dd95083e2ab6bdd7aeca39fedaf5e188c2b73ea34fc8ef24f21372e4b,qft,False,,/home/audrey/code_and_papers/2026/FAST2027/final/hilbert_thin_provisioning/external/veriq-benchmark/dynamic/qft/dqc_qft_44.qasm,0,UnsupportedDynamic,Nonunitary/dynamic operation: measure,True
veriq_e530202ec776de6f_0,veriq,dynamic/qft/dqc_qft_57.qasm,e530202ec776de6f13d14b5b5dd5ac21c035656ba5a25dfb1dccde007f6b6da9,qft,False,,/home/audrey/code_and_papers/2026/FAST2027/final/hilbert_thin_provisioning/external/veriq-benchmark/dynamic/qft/dqc_qft_57.qasm,0,UnsupportedDynamic,Nonunitary/dynamic operation: measure,True
veriq_bd41b3f2c105fbf8_0,veriq,dynamic/qft/dqc_qft_64.qasm,bd41b3f2c105fbf8aebffd6fcf8af0f3696a9dc337e9fc4c93049330bad127b5,qft,False,,/home/audrey/code_and_papers/2026/FAST2027/final/hilbert_thin_provisioning/external/veriq-benchmark/dynamic/qft/dqc_qft_64.qasm,0,UnsupportedDynamic,Nonunitary/dynamic operation: measure,True
veriq_d1a0b9c7246242e3_0,veriq,dynamic/qft/dqc_qft_76.qasm,d1a0b9c7246242e31e026c2c06bb13eea10e5c8a82527b399de833ac4fca2a94,qft,False,,/home/audrey/code_and_papers/2026/FAST2027/final/hilbert_thin_provisioning/external/veriq-benchmark/dynamic/qft/dqc_qft_76.qasm,0,UnsupportedDynamic,Nonunitary/dynamic operation: measure,True
veriq_ff1122794dbcb907_0,veriq,dynamic/qft/dqc_qft_88.qasm,ff1122794dbcb907bf1cb027aa47a1165fdee795d41621ace991aeaea7995d17,qft,False,,/home/audrey/code_and_papers/2026/FAST2027/final/hilbert_thin_provisioning/external/veriq-benchmark/dynamic/qft/dqc_qft_88.qasm,0,UnsupportedDynamic,Nonunitary/dynamic operation: measure,True
veriq_2c7e074552b08ee4_0,veriq,dynamic/qft/dqc_qft_100.qasm,2c7e074552b08ee4fbdd222dfcc068b27ea52ca2de68a6dfa537ff6958c9c4d9,qft,False,,/home/audrey/code_and_papers/2026/FAST2027/final/hilbert_thin_provisioning/external/veriq-benchmark/dynamic/qft/dqc_qft_100.qasm,0,UnsupportedDynamic,Nonunitary/dynamic operation: measure,True
veriq_b74333370f96a6a9_0,veriq,dynamic/dqc_state_injection_T.qasm,b74333370f96a6a9857e19036f14baa0f4a5c005833d2127268c8b1624c8db5b,unknown,False,,/home/audrey/code_and_papers/2026/FAST2027/final/hilbert_thin_provisioning/external/veriq-benchmark/dynamic/dqc_state_injection_T.qasm,0,UnsupportedDynamic,Nonunitary/dynamic operation: measure,True
veriq_effa565c6253c492_0,veriq,dynamic/dqc_state_injection_S.qasm,effa565c6253c49252fbc63a5d0723c926796ad60f338bfaefaea2301737b912,unknown,False,,/home/audrey/code_and_papers/2026/FAST2027/final/hilbert_thin_provisioning/external/veriq-benchmark/dynamic/dqc_state_injection_S.qasm,0,UnsupportedDynamic,Nonunitary/dynamic operation: measure,True
veriq_e1913a07f3d44710_0,veriq,dynamic/dqc_teleportation.qasm,e1913a07f3d44710c16753db1f8eb16e19b2cd545c5fd4d79c09f75a2aee554a,unknown,False,,/home/audrey/code_and_papers/2026/FAST2027/final/hilbert_thin_provisioning/external/veriq-benchmark/dynamic/dqc_teleportation.qasm,0,UnsupportedDynamic,Nonunitary/dynamic operation: measure,True
veriq_02b9057e321df559_0,veriq,dynamic/dqc_phaseflip_code.qasm,02b9057e321df559d2b7df90ce71260a41d1515af1478cc01f72d7a028e96d2d,unknown,False,,/home/audrey/code_and_papers/2026/FAST2027/final/hilbert_thin_provisioning/external/veriq-benchmark/dynamic/dqc_phaseflip_code.qasm,0,UnsupportedDynamic,Nonunitary/dynamic operation: measure,True
