workload_id,lowered,semantic,lowered_minus_semantic
qasmbench_0ab8129a30be0350_0,0.0711815654567278,0.0711815654567278,0.0
qasmbench_0b62f07ebd93d7a0_0,3.6322687658443655,1.4306343543299178,2.2016344115144477
qasmbench_1637275b83d889f9_0,3.6322687658443655,1.4306343543299178,2.2016344115144477
qasmbench_18ffaae6478e1b9a_0,28.0,28.0,0.0
qasmbench_1f3a1115385d87f6_0,0.5931830075261253,0.0960268877737764,0.4971561197523489
qasmbench_2519fdb644635c9f_0,1.991983229761328,1.991983229761328,0.0
qasmbench_27e77c753e2993b3_0,3.523562128039675,3.523562128039675,0.0
qasmbench_28cc7db51ac0ddc7_0,3.878693703778545,0.1324502960236557,3.746243407754889
qasmbench_2b22f2a0a013cb91_0,20.0,20.0,0.0
qasmbench_30f0be9eb50d37ab_0,1.7553776312800862,1.6906719418922709,0.06470568938781529
qasmbench_3cd72f83491b25a3_0,2.082462160191972,2.082462160191972,0.0
qasmbench_44d66b3aaca34692_0,2.9261403308235074,1.3410369235678203,1.585103407255687
qasmbench_45093e91e2bd96bf_0,0.1401265655646568,0.1401265655646568,0.0
qasmbench_45649f6f4af12870_0,2.9261403308235074,1.3410369235678203,1.585103407255687
qasmbench_4b4358666bd1091c_0,4.021312995914421,1.0637524212313707,2.9575605746830504
qasmbench_50a5f79da7cbb387_0,5.012764293315087,3.465506339684353,1.5472579536307336
qasmbench_56a7b3389495fb49_0,0.3219280948873608,0.415037499278843,-0.09310940439148219
qasmbench_5ed6ee804a706716_0,3.255315955751609,3.255315955751609,0.0
qasmbench_5ede0e9d4cdc723a_0,1.493040011280116,1.4405725913859806,0.0524674198941355
qasmbench_606b3ce2308cf7ca_0,45.0,45.0,0.0
qasmbench_62c6c8c7ddd95ac2_0,1.540568381362703,1.540568381362703,0.0
qasmbench_6fad7f3a11b4f50b_0,5.000587296991981,5.000587296991981,0.0
qasmbench_7f1f342a59a7a915_0,0.4285182088469845,0.2084107086622744,0.2201075001847101
qasmbench_7f5af7d17ec13348_0,3.232678368189937,1.3846638503099695,1.8480145178799676
qasmbench_89af975627593648_0,10.0,10.0,0.0
qasmbench_9077432a88fea0f3_0,0.7145977811377513,0.7145977811377513,0.0
qasmbench_9ead0e7d5f41cb66_0,0.0220207796203855,0.0210484083525095,0.0009723712678760023
qasmbench_a7b6a6a5c8339728_0,3.45943196260264,3.45943196260264,0.0
qasmbench_a9f50bd7aecba85c_0,0.6560455988369185,0.6560455988369185,0.0
qasmbench_ac0dc5f6af55575a_0,3.175086750940711,0.1292830171129182,3.0458037338277926
qasmbench_afd134759fa0eefb_0,0.0458036896131242,0.0458036896131242,0.0
qasmbench_c10edc4a40eadf4d_0,0.5620225783517228,0.024253516097481,0.5377690622542417
qasmbench_c194be8740c380fc_0,1.1319922220909326,0.2624628683824532,0.8695293537084794
qasmbench_c33b5a03491bceb2_0,0.1109364013633555,0.0507108203335331,0.0602255810298224
qasmbench_c4367870578a74cd_0,3.5693656458435044,0.1312445332787533,3.438121112564751
qasmbench_c98cf8b70ed55423_0,0.5246681697730509,0.5246681697730509,0.0
qasmbench_caa882935bb73087_0,1.0931094043914822,1.0931094043914822,0.0
qasmbench_ce0359edb654e5dd_0,0.019279062494883,0.0096073276740398,0.009671734820843199
qasmbench_d7b95967326b6505_0,0.9227570010675396,0.9643760902692762,-0.041619089201736625
qasmbench_dea93828107b2b17_0,0.0671141958585357,0.0671141958585357,0.0
qasmbench_df4ced794da7fd4c_0,0.7269815055935833,0.7187138896099832,0.008267615983600152
qasmbench_df6c9e37a068afe0_0,5.68849998812707,3.612745313269436,2.075754674857634
qasmbench_e17668cbd88ae908_0,3.909696031514813,3.909696031514813,0.0
qasmbench_e80db1204270dc9f_0,0.5405685243093288,0.5405685243093288,0.0
qasmbench_e8ad585e5be09f96_0,15.0,15.0,0.0
qasmbench_ec67a182baee4a03_0,63.99999999999999,63.99999999999999,0.0
qasmbench_ecd71063a3bf7e3a_0,0.9727785316668048,1.856264524391808,-0.883485992725003
qasmbench_f31c4f2beba87afc_0,4.321928094888676,4.321928094888676,0.0
qasmbench_f362ca9ffd7f045f_0,0.7849871090291494,0.1138679645582776,0.6711191444708717
qasmbench_f6777e4fdd8eadcb_0,0.3909250431620332,0.3909250431620332,0.0
qasmbench_fde5eff21c334ef0_0,0.4918530963296739,0.0217026610553183,0.47015043527435557
qdao_02308f38e354ada8_0,3.4190228917547216,0.9284467390616484,2.490576152693073
qdao_080d8fefef4e8ec6_0,3.2567273520667115,0.5431423250289313,2.71358502703778
qdao_0deb77367bb9d202_0,3.020399810551176,3.020399810551176,0.0
qdao_0e5cb99cc94b9f28_0,1.4094302761130209,1.6495314014882787,-0.24010112537525785
qdao_14c008c4fa7c220d_0,3.7223414292808,0.9233787187677436,2.7989627105130563
qdao_1d096d227f7a0f3b_0,3.738708625294755,0.0402063224067035,3.6985023028880515
qdao_28eeaba589be4b5a_0,1.2224999913133985,1.6756579283865565,-0.453157937073158
qdao_2c2d2f6c4ae451ed_0,3.0526885394653505,3.0526885394653505,0.0
qdao_2fb62c892669b427_0,0.8845227827040887,0.3833286395807107,0.501194143123378
qdao_343e13ffc3b8289f_0,3.0489649386969475,3.0489649386969475,0.0
qdao_37b0da10d1dac290_0,3.831123087990555,4.8650704202018105,-1.0339473322112553
qdao_4447087f773cc0bd_0,1.211346449881308,1.535200576305794,-0.3238541264244861
qdao_4843a3acf8f5e7f7_0,0.8246550300471469,0.9640622132414904,-0.13940718319434353
qdao_514da6b784fc4935_0,0.8881071199892645,0.3843407020700766,0.5037664179191879
qdao_575d11549404487f_0,1.1485225247100868,0.9311049187889316,0.2174176059211551
qdao_5e90cda6bec14320_0,5.503318267520104,5.540920649129916,-0.037602381609811886
qdao_5eee812f4d3f4ece_0,1.443606651475613,1.443606651475613,0.0
qdao_676f0ac76ce96ae9_0,0.0899640963475558,0.0899640963475558,0.0
qdao_6869fe31a1fb9b02_0,2.232849265441274,2.232849265441274,0.0
qdao_693fb492fc348426_0,2.263718035437627,2.263718035437627,0.0
qdao_697fba7b6720fb11_0,3.0507533004508858,3.0507533004508858,0.0
qdao_6bb5483bb97a9036_0,3.7476128383657183,4.7655347475050505,-1.0179219091393321
qdao_6f0a33e9cac0d6f1_0,0.7306064063054976,0.0060823944599377,0.7245240118455598
qdao_71554d5712174071_0,2.082458951472333,2.082458951472333,0.0
qdao_73296ffb1575473c_0,5.6199350753981925,5.654682869104015,-0.03474779370582226
qdao_7bc65596232c0019_0,3.364007045035393,0.9125371587694175,2.4514698862659756
qdao_8001255ee7284350_0,2.8333281023457992,0.9259994187353656,1.9073286836104337
qdao_822e275e5ae2169f_0,3.748582980090269,0.0402927059597431,3.7082902741305257
qdao_82574df9d8664660_0,2.7369655941662057,2.7369655941662057,0.0
qdao_8997d0434cc5b186_0,2.0803290258363347,2.0803290258363347,0.0
qdao_8bb3ef63c6970a72_0,0.4250857775881371,0.0201670332664249,0.4049187443217122
qdao_8d9a3995f86fcdab_0,3.101616031734084,3.4588238045134254,-0.35720777277934124
qdao_9ee275ee40744e64_0,0.8807010718835784,0.3822475642215579,0.49845350766202046
qdao_a2fc8598a1183e86_0,2.6734242145772527,0.5376567859861439,2.135767428591109
qdao_a4e58f31f6a7ebf7_0,0.7416781954419562,0.0059792064785426,0.7356989889634137
qdao_aad48beea6622d6a_0,5.727594718845509,5.759886401878653,-0.03229168303314367
qdao_b43bda71670e1602_0,3.5837972087995595,0.0433460299285073,3.540451178871052
qdao_b55d2dd9bf5b66fa_0,3.224841367512873,0.9233787187677436,2.3014626487451295
qdao_be520119198510ea_0,3.213888640713556,3.213888640713556,0.0
qdao_c185321108d37ad4_0,2.7872507159525526,0.5343364278365144,2.252914288116038
qdao_c505cafec9439f15_0,0.8946469998679589,0.3861826366099805,0.5084643632579784
qdao_c9d98aa765b45c19_0,2.967682303946347,2.967682303946347,0.0
qdao_ca61498a8a0b6464_0,2.907836084776555,0.5405683813728857,2.3672677034036695
qdao_cad297122798fb1a_0,3.047305714777657,3.047305714777657,0.0
qdao_cc0b56cb48e9a0fa_0,3.658963082164931,4.65896308669079,-1.0000000045258588
qdao_df0ba413d7169328_0,1.2299634468162175,0.8773925860077831,0.35257086080843436
qdao_e409d072248e0f48_0,5.503318267520104,5.540920649129916,-0.037602381609811886
qdao_e614aae2504083a2_0,3.56449839816144,4.54432053413867,-0.9798221359772299
qdao_f4051593af7e5334_0,0.7306064063054976,0.0060823944599377,0.7245240118455598
qdao_f582b0405134801e_0,0.887797750402779,0.8581287410030747,0.029669009399704294
qdao_fa0375829ee1a66b_0,3.1203855436683767,3.1203855436683767,0.0
veriq_02bc74969fc74548_0,0.3404905459138305,0.3404905459138305,0.0
veriq_04d344f02e13a87e_0,1.1655905163871374,0.7100110835683218,0.45557943281881563
veriq_0caebc7c834b7881_0,0.3219281129907969,0.3219281129907969,0.0
veriq_0d48acb0a2cb40d7_0,0.7987997797353863,0.2659235233588752,0.532876256376511
veriq_0e7f38fafadda78f_0,0.961180751109474,0.0538646444992299,0.9073161066102441
veriq_1053a56203dbdc0f_0,49.16394964494193,48.32580773185432,0.8381419130876111
veriq_12b301cee566e433_0,2.4152723320360785,2.4152723320360785,0.0
veriq_14e976ebb36acde9_0,4.426264754702089,7.818582177488068,-3.392317422785979
veriq_173d272bf1c4ac9b_0,39.0,39.0,0.0
veriq_1ad74a6b385762f2_0,42.0,42.0,0.0
veriq_1c04365787069bba_0,0.5625946876927017,0.5625946876927017,0.0
veriq_1e3f14dad487dc42_0,4.545633984837231,0.0610294334017069,4.484604551435524
veriq_22d95e30a2d7554c_0,19.0,19.0,0.0
veriq_239e79e1472bf67a_0,0.3468659966372698,0.3468659966372698,0.0
veriq_24a439a2639e1cb7_0,0.011495919911546,0.0387486167773829,-0.027252696865836902
veriq_254bb23b86da5e75_0,4.340009676192487,0.0581440423539945,4.281865633838493
veriq_287d2130ef74ad48_0,28.0,28.0,0.0
veriq_2fa05f4d077098e7_0,59.99999999999999,59.99999999999999,0.0
veriq_35446be94f506751_0,0.2006046367017901,0.06441454172624,0.1361900949755501
veriq_3575a0cf156a5f5d_0,0.5525410230337613,0.5525410230337613,0.0
veriq_378630179d722f74_0,3.3923174227787563,5.714260652218783,-2.321943229440027
veriq_3f7dcb90b2601f3a_0,22.0,22.0,0.0
veriq_432cb422b580b73f_0,0.2853217387299054,0.1119935050146203,0.1733282337152851
veriq_43928378d83d41ad_0,0.5657689354878528,0.5657689354878528,0.0
veriq_44fa76f0e4837dda_0,4.0,4.0,0.0
veriq_4863c09f5501995c_0,24.0,24.0,0.0
veriq_4892d365ac4839c5_0,2.8443171845503805,0.0614005513108146,2.782916633239566
veriq_4a16f6e4beb78709_0,0.0932807346005155,0.0549102965345937,0.0383704380659218
veriq_4e6b618cc37d3c85_0,0.788495894806287,0.788495894806287,0.0
veriq_4ec89c1f3bf26994_0,0.3177403776840002,0.3177403776840002,0.0
veriq_582c218e88ed448c_0,0.2379103882583777,0.0676028102515644,0.17030757800681331
veriq_58c13af32fc14a5a_0,0.3488472195843712,0.3488472195843712,0.0
veriq_595dd51f1efbe477_0,0.5291094053153564,0.5291094053153564,0.0
veriq_5b3c3d4a683ce73b_0,2.015119878403425,0.0611741154069775,1.9539457629964474
veriq_5bce743d80c5da5b_0,5.0,5.0,0.0
veriq_5e086a7c02c33f07_0,1.0609349982599028,1.0609349982599028,0.0
veriq_5e16a094a742e96c_0,4.39231742277876,7.74986942741095,-3.35755200463219
veriq_643727ab8e80e611_0,0.3442161620891397,0.3442161620891397,0.0
veriq_669dd2eda7e5efa3_0,0.0634157068199243,0.0767215882237977,-0.013305881403873399
veriq_6d406e6d174d184f_0,0.5581624413774691,0.5581624413774691,0.0
veriq_74993ad0c9a479a9_0,0.1451749513888778,2.3813769902737363,-2.2362020388848585
veriq_7a121e1055b05cae_0,1.106915203916512,1.106915203916512,0.0
veriq_7d2f63fd4b551b61_0,52.415037499278846,52.29956028185891,0.11547721741993655
veriq_7ea21e4c999454e6_0,1.183016376744618,0.0627514096759576,1.1202649670686604
veriq_7f7e1dfa7d5fc0b7_0,1.1424475878586478,1.1424475878586478,0.0
veriq_82d67bf24d16b4cd_0,64.0,64.0,0.0
veriq_851f3d8de7f08057_0,0.3308244955973833,0.3308244955973833,0.0
veriq_854377329d47a830_0,4.36867821246333,0.0568949350030152,4.311783277460314
veriq_85da24b927ead997_0,13.0,13.0,0.0
veriq_888eb67829875efb_0,0.5681542130346031,0.5681542130346031,0.0
veriq_89f085f900aa9644_0,0.1173569506381593,0.1173569506381593,0.0
veriq_8aba5a7b2b75521f_0,0.2806289250317313,0.2806289250317313,0.0
veriq_8b22a3d4354f5421_0,3.955976630336906,0.0588209157155716,3.8971557146213343
veriq_8d4bc9481cb5f5b7_0,1.0622371321279402,1.0622371321279402,0.0
veriq_8ebbeed28a0616e7_0,12.075187496394218,11.891475543221832,0.1837119531723861
veriq_8f158bf7bbdc0024_0,0.413270573104656,4.999999999999998,-4.586729426895342
veriq_909a351ce58a299d_0,6.580270197873432,5.141387575335152,1.43888262253828
veriq_9159af3d6b2d74e0_0,1.514506812395922,0.8161789599380498,0.6983278524578722
veriq_932cad109a4493e9_0,2.2661687625598788,0.0647954339459211,2.2013733286139576
veriq_9484132c349abab7_0,40.0,40.0,0.0
veriq_994399d8aa283b43_0,3.0,3.0,0.0
veriq_9bebe62cd8cb1e6b_0,0.439576175592272,0.439576175592272,0.0
veriq_9cffa3addee84fc2_0,18.67807190511264,18.476438043942988,0.20163386116965043
veriq_a1228d330763b051_0,3.7597282018078033,0.0537281864175156,3.7060000153902877
veriq_a21938288fc131d0_0,20.0,20.0,0.0
veriq_a818867739b41d78_0,16.415037499278846,16.36700480285704,0.04803269642180652
veriq_ace41440241ebf83_0,0.2459476324710756,0.2459476324710756,0.0
veriq_ae0fc1682d42ed13_0,49.74497143018127,50.36337537945635,-0.618403949275077
veriq_ae512ee3bfcece87_0,3.636965075705916,0.0824621601919659,3.5545029155139503
veriq_b17d038b8a975453_0,0.2019494852324843,0.3140598515540205,-0.1121103663215362
veriq_b65fc58597a8fdba_0,0.254860474388094,0.254860474388094,0.0
veriq_b8801f07a2b9b4dc_0,43.0,43.0,0.0
veriq_b8b63d8ef94cadb3_0,48.0,48.0,0.0
veriq_bba9435f26e33dab_0,3.000000000000001,3.243925582886088,-0.2439255828860869
veriq_bbd6c58d57912b05_0,49.0,49.0,0.0
veriq_bcc9faaaa845cf45_0,0.3584191189506285,0.0691995951799597,0.2892195237706688
veriq_c0b2a899a96fea1a_0,0.5554852791389671,0.5496394318999478,0.005845847239019264
veriq_c245fb5cc9505fe0_0,0.8386881288623975,0.6858214047175721,0.15286672414482538
veriq_c3e311dd1776b305_0,34.0,34.0,0.0
veriq_c7e3262928d1680a_0,1.059685658988016,1.059685658988016,0.0
veriq_c89018c96958b8fe_0,17.870716983055033,18.79054663437105,-0.919829651316018
veriq_caf4f6fd0033a07b_0,0.3365254711031724,0.3365254711031724,0.0
veriq_cbda8d7badbf32c6_0,30.0,30.0,0.0
veriq_ccaffaea9dbd4720_0,4.700439718141098,8.37286506011261,-3.672425341971511
veriq_cdb7b06510c368a3_0,6.950434583839524,6.600832662090539,0.3496019217489845
veriq_cef742b4aeaf9347_0,0.2976878865857877,0.2976878865857877,0.0
veriq_d03b8aa69d109a46_0,0.5849625007211561,0.5849625007211561,0.0
veriq_d182a39c63e02d2f_0,0.531851230568158,0.531851230568158,0.0
veriq_d49832581b08fd02_0,5.0,5.0,0.0
veriq_d745416e1e1a62da_0,0.5588102128651968,0.5588102128651968,0.0
veriq_d89dfd6b11cd9d5c_0,4.459431618637289,7.88569637334308,-3.426264754705791
veriq_d9571c914fc607f3_0,0.5040553134114987,0.5040553134114987,0.0
veriq_d9aba3a52316de2b_0,0.788495894806287,0.788495894806287,0.0
veriq_db8adbea09057360_0,54.0,54.0,0.0
veriq_de5257553ae46ac2_0,0.5439352332647545,0.5439352332647545,0.0
veriq_e223bfc88d36f3a2_0,2.031627076612274,2.031627076612274,0.0
veriq_e5a4638d60970fa7_0,2.6526338317183544,0.0831703803602081,2.5694634513581462
veriq_e78d9b6fe9cbf8b9_0,10.0,10.0,0.0
veriq_e7bac99e6acfa4fc_0,0.0322698641543048,0.0343561021628069,-0.002086238008502099
veriq_ed6b79f6949a84a0_0,0.5849625007211561,0.5849625007211561,0.0
veriq_ed800c398368239b_0,4.49185309632967,7.951284714968857,-3.4594316186391865
veriq_f15730ab684b063f_0,0.0144995696951149,0.0144995696951149,0.0
veriq_f310e075c8212c19_0,34.56326650778229,34.98084108627763,-0.41757457849534063
veriq_f66877b01090da09_0,0.3415569016363022,0.3415569016363022,0.0
veriq_f89948a1859e3d94_0,18.0,18.0,0.0
veriq_f9ef83fd86adbf9f_0,4.546490217588612,0.0569721854379281,4.489518032150684
veriq_fba59b56e8cd8db6_0,0.2630344058337934,0.2630344058337934,0.0
veriq_fd197b825ed78319_0,1.1117908515402313,1.1117908515402313,0.0
veriq_fe0a1dc62ae636e6_0,55.0,55.0,0.0
