source,family,representation,circuits,median,geometric_mean,p90,max,median_layer,ge4,ge10,lt1_5,peak_reduced,all_basis
qasmbench,arithmetic,lowered,6,134234112.0,164391781.9352489,9.223389629040775e+18,1.8446744073709464e+19,134234112.0,5,5,0,6,5
qasmbench,arithmetic,semantic,6,134234112.0,163167519.29318902,9.223389629040775e+18,1.8446744073709464e+19,134234112.0,5,5,0,6,5
qasmbench,bernstein_vazirani,lowered,3,1.4545455986662628,1.4883984202199143,1.551515180386742,1.5757575758168618,1.02439024390244,0,0,2,0,0
qasmbench,bernstein_vazirani,semantic,3,1.4545455986662628,1.4883984202199143,1.551515180386742,1.5757575758168618,1.02439024390244,0,0,2,0,0
qasmbench,grover_oracle,lowered,1,1.0322580645161286,1.0322580645161286,1.0322580645161286,1.0322580645161286,1.0,0,0,1,0,0
qasmbench,grover_oracle,semantic,1,1.0322580645161286,1.0322580645161286,1.0322580645161286,1.0322580645161286,1.0,0,0,1,0,0
qasmbench,ising,lowered,4,10.451613042871852,6.946528465859946,13.85806451656183,14.709677419361755,1.0,3,2,1,0,0
qasmbench,ising,semantic,4,1.0944940476829021,1.0749785260812479,1.0958791208792382,1.096153846153851,1.0,0,0,4,0,0
qasmbench,phase_estimation,lowered,1,1.050576752440106,1.0505767524401057,1.050576752440106,1.050576752440106,1.00751879699248,0,0,1,0,0
qasmbench,phase_estimation,semantic,1,1.050576752440106,1.0505767524401057,1.050576752440106,1.050576752440106,1.00751879699248,0,0,1,0,0
qasmbench,qaoa,lowered,1,1.4062499999999991,1.4062499999999991,1.4062499999999991,1.4062499999999991,1.0,0,0,1,0,0
qasmbench,qaoa,semantic,1,1.0151568558336288,1.0151568558336288,1.0151568558336288,1.0151568558336288,1.0,0,0,1,0,0
qasmbench,qec,lowered,2,1.4878317745995133,1.4308244745104353,1.814154032645021,1.895734597156398,1.003267973856209,0,0,1,0,0
qasmbench,qec,semantic,2,1.4934973199817159,1.421627461590386,1.859675073752438,1.9512195121951184,1.003267973856209,0,0,1,0,0
qasmbench,qft,lowered,4,12.288987006368005,10.752065422312779,26.917879644769762,32.01302931596081,19.666741892080307,3,2,0,0,0
qasmbench,qft,semantic,4,12.288987006368005,10.752065422312779,26.917879644769762,32.01302931596081,19.666741892080307,3,2,0,0,0
qasmbench,qram,lowered,1,1048576.0,1048576.0,1048576.0,1048576.0,1048576.0,1,1,0,1,1
qasmbench,qram,semantic,1,1048576.0,1048576.0,1048576.0,1048576.0,1048576.0,1,1,0,1,1
qasmbench,quantum_ml,lowered,5,2.191611717368111,5.487734767244423,43.85660553949287,51.5714243997124,1.0,2,2,2,0,0
qasmbench,quantum_ml,semantic,5,1.1995247026654334,2.851550359580069,11.758564283723599,12.233330416680095,1.0,2,2,3,0,0
qasmbench,quantum_walk,lowered,1,1.0476190476190468,1.0476190476190468,1.0476190476190468,1.0476190476190468,1.0,0,0,1,0,0
qasmbench,quantum_walk,semantic,1,1.0476190476190468,1.0476190476190468,1.0476190476190468,1.0476190476190468,1.0,0,0,1,0,0
qasmbench,random,lowered,1,1.1020017886708398,1.1020017886708398,1.1020017886708398,1.1020017886708398,1.0,0,0,1,0,0
qasmbench,random,semantic,1,1.1020017886708398,1.1020017886708398,1.1020017886708398,1.1020017886708398,1.0,0,0,1,0,0
qasmbench,reversible,lowered,2,3.5250544662309347,3.4527624632243334,4.093246187363832,4.235294117647056,3.2941176470588216,1,0,0,2,0
qasmbench,reversible,semantic,2,3.4747899159663844,3.3905454309487904,4.083193277310922,4.235294117647056,3.2941176470588216,1,0,0,2,0
qasmbench,state_preparation,lowered,7,2.133333333333334,4.278015052116506,14.900000822551487,20.00000000001821,2.133333333333334,3,3,0,0,0
qasmbench,state_preparation,semantic,7,3.620689659823479,4.444840162890517,14.900000822551487,20.00000000001821,2.133333333333334,3,3,1,0,0
qasmbench,swap_test,lowered,2,10.000373540415884,9.708204834094083,11.92007849226613,12.40000473022869,1.0,2,1,0,0,0
qasmbench,swap_test,semantic,2,2.61449275865652,2.613232774626589,2.6794202908618217,2.695652173913147,1.0,0,0,0,0,0
qasmbench,unknown,lowered,8,5.7892883928552505,4.336902348544002,13.551440289254558,16.238123260314914,1.0000000000000024,4,2,2,0,0
qasmbench,unknown,semantic,8,2.3118473945915374,1.9591842503731756,3.0803068522714296,3.977834435107423,1.0000000000000024,0,0,3,0,0
qasmbench,vqe,lowered,2,1.4832031498063105,1.473199971436058,1.620778560995744,1.6551724137931023,1.2521367521367526,0,0,1,0,0
qasmbench,vqe,semantic,2,1.4784740857669019,1.4689847983576398,1.6122662457248085,1.6457142857142852,1.2521367521367526,0,0,1,0,0
qdao,arithmetic,lowered,4,8.28131226468841,8.281706776720423,8.294231071519206,8.297567953866544,8.0,4,0,0,4,0
qdao,arithmetic,semantic,4,8.28131226468841,8.281706776720423,8.294231071519206,8.297567953866544,8.0,4,0,0,4,0
qdao,grover_oracle,lowered,4,1.8484500575232248,1.8493194978461935,1.856632331337192,1.859154929595748,1.0769230769230775,0,0,0,0,0
qdao,grover_oracle,semantic,4,1.3048054920104497,1.3049774575700268,1.3064304325228826,1.306930693072316,1.0769230769230775,0,0,4,0,0
qdao,hidden_linear_function,lowered,4,7.2040235668990675,7.496980199696161,8.942161237786591,9.558123124860906,1.0,4,0,0,0,0
qdao,hidden_linear_function,semantic,4,1.4530791789125699,1.4528905046194207,1.4563636363684147,1.4571428571452834,1.0,0,0,4,0,0
qdao,iqp,lowered,4,4.467949429963942,4.484163305436682,4.771776781834292,4.802275047455529,1.0,4,0,0,0,0
qdao,iqp,semantic,4,4.467949429963942,4.484163305436682,4.771776781834292,4.802275047455529,1.0,4,0,0,0,0
qdao,qft,lowered,5,12.631578947368402,9.508124615235538,13.912374389893792,14.232558139534897,15.00000001396982,4,4,0,0,0
qdao,qft,semantic,5,25.26315797398951,16.62749679813982,28.365714297816794,29.14285714867319,15.00000001396982,4,4,0,0,0
qdao,quantum_ml,lowered,4,47.26841735473327,48.11922768603585,51.844962195121795,52.988034862712695,1.0,4,4,0,0,0
qdao,quantum_ml,semantic,4,48.46672833396748,49.3200597463436,53.04419383681036,54.18743309294664,1.0,4,4,0,0,0
qdao,random,lowered,8,2.339558892505563,2.985627792994552,7.241805898451706,8.58379743928347,1.8679353827743506,2,0,0,2,0
qdao,random,semantic,8,3.0178022139812257,3.293154859183672,7.965276654163909,10.995366624990815,1.8679353827743506,2,1,0,2,0
qdao,state_preparation,lowered,4,9.822577095813926,9.255428932046225,10.576110854122891,10.696173681882131,1.0,4,2,0,0,0
qdao,state_preparation,semantic,4,1.8982758624305593,1.8955158351396446,1.9022580646669538,1.9032258065659655,1.0,0,0,0,0,0
qdao,unknown,lowered,10,1.9444936242715976,3.645178251621121,13.358620310159155,13.441134231307595,1.0,4,4,2,0,0
qdao,unknown,semantic,10,1.0282916548345187,1.1572177698439257,1.8975701272922063,1.906735751295336,1.0,0,0,8,0,0
qdao,vqe,lowered,4,8.40506333431627,8.459597804136724,9.1037974772362,9.278481017525776,1.0,4,0,0,0,0
qdao,vqe,semantic,4,8.40506333431627,8.459597804136724,9.1037974772362,9.278481017525776,1.0,4,0,0,0,0
veriq,arithmetic,lowered,12,8724152320.0,3611622602.8383393,3.2482212312409716e+16,1.8446744073709552e+19,8724152320.0,12,12,0,12,12
veriq,arithmetic,semantic,12,8724152320.0,3611622602.8383393,3.2482212312409716e+16,1.8446744073709552e+19,8724152320.0,12,12,0,12,12
veriq,bernstein_vazirani,lowered,12,1.4623052963587622,1.4287954980069324,1.4798508980006848,1.4826254826254834,1.0163372859025068,0,0,12,0,0
veriq,bernstein_vazirani,semantic,12,1.4623052963587622,1.4287954980069324,1.4798508980006848,1.4826254826254834,1.0163372859025068,0,0,12,0,0
veriq,clifford,lowered,4,1.4848314502298292,1.4450082354619371,1.7018962075848318,1.788423153692617,1.4139538523453914,0,0,2,0,0
veriq,clifford,semantic,4,1.5543087971274685,2.0711758978652597,4.129821943042932,5.210338092523501,1.4139538523453914,1,0,1,0,0
veriq,grover_oracle,lowered,12,1.2602219116826867,1.2375604349651825,1.2715614923998193,1.2735426008968556,1.2682113319032169,0,0,12,0,0
veriq,grover_oracle,semantic,12,1.2602219116826867,1.2375604349651825,1.2715614923998193,1.2735426008968556,1.2682113319032169,0,0,12,0,0
veriq,hea,lowered,4,2.907964916439491,2.840161168454139,4.960538202819756,5.33420153019697,1.0,2,0,0,0,0
veriq,hea,semantic,4,2.907964916439491,2.840161168454139,4.960538202819756,5.33420153019697,1.0,2,0,0,0,0
veriq,mapping,lowered,12,163527.9238095238,7673280.050381042,912193961920827.9,6004799503160669.0,190126.41758241743,12,12,0,12,2
veriq,mapping,semantic,12,224621.0334026941,7151291.984085294,1338833580815784.5,5542891849071385.0,190126.41758241743,12,12,0,12,2
veriq,phase_estimation,lowered,6,2.1210066036052124,2.1297270919916405,2.1843448670525696,2.2075522542753543,2.0,0,0,0,6,0
veriq,phase_estimation,semantic,6,2.1210066036052124,2.1297270919916405,2.1843448670525696,2.2075522542753543,2.0,0,0,0,6,0
veriq,qaoa,lowered,11,13.545372861296094,8.953133609338805,23.3545863047156,23.368451256315087,1.0,9,6,0,0,0
veriq,qaoa,semantic,11,1.0416141235814125,1.0417812308696737,1.0444557775149466,1.0459366213388843,1.0,0,0,11,0,0
veriq,qft,lowered,7,21.49999999999987,13.720171859040308,23.9,26.000000000000103,27.666666666675063,6,6,0,0,0
veriq,qft,semantic,7,225.75000000112817,95.83647811994157,281.10000000019596,331.5000000000049,27.666666666675063,6,6,0,0,0
veriq,random,lowered,8,1.1647674786867754,1.2090284399645892,1.4193101946281095,1.73965325591041,1.0,0,0,7,0,0
veriq,random,semantic,8,1.04855419058254,1.0869800497798372,1.2146442287087715,1.2432012432012411,1.0,0,0,8,0,0
veriq,reversible,lowered,15,1048576.0,7142660.591588273,1.0921229096373446e+16,1.1529215046068412e+18,1048576.0,11,9,4,10,10
veriq,reversible,semantic,15,1048576.0,8946654.001282096,1.0921229096373446e+16,1.1529215046068412e+18,1048576.0,12,10,3,12,10
veriq,unknown,lowered,2,9.364288783505938,8.844615667938621,11.825206089858154,12.440435416446208,1.0,2,1,0,0,0
veriq,unknown,semantic,2,1.059083481877595,1.0590834499748758,1.0592914438502634,1.0593434343434305,1.0,0,0,2,0,0
veriq,vqe,lowered,4,1.7289872382969622,1.7458101523904548,2.672883056097301,2.857011438600733,1.4338288478553995,0,0,2,0,0
veriq,vqe,semantic,4,1.4252704986528952,1.4294100736847288,1.7232605028920407,1.760736425145276,1.4338288478553995,0,0,2,0,0
