,median,lower,upper,mean,std
radius_mean,13.42,8.6054,24.984000000000012,14.164866862170088,3.505826441359737
texture_mean,19.04,10.898,30.960000000000008,19.430387096774194,4.356272063363213
perimeter_mean,86.68,54.190000000000005,165.92000000000002,91.67392961876834,23.672776743585548
area_mean,553.5,222.51999999999998,1809.0000000000018,652.31284457478,337.709710788023
smoothness_mean,0.095865,0.06849999999999999,0.13872000000000007,0.09626491202346041,0.013708639236931235
compactness_mean,0.09002,0.032844000000000005,0.28138000000000013,0.10406034017595309,0.052843401438727296
concavity_mean,0.05892,0.0,0.33564000000000005,0.08743594340175953,0.07934148790413639
concave_points_mean,0.030765,0.0,0.17550000000000052,0.04851620234604105,0.03916650845064172
symmetry_mean,0.1794,0.13062,0.25962,0.18192539589442816,0.027033452572342617
fractal_dimension_mean,0.06171,0.052719999999999996,0.08885200000000006,0.0627822521994135,0.006772259789597792
radius_se,0.3237,0.12034,1.2608000000000017,0.40339049853372433,0.25220773848894973
texture_se,1.108,0.39482,3.3888000000000105,1.205062697947214,0.5348087584279593
perimeter_se,2.24,0.9403400000000001,9.186400000000013,2.8341271554252194,1.8093354343636276
area_se,24.19,8.7494,171.54000000000028,39.56344750733138,35.81229379473374
smoothness_se,0.006351,0.0028744,0.019790000000000058,0.006968180645161291,0.002943697850382545
compactness_se,0.02003,0.0048894,0.09063200000000017,0.024872811143695016,0.01711998970143832
concavity_se,0.02408,0.0,0.12032000000000043,0.030246268914956017,0.023067360500230574
concave_points_se,0.01067,0.0,0.03393400000000003,0.011713243401759532,0.0059563853429949725
symmetry_se,0.01873,0.010194,0.05459000000000005,0.020436909090909092,0.008210349756656712
fractal_dimension_se,0.003053,0.0013096,0.012728000000000007,0.0036667196480938418,0.002163794519381779
radius_worst,15.14,9.3228,30.906000000000006,16.332745454545453,4.8861228013136815
texture_worst,25.47,14.448,44.038000000000046,25.808428152492667,6.252132274275972
perimeter_worst,97.9,58.68,209.42000000000013,107.59979472140765,34.00142302894177
area_worst,706.6,262.96,3063.4000000000046,890.357008797654,578.1977135846976
smoothness_worst,0.1312,0.08784,0.18944000000000005,0.1321754545454545,0.02214266266367658
compactness_worst,0.2116,0.051638,0.7424000000000001,0.251608715542522,0.14877724043014776
concavity_worst,0.209,0.0,0.8568200000000026,0.26583833724340183,0.19959302419481584
concave_points_worst,0.09851,0.0,0.26868000000000003,0.11432005865102642,0.06632143433457975
symmetry_worst,0.2841,0.1676,0.48588000000000015,0.29035870967741934,0.05938341791495126
fractal_dimension_worst,0.07957,0.059944,0.14074,0.08354444574780058,0.016594466530320956
