,median
radius_mean,13.42
texture_mean,19.04
perimeter_mean,86.68
area_mean,553.5
smoothness_mean,0.095865
compactness_mean,0.09002
concavity_mean,0.05892
concave_points_mean,0.030765
symmetry_mean,0.1794
fractal_dimension_mean,0.06171
radius_se,0.3237
texture_se,1.108
perimeter_se,2.24
area_se,24.19
smoothness_se,0.006351
compactness_se,0.02003
concavity_se,0.02408
concave_points_se,0.01067
symmetry_se,0.01873
fractal_dimension_se,0.003053
radius_worst,15.14
texture_worst,25.47
perimeter_worst,97.9
area_worst,706.6
smoothness_worst,0.1312
compactness_worst,0.2116
concavity_worst,0.209
concave_points_worst,0.09851
symmetry_worst,0.2841
fractal_dimension_worst,0.07957
