family,representation,circuits,median,geometric_mean,p90,max,median_layer,ge4,ge10,lt1_5,peak_reduced,all_basis
arithmetic,lowered,22,2359295.9999999995,41775114.89018042,3.2482212312409776e+16,1.8446744073709552e+19,2359296.0,21,17,0,22,17
arithmetic,semantic,22,2359295.9999999995,41690036.29951198,3.2482212312409776e+16,1.8446744073709552e+19,2359296.0,21,17,0,22,17
bernstein_vazirani,lowered,15,1.4579439260457925,1.4405220108235486,1.481645774156791,1.5757575758168618,1.0232558139534866,0,0,14,0,0
bernstein_vazirani,semantic,15,1.4579439260457925,1.4405220108235486,1.481645774156791,1.5757575758168618,1.0232558139534866,0,0,14,0,0
clifford,lowered,4,1.4848314502298292,1.4450082354619371,1.7018962075848318,1.788423153692617,1.4139538523453914,0,0,2,0,0
clifford,semantic,4,1.5543087971274685,2.0711758978652597,4.129821943042932,5.210338092523501,1.4139538523453914,1,0,1,0,0
grover_oracle,lowered,17,1.266187050359748,1.345793468540461,1.8479908152810909,1.859154929595748,1.233493944524023,0,0,13,0,0
grover_oracle,semantic,17,1.266187050359748,1.239803287343837,1.304713958831032,1.306930693072316,1.233493944524023,0,0,17,0,0
hea,lowered,4,2.907964916439491,2.840161168454139,4.960538202819756,5.33420153019697,1.0,2,0,0,0,0
hea,semantic,4,2.907964916439491,2.840161168454139,4.960538202819756,5.33420153019697,1.0,2,0,0,0,0
hidden_linear_function,lowered,4,7.2040235668990675,7.496980199696161,8.942161237786591,9.558123124860906,1.0,4,0,0,0,0
hidden_linear_function,semantic,4,1.4530791789125699,1.4528905046194207,1.4563636363684147,1.4571428571452834,1.0,0,0,4,0,0
iqp,lowered,4,4.467949429963942,4.484163305436682,4.771776781834292,4.802275047455529,1.0,4,0,0,0,0
iqp,semantic,4,4.467949429963942,4.484163305436682,4.771776781834292,4.802275047455529,1.0,4,0,0,0,0
ising,lowered,4,10.451613042871852,6.946528465859946,13.85806451656183,14.709677419361755,1.0,3,2,1,0,0
ising,semantic,4,1.0944940476829021,1.0749785260812479,1.0958791208792382,1.096153846153851,1.0,0,0,4,0,0
mapping,lowered,12,163527.9238095238,7673280.050381042,912193961920827.9,6004799503160669.0,190126.41758241743,12,12,0,12,2
mapping,semantic,12,224621.0334026941,7151291.984085294,1338833580815784.5,5542891849071385.0,190126.41758241743,12,12,0,12,2
phase_estimation,lowered,7,2.088167053364271,1.9252256785984336,2.1797033896080125,2.2075522542753543,2.0,0,0,1,6,0
phase_estimation,semantic,7,2.088167053364271,1.9252256785984336,2.1797033896080125,2.2075522542753543,2.0,0,0,1,6,0
qaoa,lowered,12,10.363516010447936,7.673303123467119,23.08499859883389,23.368451256315087,1.0,9,6,1,0,0
qaoa,semantic,12,1.0413698323534804,1.0395361119661892,1.0443580263311516,1.0459366213388843,1.0,0,0,12,0,0
qec,lowered,2,1.4878317745995133,1.4308244745104353,1.814154032645021,1.895734597156398,1.003267973856209,0,0,1,0,0
qec,semantic,2,1.4934973199817159,1.421627461590386,1.859675073752438,1.9512195121951184,1.003267973856209,0,0,1,0,0
qft,lowered,16,13.832328452483516,11.511248346993737,24.250000000000014,32.01302931596081,16.500000002357396,13,12,0,0,0
qft,semantic,16,28.171428585102696,32.08493156055692,242.00000000046373,331.5000000000049,16.500000002357396,13,12,0,0,0
qram,lowered,1,1048576.0,1048576.0,1048576.0,1048576.0,1048576.0,1,1,0,1,1
qram,semantic,1,1048576.0,1048576.0,1048576.0,1048576.0,1048576.0,1,1,0,1,1
quantum_ml,lowered,9,45.35904207205685,14.40360253701255,51.85474649231246,52.988034862712695,1.0,6,6,2,0,0
quantum_ml,semantic,9,12.233330416680095,10.122265722430223,51.13879507658322,54.18743309294664,1.0,6,6,3,0,0
quantum_walk,lowered,1,1.0476190476190468,1.0476190476190468,1.0476190476190468,1.0476190476190468,1.0,0,0,1,0,0
quantum_walk,semantic,1,1.0476190476190468,1.0476190476190468,1.0476190476190468,1.0476190476190468,1.0,0,0,1,0,0
random,lowered,17,1.73965325591041,1.8400141464750137,4.260460126260506,8.58379743928347,1.0000000000000024,2,0,8,2,0
random,semantic,17,1.2432012432012411,1.832774137836005,4.583456729884445,10.995366624990815,1.0000000000000024,2,1,9,2,0
reversible,lowered,17,262144.0,1290735.5478069452,7374644389819194.0,1.1529215046068412e+18,262144.0,12,9,4,12,10
reversible,semantic,17,262144.0,1571096.5268870865,7374644389819194.0,1.1529215046068412e+18,262144.0,13,10,3,14,10
state_preparation,lowered,11,9.349189935609855,5.663913056957299,11.500001370907,20.00000000001821,1.0399999999999994,7,5,0,0,0
state_preparation,semantic,11,1.9032258065659655,3.2603474328965873,11.500001370907,20.00000000001821,1.0399999999999994,3,3,1,0,0
swap_test,lowered,2,10.000373540415884,9.708204834094083,11.92007849226613,12.40000473022869,1.0,2,1,0,0,0
swap_test,semantic,2,2.61449275865652,2.613232774626589,2.6794202908618217,2.695652173913147,1.0,0,0,0,0,0
unknown,lowered,20,5.132988292836545,4.2697174778549725,13.358620310159155,16.238123260314914,1.0,10,7,4,0,0
unknown,semantic,20,1.061843564330693,1.4158937915649172,2.6195652175129034,3.977834435107423,1.0,0,0,13,0,0
vqe,lowered,10,2.550130801095013,3.1724225815574214,8.754430396657042,9.278481017525776,1.09375,4,0,3,0,0
vqe,semantic,10,1.7032253554297805,2.926887851245551,8.754430396657042,9.278481017525776,1.09375,4,0,3,0,0
