family,representation,q_fraction_at_10pct,q_fraction_at_50pct,q_fraction_at_90pct
arithmetic,lowered,0.0,0.0,0.0
arithmetic,semantic,0.0,0.0,0.0
bernstein_vazirani,lowered,0.2857142857142857,1.0,1.0
bernstein_vazirani,semantic,0.2857142857142857,1.0,1.0
clifford,lowered,0.41208791208791207,0.9285714285714286,1.0
clifford,semantic,0.2744360902255639,0.7706766917293233,1.0
grover_oracle,lowered,0.42857142857142855,1.0,1.0
grover_oracle,semantic,0.42857142857142855,1.0,1.0
hea,lowered,0.225,0.675,1.0
hea,semantic,0.225,0.675,1.0
hidden_linear_function,lowered,0.21651785714285715,0.7321428571428572,0.9677083333333334
hidden_linear_function,semantic,0.2899159663865546,1.0,1.0
iqp,lowered,0.3341784989858012,0.7694497153700189,1.0
iqp,semantic,0.3341784989858012,0.7694497153700189,1.0
ising,lowered,0.15045248868778283,0.5339366515837104,0.9348739495798319
ising,semantic,1.0,1.0,1.0
mapping,lowered,0.0,0.05,0.13055555555555554
mapping,semantic,0.0,0.062037037037037036,0.11481481481481481
phase_estimation,lowered,0.975609756097561,0.975609756097561,0.975609756097561
phase_estimation,semantic,0.975609756097561,0.975609756097561,0.975609756097561
qaoa,lowered,0.19375,0.58125,0.959375
qaoa,semantic,1.0,1.0,1.0
qec,lowered,0.6000000000000001,0.9,1.0
qec,semantic,0.6,0.9,1.0
qft,lowered,0.2934002869440459,0.6885775862068966,0.9314263322884012
qft,semantic,0.07059800664451826,0.3224789915966387,0.7426470588235294
qram,lowered,0.0,0.0,0.0
qram,semantic,0.0,0.0,0.0
quantum_ml,lowered,0.16129032258064516,0.37037037037037035,0.7647058823529411
quantum_ml,semantic,0.36363636363636365,0.5098039215686274,0.9019607843137255
quantum_walk,lowered,0.5,1.0,1.0
quantum_walk,semantic,0.5,1.0,1.0
random,lowered,0.5625,1.0,1.0
random,semantic,0.45,1.0,1.0
reversible,lowered,0.0,0.0,0.0
reversible,semantic,0.0,0.0,0.0
state_preparation,lowered,0.14285714285714285,0.625,0.9333333333333333
state_preparation,semantic,0.16666666666666666,0.6666666666666666,1.0
swap_test,lowered,0.13317073170731708,0.6370731707317073,0.9434146341463414
swap_test,semantic,0.13317073170731708,0.7580487804878049,1.0
unknown,lowered,0.21474358974358976,0.6370731707317073,0.9897959183673469
unknown,semantic,1.0,1.0,1.0
vqe,lowered,0.2175925925925926,0.75,1.0
vqe,semantic,0.2175925925925926,0.8125,1.0
