representation,m,count,median,max,geometric_mean
lowered,16,86,4.798828505019122,1099511627776.0,46.992592188287446
lowered,18,86,3.9922027142017127,1099511627776.0,42.99501059644479
lowered,20,74,3.9767140118318247,1099511627776.0,29.188384533474547
lowered,22,71,3.87878786477613,1099511627776.0,24.604404738900666
lowered,24,68,3.6601307097674614,1099511627776.0,20.98776878877797
semantic,16,86,1.808910107164896,1099511627776.0,33.22704219404532
semantic,18,86,1.966882784848338,1099511627776.0,32.120439223020966
semantic,20,74,1.9947849445976422,1099511627776.0,20.842000721478133
semantic,22,71,1.979381440866378,1099511627776.0,18.480428472141078
semantic,24,68,1.9793814426908212,1099511627776.0,15.947765624978997
