workload_id,family,n,hash,system,status,repetitions,wall_time_s,algorithmic_total_bytes,proc_total_bytes,device_total_bytes,time_min_s,time_max_s,time_std_s,time_cv
cdkm_basis_20,cdkm_basis,20,ad6cef6d262fd64ccfa24c1362dd510b885034cbac839ce595ab03ba836d9755,GBSA reproduction,SOURCE_BLOCKED_NO_VERIFIABLE_GBSA_ALGORITHM_OR_ARTIFACT,0,NA,NA,NA,NA,NA,NA,NA,NA
cdkm_superposed_20,cdkm_superposed,20,e1db4372855039db1057c94931b87ee9cd4be44395e7e608426e056dc76ff400,GBSA reproduction,SOURCE_BLOCKED_NO_VERIFIABLE_GBSA_ALGORITHM_OR_ARTIFACT,0,NA,NA,NA,NA,NA,NA,NA,NA
comparator_20,comparator,20,54afcb76bd5d4971cb88ced3cbeed57fa5a2f64d85bbd95421c1dbd3d44c4b8a,GBSA reproduction,SOURCE_BLOCKED_NO_VERIFIABLE_GBSA_ALGORITHM_OR_ARTIFACT,0,NA,NA,NA,NA,NA,NA,NA,NA
qft_20,qft,20,25b12227c93736b616af32d6e647ceace65de3dc9b5cbabb7e32aa918163edea,GBSA reproduction,SOURCE_BLOCKED_NO_VERIFIABLE_GBSA_ALGORITHM_OR_ARTIFACT,0,NA,NA,NA,NA,NA,NA,NA,NA
qaoa_20,qaoa,20,978499d77c25807c00c69f5f4a80f8f77ccba074896d681ddd24fb7e818836ae,GBSA reproduction,SOURCE_BLOCKED_NO_VERIFIABLE_GBSA_ALGORITHM_OR_ARTIFACT,0,NA,NA,NA,NA,NA,NA,NA,NA
hea_20,hea,20,762500c4125ecf024ca71498ec91a2078f24637fd9cf1834ff1bd7601abdf0f2,GBSA reproduction,SOURCE_BLOCKED_NO_VERIFIABLE_GBSA_ALGORITHM_OR_ARTIFACT,0,NA,NA,NA,NA,NA,NA,NA,NA
grover_oracle_20,grover_oracle,20,4d74830c516953b381e45a641d9dde8a8aed81541a41a395fc5053144cff6e49,GBSA reproduction,SOURCE_BLOCKED_NO_VERIFIABLE_GBSA_ALGORITHM_OR_ARTIFACT,0,NA,NA,NA,NA,NA,NA,NA,NA
mcx_oracle_20,mcx_oracle,20,6f98db876ac08dc580831e1ec26b793941e5af2994d8294b45da25ff48986b44,GBSA reproduction,SOURCE_BLOCKED_NO_VERIFIABLE_GBSA_ALGORITHM_OR_ARTIFACT,0,NA,NA,NA,NA,NA,NA,NA,NA
cdkm_basis_22,cdkm_basis,22,7b74b05768b85d8c64e796e8665fe516550e06e6e2ae9f4cc14baa74b5988a4f,GBSA reproduction,SOURCE_BLOCKED_NO_VERIFIABLE_GBSA_ALGORITHM_OR_ARTIFACT,0,NA,NA,NA,NA,NA,NA,NA,NA
cdkm_superposed_22,cdkm_superposed,22,2f85de7c849c40e2a215afbf5712ccf11d79850cadef82eaab405d38a1c10fdd,GBSA reproduction,SOURCE_BLOCKED_NO_VERIFIABLE_GBSA_ALGORITHM_OR_ARTIFACT,0,NA,NA,NA,NA,NA,NA,NA,NA
comparator_22,comparator,22,d7b90b4ac78871a2818aed29a437738e99d8023ef464cc6babe5296c595d1c14,GBSA reproduction,SOURCE_BLOCKED_NO_VERIFIABLE_GBSA_ALGORITHM_OR_ARTIFACT,0,NA,NA,NA,NA,NA,NA,NA,NA
qft_22,qft,22,b08ca09f18596140c8a2b8c78bb6b07c69fb26ab999f2efa90d5ede3afe33018,GBSA reproduction,SOURCE_BLOCKED_NO_VERIFIABLE_GBSA_ALGORITHM_OR_ARTIFACT,0,NA,NA,NA,NA,NA,NA,NA,NA
qaoa_22,qaoa,22,7e8ef490f9d2e10f417de5f65d5022a77160b8129d679fd3e4b7192ec65aac8d,GBSA reproduction,SOURCE_BLOCKED_NO_VERIFIABLE_GBSA_ALGORITHM_OR_ARTIFACT,0,NA,NA,NA,NA,NA,NA,NA,NA
hea_22,hea,22,57d0cdf38519d15e99701db371847703e656e2feabc985ea7ac005a63637303d,GBSA reproduction,SOURCE_BLOCKED_NO_VERIFIABLE_GBSA_ALGORITHM_OR_ARTIFACT,0,NA,NA,NA,NA,NA,NA,NA,NA
grover_oracle_22,grover_oracle,22,2e7543b37549c7f32bf260017af64a267aa8cebb99606e0d3e336b14f7c621c4,GBSA reproduction,SOURCE_BLOCKED_NO_VERIFIABLE_GBSA_ALGORITHM_OR_ARTIFACT,0,NA,NA,NA,NA,NA,NA,NA,NA
mcx_oracle_22,mcx_oracle,22,973ca19fe97b4a7d7bbc64e94de22a87f428c55640f324735cc7e2bbdc7c3c29,GBSA reproduction,SOURCE_BLOCKED_NO_VERIFIABLE_GBSA_ALGORITHM_OR_ARTIFACT,0,NA,NA,NA,NA,NA,NA,NA,NA
cdkm_basis_24,cdkm_basis,24,4a1d57daf79bbe12b6c94f2ec5c4e3b6a421460a255a3501e3db9bfcee97c1a9,GBSA reproduction,SOURCE_BLOCKED_NO_VERIFIABLE_GBSA_ALGORITHM_OR_ARTIFACT,0,NA,NA,NA,NA,NA,NA,NA,NA
cdkm_superposed_24,cdkm_superposed,24,9797d7bd092a67d5fdecd2c02b172c9b3ffd3ecc82fc96461a694b1f5501dad8,GBSA reproduction,SOURCE_BLOCKED_NO_VERIFIABLE_GBSA_ALGORITHM_OR_ARTIFACT,0,NA,NA,NA,NA,NA,NA,NA,NA
comparator_24,comparator,24,67d8afa178f8c08a95dd6aaebbd4f3d93bab109c63272fd8052e8ebf56495c44,GBSA reproduction,SOURCE_BLOCKED_NO_VERIFIABLE_GBSA_ALGORITHM_OR_ARTIFACT,0,NA,NA,NA,NA,NA,NA,NA,NA
qft_24,qft,24,3448bee7b25584e6e5903a416d3c09f18881ba3823414729934edfdb7a6c29fe,GBSA reproduction,SOURCE_BLOCKED_NO_VERIFIABLE_GBSA_ALGORITHM_OR_ARTIFACT,0,NA,NA,NA,NA,NA,NA,NA,NA
qaoa_24,qaoa,24,13b2af70997bcb7ed1959ed612b6cc52a491f5c2bc5343cf98d961ab0dc3dac7,GBSA reproduction,SOURCE_BLOCKED_NO_VERIFIABLE_GBSA_ALGORITHM_OR_ARTIFACT,0,NA,NA,NA,NA,NA,NA,NA,NA
hea_24,hea,24,3d5dc591cad7234ef8a5591207518b7ca596df4a35d0e510a34d2f8323161d9b,GBSA reproduction,SOURCE_BLOCKED_NO_VERIFIABLE_GBSA_ALGORITHM_OR_ARTIFACT,0,NA,NA,NA,NA,NA,NA,NA,NA
grover_oracle_24,grover_oracle,24,770aa65972b7220d4cf641d5d90c30feab0924b19771e00fc1d5c58d1ea112c9,GBSA reproduction,SOURCE_BLOCKED_NO_VERIFIABLE_GBSA_ALGORITHM_OR_ARTIFACT,0,NA,NA,NA,NA,NA,NA,NA,NA
mcx_oracle_24,mcx_oracle,24,6ecf9d3eecb64d98754179ec6afc79d74a674a35ac2c06538d7d5ec19df8d75d,GBSA reproduction,SOURCE_BLOCKED_NO_VERIFIABLE_GBSA_ALGORITHM_OR_ARTIFACT,0,NA,NA,NA,NA,NA,NA,NA,NA
