workload_id,family,n,system,repetitions,wall_time_s,user_cpu_s,system_cpu_s,algorithmic_read_bytes,algorithmic_write_bytes,algorithmic_total_bytes,proc_total_bytes,proc_read_bytes,proc_write_bytes,proc_cancelled_write_bytes,proc_write_minus_cancelled_bytes,device_total_bytes,device_read_bytes,device_write_bytes,peak_rss_bytes,compute_unit_count,state_traversals,gbsa_gate_blocks,gbsa_swap_passes,gbsa_swap_count,gbsa_search_s,gbsa_swap_s,sync_time_s,time_min_s,time_max_s,time_std_s,time_cv
cdkm_basis_20,cdkm_basis,20,GBSA reproduction,3,1.8273671279894188,1.214478,0.312936,83886080.0,100663296.0,184549376.0,106954752.0,0.0,106954752.0,17825792.0,89128960.0,89665536.0,0.0,89645056.0,177844224.0,80.0,5.0,3.0,2.0,8.0,0.0005520890117622,0.3305826849828008,0.3388203140057158,1.7904481000150554,1.871623028011527,0.04064268742871833,0.022211391512151762
cdkm_superposed_20,cdkm_superposed,20,GBSA reproduction,3,1.801959156000521,1.218346,0.281308,83886080.0,100663296.0,184549376.0,106954752.0,0.0,106954752.0,17825792.0,89128960.0,89513984.0,0.0,89513984.0,178028544.0,80.0,5.0,3.0,2.0,8.0,0.0005691649857908,0.3240975239896215,0.3495067069889046,1.801723476004554,1.8730208699998911,0.04109570361184389,0.02251118958519436
comparator_20,comparator,20,GBSA reproduction,3,1.859131786011858,1.326036,0.1951079999999999,83886080.0,100663296.0,184549376.0,106954752.0,0.0,106954752.0,17825792.0,89128960.0,89497600.0,0.0,89497600.0,178282496.0,80.0,5.0,3.0,2.0,8.0,0.0005749199772253,0.2987833679944742,0.3358156770118512,1.8506114060000984,1.861941526003648,0.005900044260583843,0.0031768008560354357
grover_oracle_20,grover_oracle,20,GBSA reproduction,3,21.73875223301002,18.986814000000003,2.5308,1073741824.0,1090519040.0,2164260864.0,1158684672.0,8192.0,1158676480.0,17825792.0,1140850688.0,1145208832.0,65536.0,1143975936.0,196800512.0,1024.0,64.0,28.0,36.0,78.0,0.0397427790157962,4.940062785899499,0.3334740790014621,21.56873666698812,22.48824310099008,0.4892398757334777,0.022307216327928214
hea_20,hea,20,GBSA reproduction,3,1.334154743992258,0.8526119999999999,0.1488429999999999,50331648.0,67108864.0,117440512.0,71303168.0,0.0,71303168.0,17825792.0,53477376.0,53780480.0,0.0,53772288.0,173076480.0,48.0,3.0,2.0,1.0,4.0,0.0003796160162892,0.1537183629989158,0.3389272839995101,1.327148971002316,1.3993568840087391,0.039821230975989344,0.029419768043970562
mcx_oracle_20,mcx_oracle,20,GBSA reproduction,3,17.074211211991496,15.085279,1.793465,704643072.0,721420288.0,1426063360.0,766509056.0,0.0,766509056.0,17825792.0,748683264.0,750407680.0,4096.0,750370816.0,197283840.0,672.0,42.0,20.0,22.0,51.0,0.0298890749982092,3.0377982819918543,0.3422161799971945,17.06815178299439,17.582235011010198,0.2950724381052662,0.017114049184358694
qaoa_20,qaoa,20,GBSA reproduction,3,2.1094674000050877,1.407911,0.3524079999999999,134217728.0,150994944.0,285212672.0,160432128.0,0.0,160432128.0,17825792.0,142606336.0,142983168.0,73728.0,142909440.0,180797440.0,128.0,8.0,4.0,4.0,12.0,0.0006057579885236,0.5619091879925691,0.3428130889951717,2.077192611002829,2.120689419010887,0.02258158550160101,0.010740606217626516
qft_20,qft,20,GBSA reproduction,3,3.1244331120105926,2.5531399999999995,0.2719209999999999,100663296.0,117440512.0,218103808.0,124780544.0,0.0,124780544.0,17825792.0,106954752.0,107249664.0,0.0,107249664.0,182243328.0,96.0,6.0,3.0,3.0,12.0,0.001813000999391,0.4325508379843086,0.3396168070030398,3.098376814014045,3.159522631991422,0.030683915802616594,0.00981117934571641
cdkm_basis_22,cdkm_basis,22,GBSA reproduction,3,8.417240568000125,5.760174999999999,1.4918010000000002,469762048.0,536870912.0,1006632960.0,570425344.0,0.0,570425344.0,71303168.0,499122176.0,500154368.0,0.0,500154368.0,186023936.0,448.0,7.0,3.0,4.0,12.0,0.0006210389838088,2.3932726289785933,1.2444617879809812,8.348470607976196,8.586108443996636,0.12228205650172293,0.014470210620154298
cdkm_superposed_22,cdkm_superposed,22,GBSA reproduction,3,8.629972566996003,5.885835,1.60653,469762048.0,536870912.0,1006632960.0,570425344.0,0.0,570425344.0,71303168.0,499122176.0,500793344.0,0.0,500793344.0,186028032.0,448.0,7.0,3.0,4.0,12.0,0.0006422429869417,2.5253679450252093,1.1435988229932263,8.448402362992056,8.726202824007487,0.14106800811837608,0.01640034680627936
comparator_22,comparator,22,GBSA reproduction,3,8.705074844008777,6.371229,1.205951,469762048.0,536870912.0,1006632960.0,570433536.0,8192.0,570425344.0,71303168.0,499122176.0,501366784.0,8192.0,501358592.0,187154432.0,448.0,7.0,3.0,4.0,12.0,0.0006516889843624,2.248340038000606,1.1489639960054774,8.54500805301359,9.497365162998904,0.5099557811033805,0.057196759103041124
grover_oracle_22,grover_oracle,22,GBSA reproduction,3,142.08634791098302,113.531125,22.811078,9328132096.0,9395240960.0,18723373056.0,9982517248.0,73728.0,9982443520.0,71303168.0,9911140352.0,9931902976.0,114688.0,9929404416.0,336621568.0,8896.0,139.0,52.0,87.0,213.0,0.1159245540038682,52.04892593008117,1.2405826649919618,141.9617252140015,143.76816135502304,1.008896989187162,0.007074745471593195
hea_22,hea,22,GBSA reproduction,3,5.992492671997752,4.000149,0.848352,268435456.0,335544320.0,603979776.0,356515840.0,0.0,356515840.0,71303168.0,285212672.0,286162944.0,4096.0,286158848.0,181932032.0,256.0,4.0,2.0,2.0,6.0,0.0003880629956256,1.184268326003803,1.1837772429862523,5.940495950984769,6.017874701996334,0.03944485084913021,0.006592137124832686
mcx_oracle_22,mcx_oracle,22,GBSA reproduction,3,120.30739589501172,97.553883,18.632814,7784628224.0,7851737088.0,15636365312.0,8342528000.0,57344.0,8342470656.0,71303168.0,8271167488.0,8288870400.0,655360.0,8287948800.0,323502080.0,7424.0,116.0,44.0,72.0,170.0,0.0877430450054816,42.60699541107169,1.237323899025796,115.65402307899784,121.9407138240058,3.262005685294433,0.02734271790832302
qaoa_22,qaoa,22,GBSA reproduction,3,12.525168437015964,8.78498,2.490592,1006632960.0,1073741824.0,2080374784.0,1140854784.0,4096.0,1140850688.0,71303168.0,1069547520.0,1071427584.0,4096.0,1071423488.0,198512640.0,960.0,15.0,5.0,10.0,24.0,0.0006455559923779,5.638684303994523,1.28995180898346,12.290057899983369,12.578296861000126,0.15339561744435856,0.012306592505241538
qft_22,qft,22,GBSA reproduction,3,17.788858665997395,14.497778,2.159747,872415232.0,939524096.0,1811939328.0,998248448.0,4096.0,998244352.0,71303168.0,926941184.0,929357824.0,8192.0,929349632.0,201957376.0,832.0,13.0,4.0,9.0,24.0,0.002431215980323,4.988710704026744,1.253866612998536,17.631178045005072,18.11410484899534,0.24626089004803783,0.013800215126567983
cdkm_basis_24,cdkm_basis,24,GBSA reproduction,3,35.99209291298757,26.299051,5.44056,2147483648.0,2415919104.0,4563402752.0,2566934528.0,20480.0,2566914048.0,285212672.0,2281701376.0,2291159040.0,20480.0,2291138560.0,216940544.0,2048.0,8.0,3.0,5.0,16.0,0.0006872060184832,11.614659097976984,4.443536578997737,35.878807567001786,36.58899451099569,0.38155178389028727,0.010553719895874905
cdkm_superposed_24,cdkm_superposed,24,GBSA reproduction,3,37.55149573198287,27.089487,5.574015,2147483648.0,2415919104.0,4563402752.0,2566938624.0,24576.0,2566914048.0,285212672.0,2281701376.0,2291728384.0,24576.0,2291716096.0,215838720.0,2048.0,8.0,3.0,5.0,16.0,0.0007701769936829,11.634712915983982,4.5160475189914,36.70629474299494,38.55436953698518,0.9251577365264109,0.024602606751656132
comparator_24,comparator,24,GBSA reproduction,3,46.01684970600763,32.395212,9.121916,2684354560.0,2952790016.0,5637144576.0,3137363968.0,24576.0,3137339392.0,285212672.0,2852126720.0,2867982336.0,28672.0,2867965952.0,226734080.0,2560.0,10.0,4.0,6.0,19.0,0.0008431510068476,15.672103235992836,4.407234453014098,45.482755212986376,46.150813332002144,0.3534366588579716,0.007702918669237255
grover_oracle_24,grover_oracle,24,GBSA reproduction,3,780.4704421490023,607.319454,155.25493899999998,59592671232.0,59861106688.0,119453777920.0,63602970624.0,544768.0,63602425856.0,285212672.0,63317213184.0,63547777024.0,933888.0,63546843136.0,405270528.0,56832.0,222.0,63.0,159.0,426.0,0.1804209320107475,386.1344589379733,4.343486200988991,778.3192501019803,784.5012942859903,3.1382868592721973,0.004017794047733833
hea_24,hea,24,GBSA reproduction,3,25.031240109994545,17.109199,3.516652,1073741824.0,1342177280.0,2415919104.0,1426071552.0,8192.0,1426063360.0,285212672.0,1140850688.0,1146466304.0,12288.0,1146454016.0,194965504.0,1024.0,4.0,2.0,2.0,8.0,0.000471675011795,4.882795077981427,4.540840715984814,24.80510880300426,25.613201266998654,0.4168987860035153,0.01657659131203303
mcx_oracle_24,mcx_oracle,24,GBSA reproduction,3,691.1101435250021,532.3908729999999,132.691096,51808043008.0,52076478464.0,103884521472.0,55331672064.0,413696.0,55331258368.0,285212672.0,55046045696.0,55398981632.0,1900544.0,55398350848.0,408707072.0,49408.0,193.0,55.0,138.0,368.0,0.1302146720117889,342.6355155616766,4.281501175020821,678.7231508060067,693.7401953930093,8.019417991941765,0.011658539952964234
qaoa_24,qaoa,24,GBSA reproduction,3,54.17965753900353,39.321091,10.512364000000002,4294967296.0,4563402752.0,8858370048.0,4848656384.0,40960.0,4848615424.0,285212672.0,4563402752.0,4579909632.0,40960.0,4579545088.0,259764224.0,4096.0,16.0,5.0,11.0,32.0,0.0006827290053479,26.0366794319998,4.420652421016712,53.43992384200101,55.14407949100132,0.8545429694672984,0.015750622065559723
qft_24,qft,24,GBSA reproduction,3,81.16930009800126,65.65037500000001,9.402054,3489660928.0,3758096384.0,7247757312.0,3992997888.0,20480.0,3992977408.0,285212672.0,3707764736.0,3726163968.0,28672.0,3726135296.0,249311232.0,3328.0,13.0,4.0,9.0,32.0,0.0029675900004804,22.12319321394898,4.736869435990229,79.22495568302111,82.01075144499191,1.4288208192323821,0.017683060703859645
